1,1,UPDATE,product_variants,14,"{'"id'": 14, '"sku'": '"B12-AS-12-34.5-24'", '"price'": '"310.00'", '"depth_in'": '"24.00'", '"width_in'": '"12.00'", '"finish_id'": 3, '"height_in'": '"34.50'", '"created_at'": '"2026-06-23T18:17:58.032Z'", '"created_by'": null, '"deleted_at'": null, '"product_id'": 7, '"updated_at'": '"2026-06-24T15:42:02.120Z'", '"updated_by'": null, '"stock_status'": '"in_stock'"}","{'"id'": 14, '"sku'": '"B12-AS-12-34.5-24'", '"price'": '"330.00'", '"depth_in'": '"24.00'", '"width_in'": '"12.00'", '"finish_id'": 3, '"height_in'": '"34.50'", '"created_at'": '"2026-06-23T18:17:58.032Z'", '"created_by'": null, '"deleted_at'": null, '"product_id'": 7, '"updated_at'": '"2026-06-24T15:52:01.670Z'", '"updated_by'": 1, '"stock_status'": '"in_stock'"}",2026-06-24 10:52:01.670489-05,,
2,1,UPDATE,products,7,"{'"id'": 7, '"sku'": '"B12'", '"name'": '"B12'", '"image_url'": '"/uploads/products/13c1443f-ec9b-4cc1-9fc0-dcfe34619c2c.png'", '"created_at'": '"2026-06-20T21:09:11.370Z'", '"created_by'": null, '"deleted_at'": null, '"updated_at'": '"2026-06-24T15:42:02.120Z'", '"updated_by'": null, '"description'": '"1 Door & 1 Drawer - 12\'"W x 34-1/2\'"H x 24\'"D'", '"sub_category_id'": 3}","{'"id'": 7, '"sku'": '"B12'", '"name'": '"B12'", '"image_url'": '"/uploads/products/13c1443f-ec9b-4cc1-9fc0-dcfe34619c2c.png'", '"created_at'": '"2026-06-20T21:09:11.370Z'", '"created_by'": null, '"deleted_at'": null, '"updated_at'": '"2026-06-24T15:52:01.670Z'", '"updated_by'": 1, '"description'": '"1 Door & 1 Drawer - 12\'"W x 34-1/2\'"H x 24\'"D'", '"sub_category_id'": 3}",2026-06-24 10:52:01.670489-05,,
4,1,RESTORE,door_finishes,1,"{'"id'": 1, '"name'": '"White Shaker'", '"slug'": '"white-shaker'", '"is_active'": false, '"created_at'": '"2026-06-22T16:23:34.677Z'", '"created_by'": null, '"deleted_at'": null, '"sort_order'": 1, '"updated_at'": '"2026-06-24T15:55:00.437Z'", '"updated_by'": 1, '"description'": null, '"sample_image_url'": '"/uploads/products/b2bb68fd-6d18-4457-bcee-05e7e89260d0.png'"}","{'"id'": 1, '"name'": '"White Shaker'", '"slug'": '"white-shaker'", '"is_active'": true, '"created_at'": '"2026-06-22T16:23:34.677Z'", '"created_by'": null, '"deleted_at'": null, '"sort_order'": 1, '"updated_at'": '"2026-06-24T15:58:47.073Z'", '"updated_by'": 1, '"description'": null, '"sample_image_url'": '"/uploads/products/b2bb68fd-6d18-4457-bcee-05e7e89260d0.png'"}",2026-06-24 10:58:47.073477-05,,
3,1,UPDATE,door_finishes,1,"{'"id'": 1, '"name'": '"White Shaker'", '"slug'": '"white-shaker'", '"is_active'": true, '"created_at'": '"2026-06-22T16:23:34.677Z'", '"created_by'": null, '"deleted_at'": null, '"sort_order'": 1, '"updated_at'": '"2026-06-22T16:38:54.881Z'", '"updated_by'": null, '"description'": null, '"sample_image_url'": '"/uploads/products/b2bb68fd-6d18-4457-bcee-05e7e89260d0.png'"}","{'"id'": 1, '"name'": '"White Shaker'", '"slug'": '"white-shaker'", '"is_active'": false, '"created_at'": '"2026-06-22T16:23:34.677Z'", '"created_by'": null, '"deleted_at'": null, '"sort_order'": 1, '"updated_at'": '"2026-06-24T15:55:00.437Z'", '"updated_by'": 1, '"description'": null, '"sample_image_url'": '"/uploads/products/b2bb68fd-6d18-4457-bcee-05e7e89260d0.png'"}",2026-06-24 10:55:00.437957-05,2026-06-24 10:58:47.073477-05,1
5,1,UPDATE,door_finishes,1,"{'"id'": 1, '"name'": '"White Shaker'", '"slug'": '"white-shaker'", '"is_active'": true, '"created_at'": '"2026-06-22T16:23:34.677Z'", '"created_by'": null, '"deleted_at'": null, '"sort_order'": 1, '"updated_at'": '"2026-06-24T15:58:47.073Z'", '"updated_by'": 1, '"description'": null, '"sample_image_url'": '"/uploads/products/b2bb68fd-6d18-4457-bcee-05e7e89260d0.png'"}","{'"id'": 1, '"name'": '"White Shaker'", '"slug'": '"white-shaker'", '"is_active'": false, '"created_at'": '"2026-06-22T16:23:34.677Z'", '"created_by'": null, '"deleted_at'": null, '"sort_order'": 1, '"updated_at'": '"2026-06-24T16:01:06.329Z'", '"updated_by'": 1, '"description'": null, '"sample_image_url'": '"/uploads/products/b2bb68fd-6d18-4457-bcee-05e7e89260d0.png'"}",2026-06-24 11:01:06.329664-05,,
6,1,UPDATE,door_finishes,1,"{'"id'": 1, '"name'": '"White Shaker'", '"slug'": '"white-shaker'", '"is_active'": false, '"created_at'": '"2026-06-22T16:23:34.677Z'", '"created_by'": null, '"deleted_at'": null, '"sort_order'": 1, '"updated_at'": '"2026-06-24T16:01:06.329Z'", '"updated_by'": 1, '"description'": null, '"sample_image_url'": '"/uploads/products/b2bb68fd-6d18-4457-bcee-05e7e89260d0.png'"}","{'"id'": 1, '"name'": '"White Shaker'", '"slug'": '"white-shaker'", '"is_active'": true, '"created_at'": '"2026-06-22T16:23:34.677Z'", '"created_by'": null, '"deleted_at'": null, '"sort_order'": 1, '"updated_at'": '"2026-06-24T16:01:07.902Z'", '"updated_by'": 1, '"description'": null, '"sample_image_url'": '"/uploads/products/b2bb68fd-6d18-4457-bcee-05e7e89260d0.png'"}",2026-06-24 11:01:07.902862-05,,
7,1,UPDATE,door_finishes,1,"{'"id'": 1, '"name'": '"White Shaker'", '"slug'": '"white-shaker'", '"is_active'": true, '"created_at'": '"2026-06-22T16:23:34.677Z'", '"created_by'": null, '"deleted_at'": null, '"sort_order'": 1, '"updated_at'": '"2026-06-24T16:01:07.902Z'", '"updated_by'": 1, '"description'": null, '"sample_image_url'": '"/uploads/products/b2bb68fd-6d18-4457-bcee-05e7e89260d0.png'"}","{'"id'": 1, '"name'": '"White Shaker'", '"slug'": '"white-shaker'", '"is_active'": false, '"created_at'": '"2026-06-22T16:23:34.677Z'", '"created_by'": null, '"deleted_at'": null, '"sort_order'": 1, '"updated_at'": '"2026-06-24T16:05:20.656Z'", '"updated_by'": 1, '"description'": null, '"sample_image_url'": '"/uploads/products/b2bb68fd-6d18-4457-bcee-05e7e89260d0.png'"}",2026-06-24 11:05:20.656083-05,,
8,1,UPDATE,door_finishes,1,"{'"id'": 1, '"name'": '"White Shaker'", '"slug'": '"white-shaker'", '"is_active'": false, '"created_at'": '"2026-06-22T16:23:34.677Z'", '"created_by'": null, '"deleted_at'": null, '"sort_order'": 1, '"updated_at'": '"2026-06-24T16:05:20.656Z'", '"updated_by'": 1, '"description'": null, '"sample_image_url'": '"/uploads/products/b2bb68fd-6d18-4457-bcee-05e7e89260d0.png'"}","{'"id'": 1, '"name'": '"White Shaker'", '"slug'": '"white-shaker'", '"is_active'": true, '"created_at'": '"2026-06-22T16:23:34.677Z'", '"created_by'": null, '"deleted_at'": null, '"sort_order'": 1, '"updated_at'": '"2026-06-24T16:05:25.886Z'", '"updated_by'": 1, '"description'": null, '"sample_image_url'": '"/uploads/products/b2bb68fd-6d18-4457-bcee-05e7e89260d0.png'"}",2026-06-24 11:05:25.886271-05,,
9,1,UPDATE,door_finishes,1,"{'"id'": 1, '"name'": '"White Shaker'", '"slug'": '"white-shaker'", '"is_active'": true, '"created_at'": '"2026-06-22T16:23:34.677Z'", '"created_by'": null, '"deleted_at'": null, '"sort_order'": 1, '"updated_at'": '"2026-06-24T16:05:25.886Z'", '"updated_by'": 1, '"description'": null, '"sample_image_url'": '"/uploads/products/b2bb68fd-6d18-4457-bcee-05e7e89260d0.png'"}","{'"id'": 1, '"name'": '"White Shaker'", '"slug'": '"white-shaker'", '"is_active'": false, '"created_at'": '"2026-06-22T16:23:34.677Z'", '"created_by'": null, '"deleted_at'": null, '"sort_order'": 1, '"updated_at'": '"2026-06-24T16:05:27.555Z'", '"updated_by'": 1, '"description'": null, '"sample_image_url'": '"/uploads/products/b2bb68fd-6d18-4457-bcee-05e7e89260d0.png'"}",2026-06-24 11:05:27.555059-05,,
10,1,UPDATE,door_finishes,1,"{'"id'": 1, '"name'": '"White Shaker'", '"slug'": '"white-shaker'", '"is_active'": false, '"created_at'": '"2026-06-22T16:23:34.677Z'", '"created_by'": null, '"deleted_at'": null, '"sort_order'": 1, '"updated_at'": '"2026-06-24T16:05:27.555Z'", '"updated_by'": 1, '"description'": null, '"sample_image_url'": '"/uploads/products/b2bb68fd-6d18-4457-bcee-05e7e89260d0.png'"}","{'"id'": 1, '"name'": '"White Shaker'", '"slug'": '"white-shaker'", '"is_active'": true, '"created_at'": '"2026-06-22T16:23:34.677Z'", '"created_by'": null, '"deleted_at'": null, '"sort_order'": 1, '"updated_at'": '"2026-06-24T16:05:28.706Z'", '"updated_by'": 1, '"description'": null, '"sample_image_url'": '"/uploads/products/b2bb68fd-6d18-4457-bcee-05e7e89260d0.png'"}",2026-06-24 11:05:28.706609-05,,
12,1,UPDATE,door_finishes,1,"{'"id'": 1, '"name'": '"White Shaker'", '"slug'": '"white-shaker'", '"is_active'": false, '"created_at'": '"2026-06-22T16:23:34.677Z'", '"created_by'": null, '"deleted_at'": null, '"sort_order'": 1, '"updated_at'": '"2026-06-24T16:05:29.702Z'", '"updated_by'": 1, '"description'": null, '"sample_image_url'": '"/uploads/products/b2bb68fd-6d18-4457-bcee-05e7e89260d0.png'"}","{'"id'": 1, '"name'": '"White Shaker'", '"slug'": '"white-shaker'", '"is_active'": true, '"created_at'": '"2026-06-22T16:23:34.677Z'", '"created_by'": null, '"deleted_at'": null, '"sort_order'": 1, '"updated_at'": '"2026-06-24T16:05:30.747Z'", '"updated_by'": 1, '"description'": null, '"sample_image_url'": '"/uploads/products/b2bb68fd-6d18-4457-bcee-05e7e89260d0.png'"}",2026-06-24 11:05:30.747127-05,,
11,1,UPDATE,door_finishes,1,"{'"id'": 1, '"name'": '"White Shaker'", '"slug'": '"white-shaker'", '"is_active'": true, '"created_at'": '"2026-06-22T16:23:34.677Z'", '"created_by'": null, '"deleted_at'": null, '"sort_order'": 1, '"updated_at'": '"2026-06-24T16:05:28.706Z'", '"updated_by'": 1, '"description'": null, '"sample_image_url'": '"/uploads/products/b2bb68fd-6d18-4457-bcee-05e7e89260d0.png'"}","{'"id'": 1, '"name'": '"White Shaker'", '"slug'": '"white-shaker'", '"is_active'": false, '"created_at'": '"2026-06-22T16:23:34.677Z'", '"created_by'": null, '"deleted_at'": null, '"sort_order'": 1, '"updated_at'": '"2026-06-24T16:05:29.702Z'", '"updated_by'": 1, '"description'": null, '"sample_image_url'": '"/uploads/products/b2bb68fd-6d18-4457-bcee-05e7e89260d0.png'"}",2026-06-24 11:05:29.702688-05,,
13,1,UPDATE,door_finishes,1,"{'"id'": 1, '"name'": '"White Shaker'", '"slug'": '"white-shaker'", '"is_active'": true, '"created_at'": '"2026-06-22T16:23:34.677Z'", '"created_by'": null, '"deleted_at'": null, '"sort_order'": 1, '"updated_at'": '"2026-06-24T16:05:30.747Z'", '"updated_by'": 1, '"description'": null, '"sample_image_url'": '"/uploads/products/b2bb68fd-6d18-4457-bcee-05e7e89260d0.png'"}","{'"id'": 1, '"name'": '"White Shaker'", '"slug'": '"white-shaker'", '"is_active'": false, '"created_at'": '"2026-06-22T16:23:34.677Z'", '"created_by'": null, '"deleted_at'": null, '"sort_order'": 1, '"updated_at'": '"2026-06-24T16:05:55.958Z'", '"updated_by'": 1, '"description'": null, '"sample_image_url'": '"/uploads/products/b2bb68fd-6d18-4457-bcee-05e7e89260d0.png'"}",2026-06-24 11:05:55.958646-05,,
14,1,UPDATE,door_finishes,1,"{'"id'": 1, '"name'": '"White Shaker'", '"slug'": '"white-shaker'", '"is_active'": false, '"created_at'": '"2026-06-22T16:23:34.677Z'", '"created_by'": null, '"deleted_at'": null, '"sort_order'": 1, '"updated_at'": '"2026-06-24T16:05:55.958Z'", '"updated_by'": 1, '"description'": null, '"sample_image_url'": '"/uploads/products/b2bb68fd-6d18-4457-bcee-05e7e89260d0.png'"}","{'"id'": 1, '"name'": '"White Shaker'", '"slug'": '"white-shaker'", '"is_active'": true, '"created_at'": '"2026-06-22T16:23:34.677Z'", '"created_by'": null, '"deleted_at'": null, '"sort_order'": 1, '"updated_at'": '"2026-06-24T16:05:56.234Z'", '"updated_by'": 1, '"description'": null, '"sample_image_url'": '"/uploads/products/b2bb68fd-6d18-4457-bcee-05e7e89260d0.png'"}",2026-06-24 11:05:56.234307-05,,
15,1,UPDATE,door_finishes,1,"{'"id'": 1, '"name'": '"White Shaker'", '"slug'": '"white-shaker'", '"is_active'": true, '"created_at'": '"2026-06-22T16:23:34.677Z'", '"created_by'": null, '"deleted_at'": null, '"sort_order'": 1, '"updated_at'": '"2026-06-24T16:05:56.234Z'", '"updated_by'": 1, '"description'": null, '"sample_image_url'": '"/uploads/products/b2bb68fd-6d18-4457-bcee-05e7e89260d0.png'"}","{'"id'": 1, '"name'": '"White Shaker'", '"slug'": '"white-shaker'", '"is_active'": false, '"created_at'": '"2026-06-22T16:23:34.677Z'", '"created_by'": null, '"deleted_at'": null, '"sort_order'": 1, '"updated_at'": '"2026-06-24T16:05:56.781Z'", '"updated_by'": 1, '"description'": null, '"sample_image_url'": '"/uploads/products/b2bb68fd-6d18-4457-bcee-05e7e89260d0.png'"}",2026-06-24 11:05:56.781061-05,,
16,1,UPDATE,door_finishes,1,"{'"id'": 1, '"name'": '"White Shaker'", '"slug'": '"white-shaker'", '"is_active'": false, '"created_at'": '"2026-06-22T16:23:34.677Z'", '"created_by'": null, '"deleted_at'": null, '"sort_order'": 1, '"updated_at'": '"2026-06-24T16:05:56.781Z'", '"updated_by'": 1, '"description'": null, '"sample_image_url'": '"/uploads/products/b2bb68fd-6d18-4457-bcee-05e7e89260d0.png'"}","{'"id'": 1, '"name'": '"White Shaker'", '"slug'": '"white-shaker'", '"is_active'": true, '"created_at'": '"2026-06-22T16:23:34.677Z'", '"created_by'": null, '"deleted_at'": null, '"sort_order'": 1, '"updated_at'": '"2026-06-24T16:07:01.414Z'", '"updated_by'": 1, '"description'": null, '"sample_image_url'": '"/uploads/products/b2bb68fd-6d18-4457-bcee-05e7e89260d0.png'"}",2026-06-24 11:07:01.414761-05,,
17,1,UPDATE,door_finishes,1,"{'"id'": 1, '"name'": '"White Shaker'", '"slug'": '"white-shaker'", '"is_active'": true, '"created_at'": '"2026-06-22T16:23:34.677Z'", '"created_by'": null, '"deleted_at'": null, '"sort_order'": 1, '"updated_at'": '"2026-06-24T16:07:01.414Z'", '"updated_by'": 1, '"description'": null, '"sample_image_url'": '"/uploads/products/b2bb68fd-6d18-4457-bcee-05e7e89260d0.png'"}","{'"id'": 1, '"name'": '"White Shaker'", '"slug'": '"white-shaker'", '"is_active'": false, '"created_at'": '"2026-06-22T16:23:34.677Z'", '"created_by'": null, '"deleted_at'": null, '"sort_order'": 1, '"updated_at'": '"2026-06-24T16:10:22.491Z'", '"updated_by'": 1, '"description'": null, '"sample_image_url'": '"/uploads/products/b2bb68fd-6d18-4457-bcee-05e7e89260d0.png'"}",2026-06-24 11:10:22.491957-05,,
19,1,RESTORE,door_finishes,15,"{'"id'": 15, '"name'": '"Fairy Green Shaker'", '"slug'": '"fairy-green-shaker'", '"is_active'": true, '"created_at'": '"2026-06-23T21:21:26.436Z'", '"created_by'": null, '"deleted_at'": '"2026-06-24T16:25:27.678Z'", '"sort_order'": 10, '"updated_at'": '"2026-06-24T16:25:27.678Z'", '"updated_by'": 1, '"description'": null, '"sample_image_url'": '"/uploads/products/9cb11146-9e9e-4e8c-8942-de500e360917.png'"}","{'"id'": 15, '"name'": '"Fairy Green Shaker'", '"slug'": '"fairy-green-shaker'", '"is_active'": true, '"created_at'": '"2026-06-23T21:21:26.436Z'", '"created_by'": null, '"deleted_at'": null, '"sort_order'": 10, '"updated_at'": '"2026-06-24T16:25:34.518Z'", '"updated_by'": 1, '"description'": null, '"sample_image_url'": '"/uploads/products/9cb11146-9e9e-4e8c-8942-de500e360917.png'"}",2026-06-24 11:25:34.518923-05,,
18,1,SOFT_DELETE,door_finishes,15,"{'"id'": 15, '"name'": '"Fairy Green Shaker'", '"slug'": '"fairy-green-shaker'", '"is_active'": true, '"created_at'": '"2026-06-23T21:21:26.436Z'", '"created_by'": null, '"deleted_at'": null, '"sort_order'": 10, '"updated_at'": '"2026-06-23T21:22:05.377Z'", '"updated_by'": null, '"description'": null, '"sample_image_url'": '"/uploads/products/9cb11146-9e9e-4e8c-8942-de500e360917.png'"}","{'"id'": 15, '"name'": '"Fairy Green Shaker'", '"slug'": '"fairy-green-shaker'", '"is_active'": true, '"created_at'": '"2026-06-23T21:21:26.436Z'", '"created_by'": null, '"deleted_at'": '"2026-06-24T16:25:27.678Z'", '"sort_order'": 10, '"updated_at'": '"2026-06-24T16:25:27.678Z'", '"updated_by'": 1, '"description'": null, '"sample_image_url'": '"/uploads/products/9cb11146-9e9e-4e8c-8942-de500e360917.png'"}",2026-06-24 11:25:27.678497-05,2026-06-24 11:25:34.518923-05,1
20,1,UPDATE,door_finishes,1,"{'"id'": 1, '"name'": '"White Shaker'", '"slug'": '"white-shaker'", '"is_active'": false, '"created_at'": '"2026-06-22T16:23:34.677Z'", '"created_by'": null, '"deleted_at'": null, '"sort_order'": 1, '"updated_at'": '"2026-06-24T16:10:22.491Z'", '"updated_by'": 1, '"description'": null, '"sample_image_url'": '"/uploads/products/b2bb68fd-6d18-4457-bcee-05e7e89260d0.png'"}","{'"id'": 1, '"name'": '"White Shaker'", '"slug'": '"white-shaker'", '"is_active'": true, '"created_at'": '"2026-06-22T16:23:34.677Z'", '"created_by'": null, '"deleted_at'": null, '"sort_order'": 1, '"updated_at'": '"2026-06-24T16:25:45.628Z'", '"updated_by'": 1, '"description'": null, '"sample_image_url'": '"/uploads/products/b2bb68fd-6d18-4457-bcee-05e7e89260d0.png'"}",2026-06-24 11:25:45.628119-05,,
141,1,SOFT_DELETE,products,114,"{'"id'": 114, '"sku'": '"WAE1230'", '"name'": '"WAE1230'", '"image_url'": null, '"created_at'": '"2026-06-26T18:13:08.164Z'", '"created_by'": null, '"deleted_at'": null, '"updated_at'": '"2026-06-26T18:13:08.164Z'", '"updated_by'": null, '"description'": '"Angle End w/1 Door & 2 Shelf'", '"sub_category_id'": 21}","{'"id'": 114, '"sku'": '"WAE1230'", '"name'": '"WAE1230'", '"image_url'": null, '"created_at'": '"2026-06-26T18:13:08.164Z'", '"created_by'": null, '"deleted_at'": '"2026-06-26T18:26:31.985Z'", '"updated_at'": '"2026-06-26T18:26:31.985Z'", '"updated_by'": 1, '"description'": '"Angle End w/1 Door & 2 Shelf'", '"sub_category_id'": 21}",2026-06-26 13:26:31.985585-05,,
21,1,UPDATE,door_finishes,1,"{'"id'": 1, '"name'": '"White Shaker'", '"slug'": '"white-shaker'", '"is_active'": true, '"created_at'": '"2026-06-22T16:23:34.677Z'", '"created_by'": null, '"deleted_at'": null, '"sort_order'": 1, '"updated_at'": '"2026-06-24T16:25:45.628Z'", '"updated_by'": 1, '"description'": null, '"sample_image_url'": '"/uploads/products/b2bb68fd-6d18-4457-bcee-05e7e89260d0.png'"}","{'"id'": 1, '"name'": '"White Shaker'", '"slug'": '"white-shaker'", '"is_active'": false, '"created_at'": '"2026-06-22T16:23:34.677Z'", '"created_by'": null, '"deleted_at'": null, '"sort_order'": 1, '"updated_at'": '"2026-06-24T16:25:48.216Z'", '"updated_by'": 1, '"description'": null, '"sample_image_url'": '"/uploads/products/b2bb68fd-6d18-4457-bcee-05e7e89260d0.png'"}",2026-06-24 11:25:48.216727-05,,
22,1,UPDATE,door_finishes,1,"{'"id'": 1, '"name'": '"White Shaker'", '"slug'": '"white-shaker'", '"is_active'": false, '"created_at'": '"2026-06-22T16:23:34.677Z'", '"created_by'": null, '"deleted_at'": null, '"sort_order'": 1, '"updated_at'": '"2026-06-24T16:25:48.216Z'", '"updated_by'": 1, '"description'": null, '"sample_image_url'": '"/uploads/products/b2bb68fd-6d18-4457-bcee-05e7e89260d0.png'"}","{'"id'": 1, '"name'": '"White Shaker'", '"slug'": '"white-shaker'", '"is_active'": true, '"created_at'": '"2026-06-22T16:23:34.677Z'", '"created_by'": null, '"deleted_at'": null, '"sort_order'": 1, '"updated_at'": '"2026-06-24T16:26:12.228Z'", '"updated_by'": 1, '"description'": null, '"sample_image_url'": '"/uploads/products/b2bb68fd-6d18-4457-bcee-05e7e89260d0.png'"}",2026-06-24 11:26:12.228636-05,,
23,1,UPDATE,door_finishes,2,"{'"id'": 2, '"name'": '"Ebony Shaker'", '"slug'": '"ebony-shaker'", '"is_active'": true, '"created_at'": '"2026-06-22T16:23:34.677Z'", '"created_by'": null, '"deleted_at'": null, '"sort_order'": 3, '"updated_at'": '"2026-06-22T16:38:49.088Z'", '"updated_by'": null, '"description'": null, '"sample_image_url'": '"/uploads/products/fdcb203d-37f1-40a3-9c6b-f519be0f5859.png'"}","{'"id'": 2, '"name'": '"Ebony Shaker'", '"slug'": '"ebony-shaker'", '"is_active'": false, '"created_at'": '"2026-06-22T16:23:34.677Z'", '"created_by'": null, '"deleted_at'": null, '"sort_order'": 3, '"updated_at'": '"2026-06-24T16:26:12.840Z'", '"updated_by'": 1, '"description'": null, '"sample_image_url'": '"/uploads/products/fdcb203d-37f1-40a3-9c6b-f519be0f5859.png'"}",2026-06-24 11:26:12.840385-05,,
24,1,UPDATE,customer_tiers,1,"{'"id'": 1, '"name'": '"Platinium'", '"level'": 1, '"description'": '"Highest partner tier — 60% catalog discount'", '"discount_percent'": '"60.00'"}","{'"id'": 1, '"name'": '"Platinium'", '"level'": 1, '"description'": '"Highest partner tier — 60% catalog discount'", '"discount_percent'": 61}",2026-06-24 12:18:59.994903-05,,
25,1,UPDATE,customer_tiers,1,"{'"id'": 1, '"name'": '"Platinium'", '"level'": 1, '"description'": '"Highest partner tier — 60% catalog discount'", '"discount_percent'": '"61.00'"}","{'"id'": 1, '"name'": '"Platinium'", '"level'": 1, '"description'": '"Highest partner tier — 60% catalog discount'", '"discount_percent'": 60}",2026-06-24 12:19:22.471547-05,,
26,1,UPDATE,door_finishes,2,"{'"id'": 2, '"name'": '"Ebony Shaker'", '"slug'": '"ebony-shaker'", '"is_active'": false, '"created_at'": '"2026-06-22T16:23:34.677Z'", '"created_by'": null, '"deleted_at'": null, '"sort_order'": 3, '"updated_at'": '"2026-06-24T16:26:12.840Z'", '"updated_by'": 1, '"description'": null, '"sample_image_url'": '"/uploads/products/fdcb203d-37f1-40a3-9c6b-f519be0f5859.png'"}","{'"id'": 2, '"name'": '"Ebony Shaker'", '"slug'": '"ebony-shaker'", '"is_active'": true, '"created_at'": '"2026-06-22T16:23:34.677Z'", '"created_by'": null, '"deleted_at'": null, '"sort_order'": 3, '"updated_at'": '"2026-06-24T17:20:00.623Z'", '"updated_by'": 1, '"description'": null, '"sample_image_url'": '"/uploads/products/fdcb203d-37f1-40a3-9c6b-f519be0f5859.png'"}",2026-06-24 12:20:00.623279-05,,
27,1,UPDATE,door_finishes,2,"{'"id'": 2, '"name'": '"Ebony Shaker'", '"slug'": '"ebony-shaker'", '"is_active'": true, '"created_at'": '"2026-06-22T16:23:34.677Z'", '"created_by'": null, '"deleted_at'": null, '"sort_order'": 3, '"updated_at'": '"2026-06-24T17:20:00.623Z'", '"updated_by'": 1, '"description'": null, '"sample_image_url'": '"/uploads/products/fdcb203d-37f1-40a3-9c6b-f519be0f5859.png'"}","{'"id'": 2, '"name'": '"Ebony Shaker'", '"slug'": '"ebony-shaker'", '"is_active'": false, '"created_at'": '"2026-06-22T16:23:34.677Z'", '"created_by'": null, '"deleted_at'": null, '"sort_order'": 3, '"updated_at'": '"2026-06-24T17:20:33.077Z'", '"updated_by'": 1, '"description'": null, '"sample_image_url'": '"/uploads/products/fdcb203d-37f1-40a3-9c6b-f519be0f5859.png'"}",2026-06-24 12:20:33.077584-05,,
28,1,UPDATE,door_finishes,10,"{'"id'": 10, '"name'": '"White Slim Shaker'", '"slug'": '"white-slim-shaker'", '"is_active'": true, '"created_at'": '"2026-06-23T20:19:03.376Z'", '"created_by'": null, '"deleted_at'": null, '"sort_order'": 5, '"updated_at'": '"2026-06-23T21:19:02.174Z'", '"updated_by'": null, '"description'": null, '"sample_image_url'": '"/uploads/products/7cded580-00cf-4a5e-ba75-5d8b1a81d1e4.png'"}","{'"id'": 10, '"name'": '"Slim Frost'", '"slug'": '"white-slim-shaker'", '"is_active'": true, '"created_at'": '"2026-06-23T20:19:03.376Z'", '"created_by'": null, '"deleted_at'": null, '"sort_order'": 5, '"updated_at'": '"2026-06-24T17:27:28.629Z'", '"updated_by'": 1, '"description'": null, '"sample_image_url'": '"/uploads/products/7cded580-00cf-4a5e-ba75-5d8b1a81d1e4.png'"}",2026-06-24 12:27:28.629036-05,,
29,1,UPDATE,door_finishes,10,"{'"id'": 10, '"name'": '"Slim Frost'", '"slug'": '"white-slim-shaker'", '"is_active'": true, '"created_at'": '"2026-06-23T20:19:03.376Z'", '"created_by'": null, '"deleted_at'": null, '"sort_order'": 5, '"updated_at'": '"2026-06-24T17:27:28.629Z'", '"updated_by'": 1, '"description'": null, '"sample_image_url'": '"/uploads/products/7cded580-00cf-4a5e-ba75-5d8b1a81d1e4.png'"}","{'"id'": 10, '"name'": '"Slim Frost'", '"slug'": '"slim-frost'", '"is_active'": true, '"created_at'": '"2026-06-23T20:19:03.376Z'", '"created_by'": null, '"deleted_at'": null, '"sort_order'": 5, '"updated_at'": '"2026-06-24T17:27:59.997Z'", '"updated_by'": 1, '"description'": null, '"sample_image_url'": '"/uploads/products/7cded580-00cf-4a5e-ba75-5d8b1a81d1e4.png'"}",2026-06-24 12:27:59.997733-05,,
30,1,UPDATE,door_finishes,12,"{'"id'": 12, '"name'": '"Chocolate Glazed'", '"slug'": '"chocolate-glazed'", '"is_active'": true, '"created_at'": '"2026-06-23T21:20:04.742Z'", '"created_by'": null, '"deleted_at'": null, '"sort_order'": 7, '"updated_at'": '"2026-06-23T21:20:04.742Z'", '"updated_by'": null, '"description'": null, '"sample_image_url'": '"/uploads/products/d4de5c84-c867-4f0d-9e3d-aa3b30c16e86.png'"}","{'"id'": 12, '"name'": '"Chocolate Glazed'", '"slug'": '"chocolate-glazed'", '"is_active'": false, '"created_at'": '"2026-06-23T21:20:04.742Z'", '"created_by'": null, '"deleted_at'": null, '"sort_order'": 7, '"updated_at'": '"2026-06-24T17:28:40.489Z'", '"updated_by'": 1, '"description'": null, '"sample_image_url'": '"/uploads/products/d4de5c84-c867-4f0d-9e3d-aa3b30c16e86.png'"}",2026-06-24 12:28:40.48981-05,,
413,1,SOFT_DELETE,products,277,"{'"id'": 277, '"sku'": '"WF339'", '"name'": '"WF339'", '"image_url'": null, '"created_at'": '"2026-06-26T21:29:57.071Z'", '"created_by'": null, '"deleted_at'": null, '"updated_at'": '"2026-06-30T14:12:27.011Z'", '"updated_by'": null, '"description'": '"Wall Filler 3\'"'", '"sub_category_id'": 45}","{'"id'": 277, '"sku'": '"WF339_deleted_1782850544'", '"name'": '"WF339'", '"image_url'": null, '"created_at'": '"2026-06-26T21:29:57.071Z'", '"created_by'": null, '"deleted_at'": '"2026-06-30T20:15:44.698Z'", '"updated_at'": '"2026-06-30T20:15:44.698Z'", '"updated_by'": 1, '"description'": '"Wall Filler 3\'"'", '"sub_category_id'": 45}",2026-06-30 15:15:44.698313-05,,
31,1,UPDATE,door_finishes,12,"{'"id'": 12, '"name'": '"Chocolate Glazed'", '"slug'": '"chocolate-glazed'", '"is_active'": false, '"created_at'": '"2026-06-23T21:20:04.742Z'", '"created_by'": null, '"deleted_at'": null, '"sort_order'": 7, '"updated_at'": '"2026-06-24T17:28:40.489Z'", '"updated_by'": 1, '"description'": null, '"sample_image_url'": '"/uploads/products/d4de5c84-c867-4f0d-9e3d-aa3b30c16e86.png'"}","{'"id'": 12, '"name'": '"Chocolate Glazed'", '"slug'": '"chocolate-glazed'", '"is_active'": true, '"created_at'": '"2026-06-23T21:20:04.742Z'", '"created_by'": null, '"deleted_at'": null, '"sort_order'": 7, '"updated_at'": '"2026-06-24T17:28:43.077Z'", '"updated_by'": 1, '"description'": null, '"sample_image_url'": '"/uploads/products/d4de5c84-c867-4f0d-9e3d-aa3b30c16e86.png'"}",2026-06-24 12:28:43.077557-05,,
32,1,CREATE,door_finishes,16,,"{'"id'": 16, '"name'": '"Light Gray'", '"slug'": '"light-gray'", '"is_active'": true, '"created_at'": '"2026-06-24T17:29:58.014Z'", '"created_by'": 1, '"deleted_at'": null, '"sort_order'": 20, '"updated_at'": '"2026-06-24T17:29:58.014Z'", '"updated_by'": 1, '"description'": null, '"sample_image_url'": null}",2026-06-24 12:29:58.019712-05,,
33,1,CREATE,door_finishes,17,,"{'"id'": 17, '"name'": '"Espresso'", '"slug'": '"espresso'", '"is_active'": true, '"created_at'": '"2026-06-24T17:30:22.831Z'", '"created_by'": 1, '"deleted_at'": null, '"sort_order'": 30, '"updated_at'": '"2026-06-24T17:30:22.831Z'", '"updated_by'": 1, '"description'": null, '"sample_image_url'": null}",2026-06-24 12:30:22.836726-05,,
34,1,CREATE,door_finishes,18,,"{'"id'": 18, '"name'": '"Slim Mocha'", '"slug'": '"slim-mocha'", '"is_active'": true, '"created_at'": '"2026-06-24T17:30:53.026Z'", '"created_by'": 1, '"deleted_at'": null, '"sort_order'": 40, '"updated_at'": '"2026-06-24T17:30:53.026Z'", '"updated_by'": 1, '"description'": null, '"sample_image_url'": null}",2026-06-24 12:30:53.029839-05,,
35,1,UPDATE,door_finishes,16,"{'"id'": 16, '"name'": '"Light Gray'", '"slug'": '"light-gray'", '"is_active'": true, '"created_at'": '"2026-06-24T17:29:58.014Z'", '"created_by'": 1, '"deleted_at'": null, '"sort_order'": 20, '"updated_at'": '"2026-06-24T17:29:58.014Z'", '"updated_by'": 1, '"description'": null, '"sample_image_url'": null}","{'"id'": 16, '"name'": '"Light Gray'", '"slug'": '"light-gray'", '"is_active'": true, '"created_at'": '"2026-06-24T17:29:58.014Z'", '"created_by'": 1, '"deleted_at'": null, '"sort_order'": 20, '"updated_at'": '"2026-06-24T17:31:09.307Z'", '"updated_by'": 1, '"description'": null, '"sample_image_url'": '"/uploads/products/656cb8c3-8d60-4403-85d5-04d439655918.png'"}",2026-06-24 12:31:09.307593-05,,
36,1,UPDATE,door_finishes,18,"{'"id'": 18, '"name'": '"Slim Mocha'", '"slug'": '"slim-mocha'", '"is_active'": true, '"created_at'": '"2026-06-24T17:30:53.026Z'", '"created_by'": 1, '"deleted_at'": null, '"sort_order'": 40, '"updated_at'": '"2026-06-24T17:30:53.026Z'", '"updated_by'": 1, '"description'": null, '"sample_image_url'": null}","{'"id'": 18, '"name'": '"Slim Mocha'", '"slug'": '"slim-mocha'", '"is_active'": true, '"created_at'": '"2026-06-24T17:30:53.026Z'", '"created_by'": 1, '"deleted_at'": null, '"sort_order'": 40, '"updated_at'": '"2026-06-24T17:32:12.604Z'", '"updated_by'": 1, '"description'": null, '"sample_image_url'": '"/uploads/products/4b3bd253-62b1-4600-adac-426ac82621ae.png'"}",2026-06-24 12:32:12.604737-05,,
37,1,UPDATE,door_finishes,17,"{'"id'": 17, '"name'": '"Espresso'", '"slug'": '"espresso'", '"is_active'": true, '"created_at'": '"2026-06-24T17:30:22.831Z'", '"created_by'": 1, '"deleted_at'": null, '"sort_order'": 30, '"updated_at'": '"2026-06-24T17:30:22.831Z'", '"updated_by'": 1, '"description'": null, '"sample_image_url'": null}","{'"id'": 17, '"name'": '"Espresso'", '"slug'": '"espresso'", '"is_active'": true, '"created_at'": '"2026-06-24T17:30:22.831Z'", '"created_by'": 1, '"deleted_at'": null, '"sort_order'": 30, '"updated_at'": '"2026-06-24T17:32:38.079Z'", '"updated_by'": 1, '"description'": null, '"sample_image_url'": null}",2026-06-24 12:32:38.079568-05,,
38,1,UPDATE,door_finishes,17,"{'"id'": 17, '"name'": '"Espresso'", '"slug'": '"espresso'", '"is_active'": true, '"created_at'": '"2026-06-24T17:30:22.831Z'", '"created_by'": 1, '"deleted_at'": null, '"sort_order'": 30, '"updated_at'": '"2026-06-24T17:32:38.079Z'", '"updated_by'": 1, '"description'": null, '"sample_image_url'": null}","{'"id'": 17, '"name'": '"Espresso'", '"slug'": '"espresso'", '"is_active'": true, '"created_at'": '"2026-06-24T17:30:22.831Z'", '"created_by'": 1, '"deleted_at'": null, '"sort_order'": 30, '"updated_at'": '"2026-06-24T17:33:22.440Z'", '"updated_by'": 1, '"description'": null, '"sample_image_url'": '"/uploads/products/afef46cf-eafb-4e8d-981b-a41ef633580c.jpg'"}",2026-06-24 12:33:22.440766-05,,
39,1,SOFT_DELETE,product_variants,2006,"{'"id'": 2006, '"sku'": '"PR3015-WS-30-1.5-12'", '"price'": '"435.00'", '"depth_in'": '"12.00'", '"width_in'": '"30.00'", '"finish_id'": 1, '"height_in'": '"1.50'", '"created_at'": '"2026-06-26T18:13:08.164Z'", '"created_by'": null, '"deleted_at'": null, '"product_id'": 168, '"updated_at'": '"2026-06-26T18:13:08.164Z'", '"updated_by'": null, '"stock_status'": '"in_stock'"}","{'"id'": 2006, '"sku'": '"PR3015-WS-30-1.5-12'", '"price'": '"435.00'", '"depth_in'": '"12.00'", '"width_in'": '"30.00'", '"finish_id'": 1, '"height_in'": '"1.50'", '"created_at'": '"2026-06-26T18:13:08.164Z'", '"created_by'": null, '"deleted_at'": '"2026-06-26T18:21:14.223Z'", '"product_id'": 168, '"updated_at'": '"2026-06-26T18:21:14.223Z'", '"updated_by'": 1, '"stock_status'": '"in_stock'"}",2026-06-26 13:21:14.223089-05,,
40,1,SOFT_DELETE,product_variants,2009,"{'"id'": 2009, '"sku'": '"PR3015-ES-30-1.5-12'", '"price'": '"953.00'", '"depth_in'": '"12.00'", '"width_in'": '"30.00'", '"finish_id'": 2, '"height_in'": '"1.50'", '"created_at'": '"2026-06-26T18:13:08.164Z'", '"created_by'": null, '"deleted_at'": null, '"product_id'": 168, '"updated_at'": '"2026-06-26T18:13:08.164Z'", '"updated_by'": null, '"stock_status'": '"in_stock'"}","{'"id'": 2009, '"sku'": '"PR3015-ES-30-1.5-12'", '"price'": '"953.00'", '"depth_in'": '"12.00'", '"width_in'": '"30.00'", '"finish_id'": 2, '"height_in'": '"1.50'", '"created_at'": '"2026-06-26T18:13:08.164Z'", '"created_by'": null, '"deleted_at'": '"2026-06-26T18:21:14.223Z'", '"product_id'": 168, '"updated_at'": '"2026-06-26T18:21:14.223Z'", '"updated_by'": 1, '"stock_status'": '"in_stock'"}",2026-06-26 13:21:14.223089-05,,
41,1,SOFT_DELETE,product_variants,2007,"{'"id'": 2007, '"sku'": '"PR3015-AS-30-1.5-12'", '"price'": '"435.00'", '"depth_in'": '"12.00'", '"width_in'": '"30.00'", '"finish_id'": 3, '"height_in'": '"1.50'", '"created_at'": '"2026-06-26T18:13:08.164Z'", '"created_by'": null, '"deleted_at'": null, '"product_id'": 168, '"updated_at'": '"2026-06-26T18:13:08.164Z'", '"updated_by'": null, '"stock_status'": '"in_stock'"}","{'"id'": 2007, '"sku'": '"PR3015-AS-30-1.5-12'", '"price'": '"435.00'", '"depth_in'": '"12.00'", '"width_in'": '"30.00'", '"finish_id'": 3, '"height_in'": '"1.50'", '"created_at'": '"2026-06-26T18:13:08.164Z'", '"created_by'": null, '"deleted_at'": '"2026-06-26T18:21:14.223Z'", '"product_id'": 168, '"updated_at'": '"2026-06-26T18:21:14.223Z'", '"updated_by'": 1, '"stock_status'": '"in_stock'"}",2026-06-26 13:21:14.223089-05,,
415,1,UPDATE,announcement_popups,1,"{'"event'": '"force_reshow'", '"is_active'": true, '"media_url'": null, '"display_mode'": '"template'", '"display_delay'": 3, '"popup_version'": '"370cc616-f0d1-4caa-b30e-565d237c08c3'", '"template_title'": '"ASH Shaker Discount'"}","{'"event'": '"force_reshow'", '"is_active'": true, '"media_url'": null, '"display_mode'": '"template'", '"display_delay'": 3, '"popup_version'": '"379bc44d-106b-491b-aee4-b727f7251d96'", '"template_title'": '"ASH Shaker Discount'"}",2026-06-30 16:34:34.474847-05,,
42,1,SOFT_DELETE,product_variants,2008,"{'"id'": 2008, '"sku'": '"PR3015-TS-30-1.5-12'", '"price'": '"435.00'", '"depth_in'": '"12.00'", '"width_in'": '"30.00'", '"finish_id'": 9, '"height_in'": '"1.50'", '"created_at'": '"2026-06-26T18:13:08.164Z'", '"created_by'": null, '"deleted_at'": null, '"product_id'": 168, '"updated_at'": '"2026-06-26T18:13:08.164Z'", '"updated_by'": null, '"stock_status'": '"in_stock'"}","{'"id'": 2008, '"sku'": '"PR3015-TS-30-1.5-12'", '"price'": '"435.00'", '"depth_in'": '"12.00'", '"width_in'": '"30.00'", '"finish_id'": 9, '"height_in'": '"1.50'", '"created_at'": '"2026-06-26T18:13:08.164Z'", '"created_by'": null, '"deleted_at'": '"2026-06-26T18:21:14.223Z'", '"product_id'": 168, '"updated_at'": '"2026-06-26T18:21:14.223Z'", '"updated_by'": 1, '"stock_status'": '"in_stock'"}",2026-06-26 13:21:14.223089-05,,
43,1,SOFT_DELETE,product_variants,2010,"{'"id'": 2010, '"sku'": '"PR3015-SF-30-1.5-12'", '"price'": '"923.00'", '"depth_in'": '"12.00'", '"width_in'": '"30.00'", '"finish_id'": 10, '"height_in'": '"1.50'", '"created_at'": '"2026-06-26T18:13:08.164Z'", '"created_by'": null, '"deleted_at'": null, '"product_id'": 168, '"updated_at'": '"2026-06-26T18:13:08.164Z'", '"updated_by'": null, '"stock_status'": '"in_stock'"}","{'"id'": 2010, '"sku'": '"PR3015-SF-30-1.5-12'", '"price'": '"923.00'", '"depth_in'": '"12.00'", '"width_in'": '"30.00'", '"finish_id'": 10, '"height_in'": '"1.50'", '"created_at'": '"2026-06-26T18:13:08.164Z'", '"created_by'": null, '"deleted_at'": '"2026-06-26T18:21:14.223Z'", '"product_id'": 168, '"updated_at'": '"2026-06-26T18:21:14.223Z'", '"updated_by'": 1, '"stock_status'": '"in_stock'"}",2026-06-26 13:21:14.223089-05,,
44,1,SOFT_DELETE,product_variants,2011,"{'"id'": 2011, '"sku'": '"PR3015-BS-30-1.5-12'", '"price'": '"823.00'", '"depth_in'": '"12.00'", '"width_in'": '"30.00'", '"finish_id'": 11, '"height_in'": '"1.50'", '"created_at'": '"2026-06-26T18:13:08.164Z'", '"created_by'": null, '"deleted_at'": null, '"product_id'": 168, '"updated_at'": '"2026-06-26T18:13:08.164Z'", '"updated_by'": null, '"stock_status'": '"in_stock'"}","{'"id'": 2011, '"sku'": '"PR3015-BS-30-1.5-12'", '"price'": '"823.00'", '"depth_in'": '"12.00'", '"width_in'": '"30.00'", '"finish_id'": 11, '"height_in'": '"1.50'", '"created_at'": '"2026-06-26T18:13:08.164Z'", '"created_by'": null, '"deleted_at'": '"2026-06-26T18:21:14.223Z'", '"product_id'": 168, '"updated_at'": '"2026-06-26T18:21:14.223Z'", '"updated_by'": 1, '"stock_status'": '"in_stock'"}",2026-06-26 13:21:14.223089-05,,
45,1,SOFT_DELETE,product_variants,2012,"{'"id'": 2012, '"sku'": '"PR3015-CS-30-1.5-12'", '"price'": '"723.00'", '"depth_in'": '"12.00'", '"width_in'": '"30.00'", '"finish_id'": 13, '"height_in'": '"1.50'", '"created_at'": '"2026-06-26T18:13:08.164Z'", '"created_by'": null, '"deleted_at'": null, '"product_id'": 168, '"updated_at'": '"2026-06-26T18:13:08.164Z'", '"updated_by'": null, '"stock_status'": '"in_stock'"}","{'"id'": 2012, '"sku'": '"PR3015-CS-30-1.5-12'", '"price'": '"723.00'", '"depth_in'": '"12.00'", '"width_in'": '"30.00'", '"finish_id'": 13, '"height_in'": '"1.50'", '"created_at'": '"2026-06-26T18:13:08.164Z'", '"created_by'": null, '"deleted_at'": '"2026-06-26T18:21:14.223Z'", '"product_id'": 168, '"updated_at'": '"2026-06-26T18:21:14.223Z'", '"updated_by'": 1, '"stock_status'": '"in_stock'"}",2026-06-26 13:21:14.223089-05,,
46,1,SOFT_DELETE,product_variants,2013,"{'"id'": 2013, '"sku'": '"PR3015-DGS-30-1.5-12'", '"price'": '"853.00'", '"depth_in'": '"12.00'", '"width_in'": '"30.00'", '"finish_id'": 14, '"height_in'": '"1.50'", '"created_at'": '"2026-06-26T18:13:08.164Z'", '"created_by'": null, '"deleted_at'": null, '"product_id'": 168, '"updated_at'": '"2026-06-26T18:13:08.164Z'", '"updated_by'": null, '"stock_status'": '"in_stock'"}","{'"id'": 2013, '"sku'": '"PR3015-DGS-30-1.5-12'", '"price'": '"853.00'", '"depth_in'": '"12.00'", '"width_in'": '"30.00'", '"finish_id'": 14, '"height_in'": '"1.50'", '"created_at'": '"2026-06-26T18:13:08.164Z'", '"created_by'": null, '"deleted_at'": '"2026-06-26T18:21:14.223Z'", '"product_id'": 168, '"updated_at'": '"2026-06-26T18:21:14.223Z'", '"updated_by'": 1, '"stock_status'": '"in_stock'"}",2026-06-26 13:21:14.223089-05,,
47,1,SOFT_DELETE,product_variants,2014,"{'"id'": 2014, '"sku'": '"PR3015-FGS-30-1.5-12'", '"price'": '"623.00'", '"depth_in'": '"12.00'", '"width_in'": '"30.00'", '"finish_id'": 15, '"height_in'": '"1.50'", '"created_at'": '"2026-06-26T18:13:08.164Z'", '"created_by'": null, '"deleted_at'": null, '"product_id'": 168, '"updated_at'": '"2026-06-26T18:13:08.164Z'", '"updated_by'": null, '"stock_status'": '"in_stock'"}","{'"id'": 2014, '"sku'": '"PR3015-FGS-30-1.5-12'", '"price'": '"623.00'", '"depth_in'": '"12.00'", '"width_in'": '"30.00'", '"finish_id'": 15, '"height_in'": '"1.50'", '"created_at'": '"2026-06-26T18:13:08.164Z'", '"created_by'": null, '"deleted_at'": '"2026-06-26T18:21:14.223Z'", '"product_id'": 168, '"updated_at'": '"2026-06-26T18:21:14.223Z'", '"updated_by'": 1, '"stock_status'": '"in_stock'"}",2026-06-26 13:21:14.223089-05,,
48,1,SOFT_DELETE,product_variants,2015,"{'"id'": 2015, '"sku'": '"PR3015-LG-30-1.5-12'", '"price'": '"345.00'", '"depth_in'": '"12.00'", '"width_in'": '"30.00'", '"finish_id'": 16, '"height_in'": '"1.50'", '"created_at'": '"2026-06-26T18:13:08.164Z'", '"created_by'": null, '"deleted_at'": null, '"product_id'": 168, '"updated_at'": '"2026-06-26T18:13:08.164Z'", '"updated_by'": null, '"stock_status'": '"in_stock'"}","{'"id'": 2015, '"sku'": '"PR3015-LG-30-1.5-12'", '"price'": '"345.00'", '"depth_in'": '"12.00'", '"width_in'": '"30.00'", '"finish_id'": 16, '"height_in'": '"1.50'", '"created_at'": '"2026-06-26T18:13:08.164Z'", '"created_by'": null, '"deleted_at'": '"2026-06-26T18:21:14.223Z'", '"product_id'": 168, '"updated_at'": '"2026-06-26T18:21:14.223Z'", '"updated_by'": 1, '"stock_status'": '"in_stock'"}",2026-06-26 13:21:14.223089-05,,
49,1,SOFT_DELETE,product_variants,2016,"{'"id'": 2016, '"sku'": '"PR3015-E-30-1.5-12'", '"price'": '"343.00'", '"depth_in'": '"12.00'", '"width_in'": '"30.00'", '"finish_id'": 17, '"height_in'": '"1.50'", '"created_at'": '"2026-06-26T18:13:08.164Z'", '"created_by'": null, '"deleted_at'": null, '"product_id'": 168, '"updated_at'": '"2026-06-26T18:13:08.164Z'", '"updated_by'": null, '"stock_status'": '"in_stock'"}","{'"id'": 2016, '"sku'": '"PR3015-E-30-1.5-12'", '"price'": '"343.00'", '"depth_in'": '"12.00'", '"width_in'": '"30.00'", '"finish_id'": 17, '"height_in'": '"1.50'", '"created_at'": '"2026-06-26T18:13:08.164Z'", '"created_by'": null, '"deleted_at'": '"2026-06-26T18:21:14.223Z'", '"product_id'": 168, '"updated_at'": '"2026-06-26T18:21:14.223Z'", '"updated_by'": 1, '"stock_status'": '"in_stock'"}",2026-06-26 13:21:14.223089-05,,
50,1,SOFT_DELETE,product_variants,2017,"{'"id'": 2017, '"sku'": '"PR3015-SM-30-1.5-12'", '"price'": '"435.00'", '"depth_in'": '"12.00'", '"width_in'": '"30.00'", '"finish_id'": 18, '"height_in'": '"1.50'", '"created_at'": '"2026-06-26T18:13:08.164Z'", '"created_by'": null, '"deleted_at'": null, '"product_id'": 168, '"updated_at'": '"2026-06-26T18:13:08.164Z'", '"updated_by'": null, '"stock_status'": '"in_stock'"}","{'"id'": 2017, '"sku'": '"PR3015-SM-30-1.5-12'", '"price'": '"435.00'", '"depth_in'": '"12.00'", '"width_in'": '"30.00'", '"finish_id'": 18, '"height_in'": '"1.50'", '"created_at'": '"2026-06-26T18:13:08.164Z'", '"created_by'": null, '"deleted_at'": '"2026-06-26T18:21:14.223Z'", '"product_id'": 168, '"updated_at'": '"2026-06-26T18:21:14.223Z'", '"updated_by'": 1, '"stock_status'": '"in_stock'"}",2026-06-26 13:21:14.223089-05,,
416,1,UPDATE,announcement_popups,1,"{'"event'": '"force_reshow'", '"is_active'": true, '"media_url'": null, '"display_mode'": '"template'", '"display_delay'": 3, '"popup_version'": '"379bc44d-106b-491b-aee4-b727f7251d96'", '"template_title'": '"ASH Shaker Discount'"}","{'"event'": '"force_reshow'", '"is_active'": true, '"media_url'": null, '"display_mode'": '"template'", '"display_delay'": 3, '"popup_version'": '"1fc4ca46-93ec-4697-a7a2-a3939a6bdcac'", '"template_title'": '"ASH Shaker Discount'"}",2026-06-30 16:34:53.910384-05,,
51,1,SOFT_DELETE,product_variants,782,"{'"id'": 782, '"sku'": '"BES12L-WS-12-34.5-24'", '"price'": '"548.00'", '"depth_in'": '"24.00'", '"width_in'": '"12.00'", '"finish_id'": 1, '"height_in'": '"34.50'", '"created_at'": '"2026-06-26T16:20:52.969Z'", '"created_by'": null, '"deleted_at'": null, '"product_id'": 88, '"updated_at'": '"2026-06-26T16:20:52.969Z'", '"updated_by'": null, '"stock_status'": '"in_stock'"}","{'"id'": 782, '"sku'": '"BES12L-WS-12-34.5-24'", '"price'": '"548.00'", '"depth_in'": '"24.00'", '"width_in'": '"12.00'", '"finish_id'": 1, '"height_in'": '"34.50'", '"created_at'": '"2026-06-26T16:20:52.969Z'", '"created_by'": null, '"deleted_at'": '"2026-06-26T18:23:41.016Z'", '"product_id'": 88, '"updated_at'": '"2026-06-26T18:23:41.016Z'", '"updated_by'": 1, '"stock_status'": '"in_stock'"}",2026-06-26 13:23:41.016839-05,,
52,1,SOFT_DELETE,product_variants,785,"{'"id'": 785, '"sku'": '"BES12L-ES-12-34.5-24'", '"price'": '"953.00'", '"depth_in'": '"24.00'", '"width_in'": '"12.00'", '"finish_id'": 2, '"height_in'": '"34.50'", '"created_at'": '"2026-06-26T16:20:52.969Z'", '"created_by'": null, '"deleted_at'": null, '"product_id'": 88, '"updated_at'": '"2026-06-26T16:20:52.969Z'", '"updated_by'": null, '"stock_status'": '"in_stock'"}","{'"id'": 785, '"sku'": '"BES12L-ES-12-34.5-24'", '"price'": '"953.00'", '"depth_in'": '"24.00'", '"width_in'": '"12.00'", '"finish_id'": 2, '"height_in'": '"34.50'", '"created_at'": '"2026-06-26T16:20:52.969Z'", '"created_by'": null, '"deleted_at'": '"2026-06-26T18:23:41.016Z'", '"product_id'": 88, '"updated_at'": '"2026-06-26T18:23:41.016Z'", '"updated_by'": 1, '"stock_status'": '"in_stock'"}",2026-06-26 13:23:41.016839-05,,
53,1,SOFT_DELETE,product_variants,783,"{'"id'": 783, '"sku'": '"BES12L-AS-12-34.5-24'", '"price'": '"548.00'", '"depth_in'": '"24.00'", '"width_in'": '"12.00'", '"finish_id'": 3, '"height_in'": '"34.50'", '"created_at'": '"2026-06-26T16:20:52.969Z'", '"created_by'": null, '"deleted_at'": null, '"product_id'": 88, '"updated_at'": '"2026-06-26T16:20:52.969Z'", '"updated_by'": null, '"stock_status'": '"in_stock'"}","{'"id'": 783, '"sku'": '"BES12L-AS-12-34.5-24'", '"price'": '"548.00'", '"depth_in'": '"24.00'", '"width_in'": '"12.00'", '"finish_id'": 3, '"height_in'": '"34.50'", '"created_at'": '"2026-06-26T16:20:52.969Z'", '"created_by'": null, '"deleted_at'": '"2026-06-26T18:23:41.016Z'", '"product_id'": 88, '"updated_at'": '"2026-06-26T18:23:41.016Z'", '"updated_by'": 1, '"stock_status'": '"in_stock'"}",2026-06-26 13:23:41.016839-05,,
54,1,SOFT_DELETE,product_variants,784,"{'"id'": 784, '"sku'": '"BES12L-TS-12-34.5-24'", '"price'": '"548.00'", '"depth_in'": '"24.00'", '"width_in'": '"12.00'", '"finish_id'": 9, '"height_in'": '"34.50'", '"created_at'": '"2026-06-26T16:20:52.969Z'", '"created_by'": null, '"deleted_at'": null, '"product_id'": 88, '"updated_at'": '"2026-06-26T16:20:52.969Z'", '"updated_by'": null, '"stock_status'": '"in_stock'"}","{'"id'": 784, '"sku'": '"BES12L-TS-12-34.5-24'", '"price'": '"548.00'", '"depth_in'": '"24.00'", '"width_in'": '"12.00'", '"finish_id'": 9, '"height_in'": '"34.50'", '"created_at'": '"2026-06-26T16:20:52.969Z'", '"created_by'": null, '"deleted_at'": '"2026-06-26T18:23:41.016Z'", '"product_id'": 88, '"updated_at'": '"2026-06-26T18:23:41.016Z'", '"updated_by'": 1, '"stock_status'": '"in_stock'"}",2026-06-26 13:23:41.016839-05,,
55,1,SOFT_DELETE,product_variants,786,"{'"id'": 786, '"sku'": '"BES12L-SF-12-34.5-24'", '"price'": '"923.00'", '"depth_in'": '"24.00'", '"width_in'": '"12.00'", '"finish_id'": 10, '"height_in'": '"34.50'", '"created_at'": '"2026-06-26T16:20:52.969Z'", '"created_by'": null, '"deleted_at'": null, '"product_id'": 88, '"updated_at'": '"2026-06-26T16:20:52.969Z'", '"updated_by'": null, '"stock_status'": '"in_stock'"}","{'"id'": 786, '"sku'": '"BES12L-SF-12-34.5-24'", '"price'": '"923.00'", '"depth_in'": '"24.00'", '"width_in'": '"12.00'", '"finish_id'": 10, '"height_in'": '"34.50'", '"created_at'": '"2026-06-26T16:20:52.969Z'", '"created_by'": null, '"deleted_at'": '"2026-06-26T18:23:41.016Z'", '"product_id'": 88, '"updated_at'": '"2026-06-26T18:23:41.016Z'", '"updated_by'": 1, '"stock_status'": '"in_stock'"}",2026-06-26 13:23:41.016839-05,,
56,1,SOFT_DELETE,product_variants,787,"{'"id'": 787, '"sku'": '"BES12L-BS-12-34.5-24'", '"price'": '"823.00'", '"depth_in'": '"24.00'", '"width_in'": '"12.00'", '"finish_id'": 11, '"height_in'": '"34.50'", '"created_at'": '"2026-06-26T16:20:52.969Z'", '"created_by'": null, '"deleted_at'": null, '"product_id'": 88, '"updated_at'": '"2026-06-26T16:20:52.969Z'", '"updated_by'": null, '"stock_status'": '"in_stock'"}","{'"id'": 787, '"sku'": '"BES12L-BS-12-34.5-24'", '"price'": '"823.00'", '"depth_in'": '"24.00'", '"width_in'": '"12.00'", '"finish_id'": 11, '"height_in'": '"34.50'", '"created_at'": '"2026-06-26T16:20:52.969Z'", '"created_by'": null, '"deleted_at'": '"2026-06-26T18:23:41.016Z'", '"product_id'": 88, '"updated_at'": '"2026-06-26T18:23:41.016Z'", '"updated_by'": 1, '"stock_status'": '"in_stock'"}",2026-06-26 13:23:41.016839-05,,
57,1,SOFT_DELETE,product_variants,788,"{'"id'": 788, '"sku'": '"BES12L-CS-12-34.5-24'", '"price'": '"723.00'", '"depth_in'": '"24.00'", '"width_in'": '"12.00'", '"finish_id'": 13, '"height_in'": '"34.50'", '"created_at'": '"2026-06-26T16:20:52.969Z'", '"created_by'": null, '"deleted_at'": null, '"product_id'": 88, '"updated_at'": '"2026-06-26T16:20:52.969Z'", '"updated_by'": null, '"stock_status'": '"in_stock'"}","{'"id'": 788, '"sku'": '"BES12L-CS-12-34.5-24'", '"price'": '"723.00'", '"depth_in'": '"24.00'", '"width_in'": '"12.00'", '"finish_id'": 13, '"height_in'": '"34.50'", '"created_at'": '"2026-06-26T16:20:52.969Z'", '"created_by'": null, '"deleted_at'": '"2026-06-26T18:23:41.016Z'", '"product_id'": 88, '"updated_at'": '"2026-06-26T18:23:41.016Z'", '"updated_by'": 1, '"stock_status'": '"in_stock'"}",2026-06-26 13:23:41.016839-05,,
58,1,SOFT_DELETE,product_variants,789,"{'"id'": 789, '"sku'": '"BES12L-DGS-12-34.5-24'", '"price'": '"853.00'", '"depth_in'": '"24.00'", '"width_in'": '"12.00'", '"finish_id'": 14, '"height_in'": '"34.50'", '"created_at'": '"2026-06-26T16:20:52.969Z'", '"created_by'": null, '"deleted_at'": null, '"product_id'": 88, '"updated_at'": '"2026-06-26T16:20:52.969Z'", '"updated_by'": null, '"stock_status'": '"in_stock'"}","{'"id'": 789, '"sku'": '"BES12L-DGS-12-34.5-24'", '"price'": '"853.00'", '"depth_in'": '"24.00'", '"width_in'": '"12.00'", '"finish_id'": 14, '"height_in'": '"34.50'", '"created_at'": '"2026-06-26T16:20:52.969Z'", '"created_by'": null, '"deleted_at'": '"2026-06-26T18:23:41.016Z'", '"product_id'": 88, '"updated_at'": '"2026-06-26T18:23:41.016Z'", '"updated_by'": 1, '"stock_status'": '"in_stock'"}",2026-06-26 13:23:41.016839-05,,
59,1,SOFT_DELETE,product_variants,790,"{'"id'": 790, '"sku'": '"BES12L-FGS-12-34.5-24'", '"price'": '"623.00'", '"depth_in'": '"24.00'", '"width_in'": '"12.00'", '"finish_id'": 15, '"height_in'": '"34.50'", '"created_at'": '"2026-06-26T16:20:52.969Z'", '"created_by'": null, '"deleted_at'": null, '"product_id'": 88, '"updated_at'": '"2026-06-26T16:20:52.969Z'", '"updated_by'": null, '"stock_status'": '"in_stock'"}","{'"id'": 790, '"sku'": '"BES12L-FGS-12-34.5-24'", '"price'": '"623.00'", '"depth_in'": '"24.00'", '"width_in'": '"12.00'", '"finish_id'": 15, '"height_in'": '"34.50'", '"created_at'": '"2026-06-26T16:20:52.969Z'", '"created_by'": null, '"deleted_at'": '"2026-06-26T18:23:41.016Z'", '"product_id'": 88, '"updated_at'": '"2026-06-26T18:23:41.016Z'", '"updated_by'": 1, '"stock_status'": '"in_stock'"}",2026-06-26 13:23:41.016839-05,,
417,1,UPDATE,quotes,1,,"{'"event'": '"admin_view'", '"quote_name'": '"asd'", '"customer_email'": '"ahmetsakallioglu54@gmail.com'"}",2026-06-30 16:51:08.104347-05,,
418,1,UPDATE,quotes,1,,"{'"event'": '"admin_view'", '"quote_name'": '"asd'", '"customer_email'": '"ahmetsakallioglu54@gmail.com'"}",2026-07-01 09:28:15.220816-05,,
60,1,SOFT_DELETE,product_variants,791,"{'"id'": 791, '"sku'": '"BES12L-LG-12-34.5-24'", '"price'": '"345.00'", '"depth_in'": '"24.00'", '"width_in'": '"12.00'", '"finish_id'": 16, '"height_in'": '"34.50'", '"created_at'": '"2026-06-26T16:20:52.969Z'", '"created_by'": null, '"deleted_at'": null, '"product_id'": 88, '"updated_at'": '"2026-06-26T16:20:52.969Z'", '"updated_by'": null, '"stock_status'": '"in_stock'"}","{'"id'": 791, '"sku'": '"BES12L-LG-12-34.5-24'", '"price'": '"345.00'", '"depth_in'": '"24.00'", '"width_in'": '"12.00'", '"finish_id'": 16, '"height_in'": '"34.50'", '"created_at'": '"2026-06-26T16:20:52.969Z'", '"created_by'": null, '"deleted_at'": '"2026-06-26T18:23:41.016Z'", '"product_id'": 88, '"updated_at'": '"2026-06-26T18:23:41.016Z'", '"updated_by'": 1, '"stock_status'": '"in_stock'"}",2026-06-26 13:23:41.016839-05,,
61,1,SOFT_DELETE,product_variants,792,"{'"id'": 792, '"sku'": '"BES12L-E-12-34.5-24'", '"price'": '"343.00'", '"depth_in'": '"24.00'", '"width_in'": '"12.00'", '"finish_id'": 17, '"height_in'": '"34.50'", '"created_at'": '"2026-06-26T16:20:52.969Z'", '"created_by'": null, '"deleted_at'": null, '"product_id'": 88, '"updated_at'": '"2026-06-26T16:20:52.969Z'", '"updated_by'": null, '"stock_status'": '"in_stock'"}","{'"id'": 792, '"sku'": '"BES12L-E-12-34.5-24'", '"price'": '"343.00'", '"depth_in'": '"24.00'", '"width_in'": '"12.00'", '"finish_id'": 17, '"height_in'": '"34.50'", '"created_at'": '"2026-06-26T16:20:52.969Z'", '"created_by'": null, '"deleted_at'": '"2026-06-26T18:23:41.016Z'", '"product_id'": 88, '"updated_at'": '"2026-06-26T18:23:41.016Z'", '"updated_by'": 1, '"stock_status'": '"in_stock'"}",2026-06-26 13:23:41.016839-05,,
62,1,SOFT_DELETE,product_variants,793,"{'"id'": 793, '"sku'": '"BES12L-SM-12-34.5-24'", '"price'": '"435.00'", '"depth_in'": '"24.00'", '"width_in'": '"12.00'", '"finish_id'": 18, '"height_in'": '"34.50'", '"created_at'": '"2026-06-26T16:20:52.969Z'", '"created_by'": null, '"deleted_at'": null, '"product_id'": 88, '"updated_at'": '"2026-06-26T16:20:52.969Z'", '"updated_by'": null, '"stock_status'": '"in_stock'"}","{'"id'": 793, '"sku'": '"BES12L-SM-12-34.5-24'", '"price'": '"435.00'", '"depth_in'": '"24.00'", '"width_in'": '"12.00'", '"finish_id'": 18, '"height_in'": '"34.50'", '"created_at'": '"2026-06-26T16:20:52.969Z'", '"created_by'": null, '"deleted_at'": '"2026-06-26T18:23:41.016Z'", '"product_id'": 88, '"updated_at'": '"2026-06-26T18:23:41.016Z'", '"updated_by'": 1, '"stock_status'": '"in_stock'"}",2026-06-26 13:23:41.016839-05,,
63,1,SOFT_DELETE,products,88,"{'"id'": 88, '"sku'": '"BES12L'", '"name'": '"BES12L'", '"image_url'": null, '"created_at'": '"2026-06-26T16:20:52.969Z'", '"created_by'": null, '"deleted_at'": null, '"updated_at'": '"2026-06-26T16:20:52.969Z'", '"updated_by'": null, '"description'": '"End Shelf w/4 Shelf(Left Open)'", '"sub_category_id'": 11}","{'"id'": 88, '"sku'": '"BES12L'", '"name'": '"BES12L'", '"image_url'": null, '"created_at'": '"2026-06-26T16:20:52.969Z'", '"created_by'": null, '"deleted_at'": '"2026-06-26T18:23:41.016Z'", '"updated_at'": '"2026-06-26T18:23:41.016Z'", '"updated_by'": 1, '"description'": '"End Shelf w/4 Shelf(Left Open)'", '"sub_category_id'": 11}",2026-06-26 13:23:41.016839-05,,
64,1,SOFT_DELETE,product_variants,794,"{'"id'": 794, '"sku'": '"BES12R-WS-12-34.5-24'", '"price'": '"548.00'", '"depth_in'": '"24.00'", '"width_in'": '"12.00'", '"finish_id'": 1, '"height_in'": '"34.50'", '"created_at'": '"2026-06-26T16:20:52.969Z'", '"created_by'": null, '"deleted_at'": null, '"product_id'": 89, '"updated_at'": '"2026-06-26T16:20:52.969Z'", '"updated_by'": null, '"stock_status'": '"in_stock'"}","{'"id'": 794, '"sku'": '"BES12R-WS-12-34.5-24'", '"price'": '"548.00'", '"depth_in'": '"24.00'", '"width_in'": '"12.00'", '"finish_id'": 1, '"height_in'": '"34.50'", '"created_at'": '"2026-06-26T16:20:52.969Z'", '"created_by'": null, '"deleted_at'": '"2026-06-26T18:23:42.346Z'", '"product_id'": 89, '"updated_at'": '"2026-06-26T18:23:42.346Z'", '"updated_by'": 1, '"stock_status'": '"in_stock'"}",2026-06-26 13:23:42.346605-05,,
65,1,SOFT_DELETE,product_variants,797,"{'"id'": 797, '"sku'": '"BES12R-ES-12-34.5-24'", '"price'": '"953.00'", '"depth_in'": '"24.00'", '"width_in'": '"12.00'", '"finish_id'": 2, '"height_in'": '"34.50'", '"created_at'": '"2026-06-26T16:20:52.969Z'", '"created_by'": null, '"deleted_at'": null, '"product_id'": 89, '"updated_at'": '"2026-06-26T16:20:52.969Z'", '"updated_by'": null, '"stock_status'": '"in_stock'"}","{'"id'": 797, '"sku'": '"BES12R-ES-12-34.5-24'", '"price'": '"953.00'", '"depth_in'": '"24.00'", '"width_in'": '"12.00'", '"finish_id'": 2, '"height_in'": '"34.50'", '"created_at'": '"2026-06-26T16:20:52.969Z'", '"created_by'": null, '"deleted_at'": '"2026-06-26T18:23:42.346Z'", '"product_id'": 89, '"updated_at'": '"2026-06-26T18:23:42.346Z'", '"updated_by'": 1, '"stock_status'": '"in_stock'"}",2026-06-26 13:23:42.346605-05,,
66,1,SOFT_DELETE,product_variants,795,"{'"id'": 795, '"sku'": '"BES12R-AS-12-34.5-24'", '"price'": '"548.00'", '"depth_in'": '"24.00'", '"width_in'": '"12.00'", '"finish_id'": 3, '"height_in'": '"34.50'", '"created_at'": '"2026-06-26T16:20:52.969Z'", '"created_by'": null, '"deleted_at'": null, '"product_id'": 89, '"updated_at'": '"2026-06-26T16:20:52.969Z'", '"updated_by'": null, '"stock_status'": '"in_stock'"}","{'"id'": 795, '"sku'": '"BES12R-AS-12-34.5-24'", '"price'": '"548.00'", '"depth_in'": '"24.00'", '"width_in'": '"12.00'", '"finish_id'": 3, '"height_in'": '"34.50'", '"created_at'": '"2026-06-26T16:20:52.969Z'", '"created_by'": null, '"deleted_at'": '"2026-06-26T18:23:42.346Z'", '"product_id'": 89, '"updated_at'": '"2026-06-26T18:23:42.346Z'", '"updated_by'": 1, '"stock_status'": '"in_stock'"}",2026-06-26 13:23:42.346605-05,,
67,1,SOFT_DELETE,product_variants,796,"{'"id'": 796, '"sku'": '"BES12R-TS-12-34.5-24'", '"price'": '"548.00'", '"depth_in'": '"24.00'", '"width_in'": '"12.00'", '"finish_id'": 9, '"height_in'": '"34.50'", '"created_at'": '"2026-06-26T16:20:52.969Z'", '"created_by'": null, '"deleted_at'": null, '"product_id'": 89, '"updated_at'": '"2026-06-26T16:20:52.969Z'", '"updated_by'": null, '"stock_status'": '"in_stock'"}","{'"id'": 796, '"sku'": '"BES12R-TS-12-34.5-24'", '"price'": '"548.00'", '"depth_in'": '"24.00'", '"width_in'": '"12.00'", '"finish_id'": 9, '"height_in'": '"34.50'", '"created_at'": '"2026-06-26T16:20:52.969Z'", '"created_by'": null, '"deleted_at'": '"2026-06-26T18:23:42.346Z'", '"product_id'": 89, '"updated_at'": '"2026-06-26T18:23:42.346Z'", '"updated_by'": 1, '"stock_status'": '"in_stock'"}",2026-06-26 13:23:42.346605-05,,
68,1,SOFT_DELETE,product_variants,798,"{'"id'": 798, '"sku'": '"BES12R-SF-12-34.5-24'", '"price'": '"923.00'", '"depth_in'": '"24.00'", '"width_in'": '"12.00'", '"finish_id'": 10, '"height_in'": '"34.50'", '"created_at'": '"2026-06-26T16:20:52.969Z'", '"created_by'": null, '"deleted_at'": null, '"product_id'": 89, '"updated_at'": '"2026-06-26T16:20:52.969Z'", '"updated_by'": null, '"stock_status'": '"in_stock'"}","{'"id'": 798, '"sku'": '"BES12R-SF-12-34.5-24'", '"price'": '"923.00'", '"depth_in'": '"24.00'", '"width_in'": '"12.00'", '"finish_id'": 10, '"height_in'": '"34.50'", '"created_at'": '"2026-06-26T16:20:52.969Z'", '"created_by'": null, '"deleted_at'": '"2026-06-26T18:23:42.346Z'", '"product_id'": 89, '"updated_at'": '"2026-06-26T18:23:42.346Z'", '"updated_by'": 1, '"stock_status'": '"in_stock'"}",2026-06-26 13:23:42.346605-05,,
419,1,UPDATE,quotes,1,,"{'"event'": '"admin_view'", '"quote_name'": '"asd'", '"customer_email'": '"ahmetsakallioglu54@gmail.com'"}",2026-07-01 09:28:37.605232-05,,
476,1,CREATE,users,2,,"{'"code'": '"CAB-PUR6-VZ'", '"event'": '"promo_code_issued'", '"source'": '"manual'", '"summary'": '"admin@cabinet.local created manual coupon CAB-PUR6-VZ (1% off, expires Jul 3, 2026) for dealer ahmetsakallioglu54@gmail.com.'", '"discount_type'": '"percentage'", '"promo_code_id'": '"f86e9695-fbc4-4391-8107-5b29135d2984'", '"discount_value'": 1}",2026-07-02 12:51:43.50647-05,,
69,1,SOFT_DELETE,product_variants,799,"{'"id'": 799, '"sku'": '"BES12R-BS-12-34.5-24'", '"price'": '"823.00'", '"depth_in'": '"24.00'", '"width_in'": '"12.00'", '"finish_id'": 11, '"height_in'": '"34.50'", '"created_at'": '"2026-06-26T16:20:52.969Z'", '"created_by'": null, '"deleted_at'": null, '"product_id'": 89, '"updated_at'": '"2026-06-26T16:20:52.969Z'", '"updated_by'": null, '"stock_status'": '"in_stock'"}","{'"id'": 799, '"sku'": '"BES12R-BS-12-34.5-24'", '"price'": '"823.00'", '"depth_in'": '"24.00'", '"width_in'": '"12.00'", '"finish_id'": 11, '"height_in'": '"34.50'", '"created_at'": '"2026-06-26T16:20:52.969Z'", '"created_by'": null, '"deleted_at'": '"2026-06-26T18:23:42.346Z'", '"product_id'": 89, '"updated_at'": '"2026-06-26T18:23:42.346Z'", '"updated_by'": 1, '"stock_status'": '"in_stock'"}",2026-06-26 13:23:42.346605-05,,
70,1,SOFT_DELETE,product_variants,800,"{'"id'": 800, '"sku'": '"BES12R-CS-12-34.5-24'", '"price'": '"723.00'", '"depth_in'": '"24.00'", '"width_in'": '"12.00'", '"finish_id'": 13, '"height_in'": '"34.50'", '"created_at'": '"2026-06-26T16:20:52.969Z'", '"created_by'": null, '"deleted_at'": null, '"product_id'": 89, '"updated_at'": '"2026-06-26T16:20:52.969Z'", '"updated_by'": null, '"stock_status'": '"in_stock'"}","{'"id'": 800, '"sku'": '"BES12R-CS-12-34.5-24'", '"price'": '"723.00'", '"depth_in'": '"24.00'", '"width_in'": '"12.00'", '"finish_id'": 13, '"height_in'": '"34.50'", '"created_at'": '"2026-06-26T16:20:52.969Z'", '"created_by'": null, '"deleted_at'": '"2026-06-26T18:23:42.346Z'", '"product_id'": 89, '"updated_at'": '"2026-06-26T18:23:42.346Z'", '"updated_by'": 1, '"stock_status'": '"in_stock'"}",2026-06-26 13:23:42.346605-05,,
71,1,SOFT_DELETE,product_variants,801,"{'"id'": 801, '"sku'": '"BES12R-DGS-12-34.5-24'", '"price'": '"853.00'", '"depth_in'": '"24.00'", '"width_in'": '"12.00'", '"finish_id'": 14, '"height_in'": '"34.50'", '"created_at'": '"2026-06-26T16:20:52.969Z'", '"created_by'": null, '"deleted_at'": null, '"product_id'": 89, '"updated_at'": '"2026-06-26T16:20:52.969Z'", '"updated_by'": null, '"stock_status'": '"in_stock'"}","{'"id'": 801, '"sku'": '"BES12R-DGS-12-34.5-24'", '"price'": '"853.00'", '"depth_in'": '"24.00'", '"width_in'": '"12.00'", '"finish_id'": 14, '"height_in'": '"34.50'", '"created_at'": '"2026-06-26T16:20:52.969Z'", '"created_by'": null, '"deleted_at'": '"2026-06-26T18:23:42.346Z'", '"product_id'": 89, '"updated_at'": '"2026-06-26T18:23:42.346Z'", '"updated_by'": 1, '"stock_status'": '"in_stock'"}",2026-06-26 13:23:42.346605-05,,
72,1,SOFT_DELETE,product_variants,802,"{'"id'": 802, '"sku'": '"BES12R-FGS-12-34.5-24'", '"price'": '"623.00'", '"depth_in'": '"24.00'", '"width_in'": '"12.00'", '"finish_id'": 15, '"height_in'": '"34.50'", '"created_at'": '"2026-06-26T16:20:52.969Z'", '"created_by'": null, '"deleted_at'": null, '"product_id'": 89, '"updated_at'": '"2026-06-26T16:20:52.969Z'", '"updated_by'": null, '"stock_status'": '"in_stock'"}","{'"id'": 802, '"sku'": '"BES12R-FGS-12-34.5-24'", '"price'": '"623.00'", '"depth_in'": '"24.00'", '"width_in'": '"12.00'", '"finish_id'": 15, '"height_in'": '"34.50'", '"created_at'": '"2026-06-26T16:20:52.969Z'", '"created_by'": null, '"deleted_at'": '"2026-06-26T18:23:42.346Z'", '"product_id'": 89, '"updated_at'": '"2026-06-26T18:23:42.346Z'", '"updated_by'": 1, '"stock_status'": '"in_stock'"}",2026-06-26 13:23:42.346605-05,,
73,1,SOFT_DELETE,product_variants,803,"{'"id'": 803, '"sku'": '"BES12R-LG-12-34.5-24'", '"price'": '"345.00'", '"depth_in'": '"24.00'", '"width_in'": '"12.00'", '"finish_id'": 16, '"height_in'": '"34.50'", '"created_at'": '"2026-06-26T16:20:52.969Z'", '"created_by'": null, '"deleted_at'": null, '"product_id'": 89, '"updated_at'": '"2026-06-26T16:20:52.969Z'", '"updated_by'": null, '"stock_status'": '"in_stock'"}","{'"id'": 803, '"sku'": '"BES12R-LG-12-34.5-24'", '"price'": '"345.00'", '"depth_in'": '"24.00'", '"width_in'": '"12.00'", '"finish_id'": 16, '"height_in'": '"34.50'", '"created_at'": '"2026-06-26T16:20:52.969Z'", '"created_by'": null, '"deleted_at'": '"2026-06-26T18:23:42.346Z'", '"product_id'": 89, '"updated_at'": '"2026-06-26T18:23:42.346Z'", '"updated_by'": 1, '"stock_status'": '"in_stock'"}",2026-06-26 13:23:42.346605-05,,
74,1,SOFT_DELETE,product_variants,804,"{'"id'": 804, '"sku'": '"BES12R-E-12-34.5-24'", '"price'": '"343.00'", '"depth_in'": '"24.00'", '"width_in'": '"12.00'", '"finish_id'": 17, '"height_in'": '"34.50'", '"created_at'": '"2026-06-26T16:20:52.969Z'", '"created_by'": null, '"deleted_at'": null, '"product_id'": 89, '"updated_at'": '"2026-06-26T16:20:52.969Z'", '"updated_by'": null, '"stock_status'": '"in_stock'"}","{'"id'": 804, '"sku'": '"BES12R-E-12-34.5-24'", '"price'": '"343.00'", '"depth_in'": '"24.00'", '"width_in'": '"12.00'", '"finish_id'": 17, '"height_in'": '"34.50'", '"created_at'": '"2026-06-26T16:20:52.969Z'", '"created_by'": null, '"deleted_at'": '"2026-06-26T18:23:42.346Z'", '"product_id'": 89, '"updated_at'": '"2026-06-26T18:23:42.346Z'", '"updated_by'": 1, '"stock_status'": '"in_stock'"}",2026-06-26 13:23:42.346605-05,,
75,1,SOFT_DELETE,product_variants,805,"{'"id'": 805, '"sku'": '"BES12R-SM-12-34.5-24'", '"price'": '"435.00'", '"depth_in'": '"24.00'", '"width_in'": '"12.00'", '"finish_id'": 18, '"height_in'": '"34.50'", '"created_at'": '"2026-06-26T16:20:52.969Z'", '"created_by'": null, '"deleted_at'": null, '"product_id'": 89, '"updated_at'": '"2026-06-26T16:20:52.969Z'", '"updated_by'": null, '"stock_status'": '"in_stock'"}","{'"id'": 805, '"sku'": '"BES12R-SM-12-34.5-24'", '"price'": '"435.00'", '"depth_in'": '"24.00'", '"width_in'": '"12.00'", '"finish_id'": 18, '"height_in'": '"34.50'", '"created_at'": '"2026-06-26T16:20:52.969Z'", '"created_by'": null, '"deleted_at'": '"2026-06-26T18:23:42.346Z'", '"product_id'": 89, '"updated_at'": '"2026-06-26T18:23:42.346Z'", '"updated_by'": 1, '"stock_status'": '"in_stock'"}",2026-06-26 13:23:42.346605-05,,
76,1,SOFT_DELETE,products,89,"{'"id'": 89, '"sku'": '"BES12R'", '"name'": '"BES12R'", '"image_url'": null, '"created_at'": '"2026-06-26T16:20:52.969Z'", '"created_by'": null, '"deleted_at'": null, '"updated_at'": '"2026-06-26T16:20:52.969Z'", '"updated_by'": null, '"description'": '"End Shelf w/4 Shelf(Right Open)'", '"sub_category_id'": 11}","{'"id'": 89, '"sku'": '"BES12R'", '"name'": '"BES12R'", '"image_url'": null, '"created_at'": '"2026-06-26T16:20:52.969Z'", '"created_by'": null, '"deleted_at'": '"2026-06-26T18:23:42.346Z'", '"updated_at'": '"2026-06-26T18:23:42.346Z'", '"updated_by'": 1, '"description'": '"End Shelf w/4 Shelf(Right Open)'", '"sub_category_id'": 11}",2026-06-26 13:23:42.346605-05,,
77,1,SOFT_DELETE,product_variants,806,"{'"id'": 806, '"sku'": '"BEC24-WS-24-34.5-24'", '"price'": '"435.00'", '"depth_in'": '"24.00'", '"width_in'": '"24.00'", '"finish_id'": 1, '"height_in'": '"34.50'", '"created_at'": '"2026-06-26T16:20:52.969Z'", '"created_by'": null, '"deleted_at'": null, '"product_id'": 90, '"updated_at'": '"2026-06-26T16:20:52.969Z'", '"updated_by'": null, '"stock_status'": '"in_stock'"}","{'"id'": 806, '"sku'": '"BEC24-WS-24-34.5-24'", '"price'": '"435.00'", '"depth_in'": '"24.00'", '"width_in'": '"24.00'", '"finish_id'": 1, '"height_in'": '"34.50'", '"created_at'": '"2026-06-26T16:20:52.969Z'", '"created_by'": null, '"deleted_at'": '"2026-06-26T18:23:49.629Z'", '"product_id'": 90, '"updated_at'": '"2026-06-26T18:23:49.629Z'", '"updated_by'": 1, '"stock_status'": '"in_stock'"}",2026-06-26 13:23:49.629528-05,,
420,1,UPDATE,products,7,"{'"id'": 7, '"sku'": '"B12'", '"name'": '"B12'", '"image_url'": '"/uploads/products/13c1443f-ec9b-4cc1-9fc0-dcfe34619c2c.png'", '"created_at'": '"2026-06-20T21:09:11.370Z'", '"created_by'": null, '"deleted_at'": null, '"updated_at'": '"2026-06-30T20:04:04.606Z'", '"updated_by'": null, '"description'": '"1 Door & 1 Drawer'", '"sub_category_id'": 3}","{'"event'": '"toggle_unlist'", '"summary'": '"Admin admin@cabinet.local, B12 ürününü katalog listesinden kaldırdı (Gizledi).'", '"is_listed'": false, '"product_name'": '"B12'"}",2026-07-01 09:34:03.392963-05,,
78,1,SOFT_DELETE,product_variants,809,"{'"id'": 809, '"sku'": '"BEC24-ES-24-34.5-24'", '"price'": '"953.00'", '"depth_in'": '"24.00'", '"width_in'": '"24.00'", '"finish_id'": 2, '"height_in'": '"34.50'", '"created_at'": '"2026-06-26T16:20:52.969Z'", '"created_by'": null, '"deleted_at'": null, '"product_id'": 90, '"updated_at'": '"2026-06-26T16:20:52.969Z'", '"updated_by'": null, '"stock_status'": '"in_stock'"}","{'"id'": 809, '"sku'": '"BEC24-ES-24-34.5-24'", '"price'": '"953.00'", '"depth_in'": '"24.00'", '"width_in'": '"24.00'", '"finish_id'": 2, '"height_in'": '"34.50'", '"created_at'": '"2026-06-26T16:20:52.969Z'", '"created_by'": null, '"deleted_at'": '"2026-06-26T18:23:49.629Z'", '"product_id'": 90, '"updated_at'": '"2026-06-26T18:23:49.629Z'", '"updated_by'": 1, '"stock_status'": '"in_stock'"}",2026-06-26 13:23:49.629528-05,,
79,1,SOFT_DELETE,product_variants,807,"{'"id'": 807, '"sku'": '"BEC24-AS-24-34.5-24'", '"price'": '"435.00'", '"depth_in'": '"24.00'", '"width_in'": '"24.00'", '"finish_id'": 3, '"height_in'": '"34.50'", '"created_at'": '"2026-06-26T16:20:52.969Z'", '"created_by'": null, '"deleted_at'": null, '"product_id'": 90, '"updated_at'": '"2026-06-26T16:20:52.969Z'", '"updated_by'": null, '"stock_status'": '"in_stock'"}","{'"id'": 807, '"sku'": '"BEC24-AS-24-34.5-24'", '"price'": '"435.00'", '"depth_in'": '"24.00'", '"width_in'": '"24.00'", '"finish_id'": 3, '"height_in'": '"34.50'", '"created_at'": '"2026-06-26T16:20:52.969Z'", '"created_by'": null, '"deleted_at'": '"2026-06-26T18:23:49.629Z'", '"product_id'": 90, '"updated_at'": '"2026-06-26T18:23:49.629Z'", '"updated_by'": 1, '"stock_status'": '"in_stock'"}",2026-06-26 13:23:49.629528-05,,
80,1,SOFT_DELETE,product_variants,808,"{'"id'": 808, '"sku'": '"BEC24-TS-24-34.5-24'", '"price'": '"435.00'", '"depth_in'": '"24.00'", '"width_in'": '"24.00'", '"finish_id'": 9, '"height_in'": '"34.50'", '"created_at'": '"2026-06-26T16:20:52.969Z'", '"created_by'": null, '"deleted_at'": null, '"product_id'": 90, '"updated_at'": '"2026-06-26T16:20:52.969Z'", '"updated_by'": null, '"stock_status'": '"in_stock'"}","{'"id'": 808, '"sku'": '"BEC24-TS-24-34.5-24'", '"price'": '"435.00'", '"depth_in'": '"24.00'", '"width_in'": '"24.00'", '"finish_id'": 9, '"height_in'": '"34.50'", '"created_at'": '"2026-06-26T16:20:52.969Z'", '"created_by'": null, '"deleted_at'": '"2026-06-26T18:23:49.629Z'", '"product_id'": 90, '"updated_at'": '"2026-06-26T18:23:49.629Z'", '"updated_by'": 1, '"stock_status'": '"in_stock'"}",2026-06-26 13:23:49.629528-05,,
81,1,SOFT_DELETE,product_variants,810,"{'"id'": 810, '"sku'": '"BEC24-SF-24-34.5-24'", '"price'": '"923.00'", '"depth_in'": '"24.00'", '"width_in'": '"24.00'", '"finish_id'": 10, '"height_in'": '"34.50'", '"created_at'": '"2026-06-26T16:20:52.969Z'", '"created_by'": null, '"deleted_at'": null, '"product_id'": 90, '"updated_at'": '"2026-06-26T16:20:52.969Z'", '"updated_by'": null, '"stock_status'": '"in_stock'"}","{'"id'": 810, '"sku'": '"BEC24-SF-24-34.5-24'", '"price'": '"923.00'", '"depth_in'": '"24.00'", '"width_in'": '"24.00'", '"finish_id'": 10, '"height_in'": '"34.50'", '"created_at'": '"2026-06-26T16:20:52.969Z'", '"created_by'": null, '"deleted_at'": '"2026-06-26T18:23:49.629Z'", '"product_id'": 90, '"updated_at'": '"2026-06-26T18:23:49.629Z'", '"updated_by'": 1, '"stock_status'": '"in_stock'"}",2026-06-26 13:23:49.629528-05,,
82,1,SOFT_DELETE,product_variants,811,"{'"id'": 811, '"sku'": '"BEC24-BS-24-34.5-24'", '"price'": '"823.00'", '"depth_in'": '"24.00'", '"width_in'": '"24.00'", '"finish_id'": 11, '"height_in'": '"34.50'", '"created_at'": '"2026-06-26T16:20:52.969Z'", '"created_by'": null, '"deleted_at'": null, '"product_id'": 90, '"updated_at'": '"2026-06-26T16:20:52.969Z'", '"updated_by'": null, '"stock_status'": '"in_stock'"}","{'"id'": 811, '"sku'": '"BEC24-BS-24-34.5-24'", '"price'": '"823.00'", '"depth_in'": '"24.00'", '"width_in'": '"24.00'", '"finish_id'": 11, '"height_in'": '"34.50'", '"created_at'": '"2026-06-26T16:20:52.969Z'", '"created_by'": null, '"deleted_at'": '"2026-06-26T18:23:49.629Z'", '"product_id'": 90, '"updated_at'": '"2026-06-26T18:23:49.629Z'", '"updated_by'": 1, '"stock_status'": '"in_stock'"}",2026-06-26 13:23:49.629528-05,,
83,1,SOFT_DELETE,product_variants,812,"{'"id'": 812, '"sku'": '"BEC24-CS-24-34.5-24'", '"price'": '"723.00'", '"depth_in'": '"24.00'", '"width_in'": '"24.00'", '"finish_id'": 13, '"height_in'": '"34.50'", '"created_at'": '"2026-06-26T16:20:52.969Z'", '"created_by'": null, '"deleted_at'": null, '"product_id'": 90, '"updated_at'": '"2026-06-26T16:20:52.969Z'", '"updated_by'": null, '"stock_status'": '"in_stock'"}","{'"id'": 812, '"sku'": '"BEC24-CS-24-34.5-24'", '"price'": '"723.00'", '"depth_in'": '"24.00'", '"width_in'": '"24.00'", '"finish_id'": 13, '"height_in'": '"34.50'", '"created_at'": '"2026-06-26T16:20:52.969Z'", '"created_by'": null, '"deleted_at'": '"2026-06-26T18:23:49.629Z'", '"product_id'": 90, '"updated_at'": '"2026-06-26T18:23:49.629Z'", '"updated_by'": 1, '"stock_status'": '"in_stock'"}",2026-06-26 13:23:49.629528-05,,
84,1,SOFT_DELETE,product_variants,813,"{'"id'": 813, '"sku'": '"BEC24-DGS-24-34.5-24'", '"price'": '"853.00'", '"depth_in'": '"24.00'", '"width_in'": '"24.00'", '"finish_id'": 14, '"height_in'": '"34.50'", '"created_at'": '"2026-06-26T16:20:52.969Z'", '"created_by'": null, '"deleted_at'": null, '"product_id'": 90, '"updated_at'": '"2026-06-26T16:20:52.969Z'", '"updated_by'": null, '"stock_status'": '"in_stock'"}","{'"id'": 813, '"sku'": '"BEC24-DGS-24-34.5-24'", '"price'": '"853.00'", '"depth_in'": '"24.00'", '"width_in'": '"24.00'", '"finish_id'": 14, '"height_in'": '"34.50'", '"created_at'": '"2026-06-26T16:20:52.969Z'", '"created_by'": null, '"deleted_at'": '"2026-06-26T18:23:49.629Z'", '"product_id'": 90, '"updated_at'": '"2026-06-26T18:23:49.629Z'", '"updated_by'": 1, '"stock_status'": '"in_stock'"}",2026-06-26 13:23:49.629528-05,,
85,1,SOFT_DELETE,product_variants,814,"{'"id'": 814, '"sku'": '"BEC24-FGS-24-34.5-24'", '"price'": '"623.00'", '"depth_in'": '"24.00'", '"width_in'": '"24.00'", '"finish_id'": 15, '"height_in'": '"34.50'", '"created_at'": '"2026-06-26T16:20:52.969Z'", '"created_by'": null, '"deleted_at'": null, '"product_id'": 90, '"updated_at'": '"2026-06-26T16:20:52.969Z'", '"updated_by'": null, '"stock_status'": '"in_stock'"}","{'"id'": 814, '"sku'": '"BEC24-FGS-24-34.5-24'", '"price'": '"623.00'", '"depth_in'": '"24.00'", '"width_in'": '"24.00'", '"finish_id'": 15, '"height_in'": '"34.50'", '"created_at'": '"2026-06-26T16:20:52.969Z'", '"created_by'": null, '"deleted_at'": '"2026-06-26T18:23:49.629Z'", '"product_id'": 90, '"updated_at'": '"2026-06-26T18:23:49.629Z'", '"updated_by'": 1, '"stock_status'": '"in_stock'"}",2026-06-26 13:23:49.629528-05,,
86,1,SOFT_DELETE,product_variants,815,"{'"id'": 815, '"sku'": '"BEC24-LG-24-34.5-24'", '"price'": '"345.00'", '"depth_in'": '"24.00'", '"width_in'": '"24.00'", '"finish_id'": 16, '"height_in'": '"34.50'", '"created_at'": '"2026-06-26T16:20:52.969Z'", '"created_by'": null, '"deleted_at'": null, '"product_id'": 90, '"updated_at'": '"2026-06-26T16:20:52.969Z'", '"updated_by'": null, '"stock_status'": '"in_stock'"}","{'"id'": 815, '"sku'": '"BEC24-LG-24-34.5-24'", '"price'": '"345.00'", '"depth_in'": '"24.00'", '"width_in'": '"24.00'", '"finish_id'": 16, '"height_in'": '"34.50'", '"created_at'": '"2026-06-26T16:20:52.969Z'", '"created_by'": null, '"deleted_at'": '"2026-06-26T18:23:49.629Z'", '"product_id'": 90, '"updated_at'": '"2026-06-26T18:23:49.629Z'", '"updated_by'": 1, '"stock_status'": '"in_stock'"}",2026-06-26 13:23:49.629528-05,,
421,1,UPDATE,products,7,"{'"id'": 7, '"sku'": '"B12'", '"name'": '"B12'", '"image_url'": '"/uploads/products/13c1443f-ec9b-4cc1-9fc0-dcfe34619c2c.png'", '"created_at'": '"2026-06-20T21:09:11.370Z'", '"created_by'": null, '"deleted_at'": null, '"updated_at'": '"2026-06-30T20:04:04.606Z'", '"updated_by'": null, '"description'": '"1 Door & 1 Drawer'", '"sub_category_id'": 3}","{'"event'": '"toggle_unlist'", '"summary'": '"Admin admin@cabinet.local, B12 ürününü katalog listesine yayına aldı.'", '"is_listed'": true, '"product_name'": '"B12'"}",2026-07-01 09:34:20.66201-05,,
87,1,SOFT_DELETE,product_variants,816,"{'"id'": 816, '"sku'": '"BEC24-E-24-34.5-24'", '"price'": '"343.00'", '"depth_in'": '"24.00'", '"width_in'": '"24.00'", '"finish_id'": 17, '"height_in'": '"34.50'", '"created_at'": '"2026-06-26T16:20:52.969Z'", '"created_by'": null, '"deleted_at'": null, '"product_id'": 90, '"updated_at'": '"2026-06-26T16:20:52.969Z'", '"updated_by'": null, '"stock_status'": '"in_stock'"}","{'"id'": 816, '"sku'": '"BEC24-E-24-34.5-24'", '"price'": '"343.00'", '"depth_in'": '"24.00'", '"width_in'": '"24.00'", '"finish_id'": 17, '"height_in'": '"34.50'", '"created_at'": '"2026-06-26T16:20:52.969Z'", '"created_by'": null, '"deleted_at'": '"2026-06-26T18:23:49.629Z'", '"product_id'": 90, '"updated_at'": '"2026-06-26T18:23:49.629Z'", '"updated_by'": 1, '"stock_status'": '"in_stock'"}",2026-06-26 13:23:49.629528-05,,
88,1,SOFT_DELETE,product_variants,817,"{'"id'": 817, '"sku'": '"BEC24-SM-24-34.5-24'", '"price'": '"435.00'", '"depth_in'": '"24.00'", '"width_in'": '"24.00'", '"finish_id'": 18, '"height_in'": '"34.50'", '"created_at'": '"2026-06-26T16:20:52.969Z'", '"created_by'": null, '"deleted_at'": null, '"product_id'": 90, '"updated_at'": '"2026-06-26T16:20:52.969Z'", '"updated_by'": null, '"stock_status'": '"in_stock'"}","{'"id'": 817, '"sku'": '"BEC24-SM-24-34.5-24'", '"price'": '"435.00'", '"depth_in'": '"24.00'", '"width_in'": '"24.00'", '"finish_id'": 18, '"height_in'": '"34.50'", '"created_at'": '"2026-06-26T16:20:52.969Z'", '"created_by'": null, '"deleted_at'": '"2026-06-26T18:23:49.629Z'", '"product_id'": 90, '"updated_at'": '"2026-06-26T18:23:49.629Z'", '"updated_by'": 1, '"stock_status'": '"in_stock'"}",2026-06-26 13:23:49.629528-05,,
89,1,SOFT_DELETE,products,90,"{'"id'": 90, '"sku'": '"BEC24'", '"name'": '"BEC24'", '"image_url'": null, '"created_at'": '"2026-06-26T16:20:52.969Z'", '"created_by'": null, '"deleted_at'": null, '"updated_at'": '"2026-06-26T16:20:52.969Z'", '"updated_by'": null, '"description'": '"Angle End w/2 Full Height Door'", '"sub_category_id'": 12}","{'"id'": 90, '"sku'": '"BEC24'", '"name'": '"BEC24'", '"image_url'": null, '"created_at'": '"2026-06-26T16:20:52.969Z'", '"created_by'": null, '"deleted_at'": '"2026-06-26T18:23:49.629Z'", '"updated_at'": '"2026-06-26T18:23:49.629Z'", '"updated_by'": 1, '"description'": '"Angle End w/2 Full Height Door'", '"sub_category_id'": 12}",2026-06-26 13:23:49.629528-05,,
90,1,SOFT_DELETE,product_variants,1310,"{'"id'": 1310, '"sku'": '"OE1230-WS-12-30-12'", '"price'": '"589.00'", '"depth_in'": '"12.00'", '"width_in'": '"12.00'", '"finish_id'": 1, '"height_in'": '"30.00'", '"created_at'": '"2026-06-26T18:13:08.164Z'", '"created_by'": null, '"deleted_at'": null, '"product_id'": 111, '"updated_at'": '"2026-06-26T18:13:08.164Z'", '"updated_by'": null, '"stock_status'": '"in_stock'"}","{'"id'": 1310, '"sku'": '"OE1230-WS-12-30-12'", '"price'": '"589.00'", '"depth_in'": '"12.00'", '"width_in'": '"12.00'", '"finish_id'": 1, '"height_in'": '"30.00'", '"created_at'": '"2026-06-26T18:13:08.164Z'", '"created_by'": null, '"deleted_at'": '"2026-06-26T18:26:21.067Z'", '"product_id'": 111, '"updated_at'": '"2026-06-26T18:26:21.067Z'", '"updated_by'": 1, '"stock_status'": '"in_stock'"}",2026-06-26 13:26:21.067977-05,,
91,1,SOFT_DELETE,product_variants,1313,"{'"id'": 1313, '"sku'": '"OE1230-ES-12-30-12'", '"price'": '"953.00'", '"depth_in'": '"12.00'", '"width_in'": '"12.00'", '"finish_id'": 2, '"height_in'": '"30.00'", '"created_at'": '"2026-06-26T18:13:08.164Z'", '"created_by'": null, '"deleted_at'": null, '"product_id'": 111, '"updated_at'": '"2026-06-26T18:13:08.164Z'", '"updated_by'": null, '"stock_status'": '"in_stock'"}","{'"id'": 1313, '"sku'": '"OE1230-ES-12-30-12'", '"price'": '"953.00'", '"depth_in'": '"12.00'", '"width_in'": '"12.00'", '"finish_id'": 2, '"height_in'": '"30.00'", '"created_at'": '"2026-06-26T18:13:08.164Z'", '"created_by'": null, '"deleted_at'": '"2026-06-26T18:26:21.067Z'", '"product_id'": 111, '"updated_at'": '"2026-06-26T18:26:21.067Z'", '"updated_by'": 1, '"stock_status'": '"in_stock'"}",2026-06-26 13:26:21.067977-05,,
92,1,SOFT_DELETE,product_variants,1311,"{'"id'": 1311, '"sku'": '"OE1230-AS-12-30-12'", '"price'": '"589.00'", '"depth_in'": '"12.00'", '"width_in'": '"12.00'", '"finish_id'": 3, '"height_in'": '"30.00'", '"created_at'": '"2026-06-26T18:13:08.164Z'", '"created_by'": null, '"deleted_at'": null, '"product_id'": 111, '"updated_at'": '"2026-06-26T18:13:08.164Z'", '"updated_by'": null, '"stock_status'": '"in_stock'"}","{'"id'": 1311, '"sku'": '"OE1230-AS-12-30-12'", '"price'": '"589.00'", '"depth_in'": '"12.00'", '"width_in'": '"12.00'", '"finish_id'": 3, '"height_in'": '"30.00'", '"created_at'": '"2026-06-26T18:13:08.164Z'", '"created_by'": null, '"deleted_at'": '"2026-06-26T18:26:21.067Z'", '"product_id'": 111, '"updated_at'": '"2026-06-26T18:26:21.067Z'", '"updated_by'": 1, '"stock_status'": '"in_stock'"}",2026-06-26 13:26:21.067977-05,,
93,1,SOFT_DELETE,product_variants,1312,"{'"id'": 1312, '"sku'": '"OE1230-TS-12-30-12'", '"price'": '"589.00'", '"depth_in'": '"12.00'", '"width_in'": '"12.00'", '"finish_id'": 9, '"height_in'": '"30.00'", '"created_at'": '"2026-06-26T18:13:08.164Z'", '"created_by'": null, '"deleted_at'": null, '"product_id'": 111, '"updated_at'": '"2026-06-26T18:13:08.164Z'", '"updated_by'": null, '"stock_status'": '"in_stock'"}","{'"id'": 1312, '"sku'": '"OE1230-TS-12-30-12'", '"price'": '"589.00'", '"depth_in'": '"12.00'", '"width_in'": '"12.00'", '"finish_id'": 9, '"height_in'": '"30.00'", '"created_at'": '"2026-06-26T18:13:08.164Z'", '"created_by'": null, '"deleted_at'": '"2026-06-26T18:26:21.067Z'", '"product_id'": 111, '"updated_at'": '"2026-06-26T18:26:21.067Z'", '"updated_by'": 1, '"stock_status'": '"in_stock'"}",2026-06-26 13:26:21.067977-05,,
94,1,SOFT_DELETE,product_variants,1314,"{'"id'": 1314, '"sku'": '"OE1230-SF-12-30-12'", '"price'": '"923.00'", '"depth_in'": '"12.00'", '"width_in'": '"12.00'", '"finish_id'": 10, '"height_in'": '"30.00'", '"created_at'": '"2026-06-26T18:13:08.164Z'", '"created_by'": null, '"deleted_at'": null, '"product_id'": 111, '"updated_at'": '"2026-06-26T18:13:08.164Z'", '"updated_by'": null, '"stock_status'": '"in_stock'"}","{'"id'": 1314, '"sku'": '"OE1230-SF-12-30-12'", '"price'": '"923.00'", '"depth_in'": '"12.00'", '"width_in'": '"12.00'", '"finish_id'": 10, '"height_in'": '"30.00'", '"created_at'": '"2026-06-26T18:13:08.164Z'", '"created_by'": null, '"deleted_at'": '"2026-06-26T18:26:21.067Z'", '"product_id'": 111, '"updated_at'": '"2026-06-26T18:26:21.067Z'", '"updated_by'": 1, '"stock_status'": '"in_stock'"}",2026-06-26 13:26:21.067977-05,,
95,1,SOFT_DELETE,product_variants,1315,"{'"id'": 1315, '"sku'": '"OE1230-BS-12-30-12'", '"price'": '"823.00'", '"depth_in'": '"12.00'", '"width_in'": '"12.00'", '"finish_id'": 11, '"height_in'": '"30.00'", '"created_at'": '"2026-06-26T18:13:08.164Z'", '"created_by'": null, '"deleted_at'": null, '"product_id'": 111, '"updated_at'": '"2026-06-26T18:13:08.164Z'", '"updated_by'": null, '"stock_status'": '"in_stock'"}","{'"id'": 1315, '"sku'": '"OE1230-BS-12-30-12'", '"price'": '"823.00'", '"depth_in'": '"12.00'", '"width_in'": '"12.00'", '"finish_id'": 11, '"height_in'": '"30.00'", '"created_at'": '"2026-06-26T18:13:08.164Z'", '"created_by'": null, '"deleted_at'": '"2026-06-26T18:26:21.067Z'", '"product_id'": 111, '"updated_at'": '"2026-06-26T18:26:21.067Z'", '"updated_by'": 1, '"stock_status'": '"in_stock'"}",2026-06-26 13:26:21.067977-05,,
422,1,UPDATE,products,7,"{'"id'": 7, '"sku'": '"B12'", '"name'": '"B12'", '"image_url'": '"/uploads/products/13c1443f-ec9b-4cc1-9fc0-dcfe34619c2c.png'", '"created_at'": '"2026-06-20T21:09:11.370Z'", '"created_by'": null, '"deleted_at'": null, '"updated_at'": '"2026-06-30T20:04:04.606Z'", '"updated_by'": null, '"description'": '"1 Door & 1 Drawer'", '"sub_category_id'": 3}","{'"event'": '"bulk_out_of_stock'", '"summary'": '"Admin admin@cabinet.local, B12 ürününe ait tüm renk ve varyantları toplu olarak GÜVENSİZ/STOK DIŞI (Out of Stock) olarak işaretledi.'", '"product_name'": '"B12'", '"updated_variant_count'": 16}",2026-07-01 09:34:26.929237-05,,
96,1,SOFT_DELETE,product_variants,1316,"{'"id'": 1316, '"sku'": '"OE1230-CS-12-30-12'", '"price'": '"723.00'", '"depth_in'": '"12.00'", '"width_in'": '"12.00'", '"finish_id'": 13, '"height_in'": '"30.00'", '"created_at'": '"2026-06-26T18:13:08.164Z'", '"created_by'": null, '"deleted_at'": null, '"product_id'": 111, '"updated_at'": '"2026-06-26T18:13:08.164Z'", '"updated_by'": null, '"stock_status'": '"in_stock'"}","{'"id'": 1316, '"sku'": '"OE1230-CS-12-30-12'", '"price'": '"723.00'", '"depth_in'": '"12.00'", '"width_in'": '"12.00'", '"finish_id'": 13, '"height_in'": '"30.00'", '"created_at'": '"2026-06-26T18:13:08.164Z'", '"created_by'": null, '"deleted_at'": '"2026-06-26T18:26:21.067Z'", '"product_id'": 111, '"updated_at'": '"2026-06-26T18:26:21.067Z'", '"updated_by'": 1, '"stock_status'": '"in_stock'"}",2026-06-26 13:26:21.067977-05,,
97,1,SOFT_DELETE,product_variants,1317,"{'"id'": 1317, '"sku'": '"OE1230-DGS-12-30-12'", '"price'": '"853.00'", '"depth_in'": '"12.00'", '"width_in'": '"12.00'", '"finish_id'": 14, '"height_in'": '"30.00'", '"created_at'": '"2026-06-26T18:13:08.164Z'", '"created_by'": null, '"deleted_at'": null, '"product_id'": 111, '"updated_at'": '"2026-06-26T18:13:08.164Z'", '"updated_by'": null, '"stock_status'": '"in_stock'"}","{'"id'": 1317, '"sku'": '"OE1230-DGS-12-30-12'", '"price'": '"853.00'", '"depth_in'": '"12.00'", '"width_in'": '"12.00'", '"finish_id'": 14, '"height_in'": '"30.00'", '"created_at'": '"2026-06-26T18:13:08.164Z'", '"created_by'": null, '"deleted_at'": '"2026-06-26T18:26:21.067Z'", '"product_id'": 111, '"updated_at'": '"2026-06-26T18:26:21.067Z'", '"updated_by'": 1, '"stock_status'": '"in_stock'"}",2026-06-26 13:26:21.067977-05,,
98,1,SOFT_DELETE,product_variants,1318,"{'"id'": 1318, '"sku'": '"OE1230-FGS-12-30-12'", '"price'": '"623.00'", '"depth_in'": '"12.00'", '"width_in'": '"12.00'", '"finish_id'": 15, '"height_in'": '"30.00'", '"created_at'": '"2026-06-26T18:13:08.164Z'", '"created_by'": null, '"deleted_at'": null, '"product_id'": 111, '"updated_at'": '"2026-06-26T18:13:08.164Z'", '"updated_by'": null, '"stock_status'": '"in_stock'"}","{'"id'": 1318, '"sku'": '"OE1230-FGS-12-30-12'", '"price'": '"623.00'", '"depth_in'": '"12.00'", '"width_in'": '"12.00'", '"finish_id'": 15, '"height_in'": '"30.00'", '"created_at'": '"2026-06-26T18:13:08.164Z'", '"created_by'": null, '"deleted_at'": '"2026-06-26T18:26:21.067Z'", '"product_id'": 111, '"updated_at'": '"2026-06-26T18:26:21.067Z'", '"updated_by'": 1, '"stock_status'": '"in_stock'"}",2026-06-26 13:26:21.067977-05,,
99,1,SOFT_DELETE,product_variants,1319,"{'"id'": 1319, '"sku'": '"OE1230-LG-12-30-12'", '"price'": '"345.00'", '"depth_in'": '"12.00'", '"width_in'": '"12.00'", '"finish_id'": 16, '"height_in'": '"30.00'", '"created_at'": '"2026-06-26T18:13:08.164Z'", '"created_by'": null, '"deleted_at'": null, '"product_id'": 111, '"updated_at'": '"2026-06-26T18:13:08.164Z'", '"updated_by'": null, '"stock_status'": '"in_stock'"}","{'"id'": 1319, '"sku'": '"OE1230-LG-12-30-12'", '"price'": '"345.00'", '"depth_in'": '"12.00'", '"width_in'": '"12.00'", '"finish_id'": 16, '"height_in'": '"30.00'", '"created_at'": '"2026-06-26T18:13:08.164Z'", '"created_by'": null, '"deleted_at'": '"2026-06-26T18:26:21.067Z'", '"product_id'": 111, '"updated_at'": '"2026-06-26T18:26:21.067Z'", '"updated_by'": 1, '"stock_status'": '"in_stock'"}",2026-06-26 13:26:21.067977-05,,
100,1,SOFT_DELETE,product_variants,1320,"{'"id'": 1320, '"sku'": '"OE1230-E-12-30-12'", '"price'": '"343.00'", '"depth_in'": '"12.00'", '"width_in'": '"12.00'", '"finish_id'": 17, '"height_in'": '"30.00'", '"created_at'": '"2026-06-26T18:13:08.164Z'", '"created_by'": null, '"deleted_at'": null, '"product_id'": 111, '"updated_at'": '"2026-06-26T18:13:08.164Z'", '"updated_by'": null, '"stock_status'": '"in_stock'"}","{'"id'": 1320, '"sku'": '"OE1230-E-12-30-12'", '"price'": '"343.00'", '"depth_in'": '"12.00'", '"width_in'": '"12.00'", '"finish_id'": 17, '"height_in'": '"30.00'", '"created_at'": '"2026-06-26T18:13:08.164Z'", '"created_by'": null, '"deleted_at'": '"2026-06-26T18:26:21.067Z'", '"product_id'": 111, '"updated_at'": '"2026-06-26T18:26:21.067Z'", '"updated_by'": 1, '"stock_status'": '"in_stock'"}",2026-06-26 13:26:21.067977-05,,
101,1,SOFT_DELETE,product_variants,1321,"{'"id'": 1321, '"sku'": '"OE1230-SM-12-30-12'", '"price'": '"435.00'", '"depth_in'": '"12.00'", '"width_in'": '"12.00'", '"finish_id'": 18, '"height_in'": '"30.00'", '"created_at'": '"2026-06-26T18:13:08.164Z'", '"created_by'": null, '"deleted_at'": null, '"product_id'": 111, '"updated_at'": '"2026-06-26T18:13:08.164Z'", '"updated_by'": null, '"stock_status'": '"in_stock'"}","{'"id'": 1321, '"sku'": '"OE1230-SM-12-30-12'", '"price'": '"435.00'", '"depth_in'": '"12.00'", '"width_in'": '"12.00'", '"finish_id'": 18, '"height_in'": '"30.00'", '"created_at'": '"2026-06-26T18:13:08.164Z'", '"created_by'": null, '"deleted_at'": '"2026-06-26T18:26:21.067Z'", '"product_id'": 111, '"updated_at'": '"2026-06-26T18:26:21.067Z'", '"updated_by'": 1, '"stock_status'": '"in_stock'"}",2026-06-26 13:26:21.067977-05,,
102,1,SOFT_DELETE,products,111,"{'"id'": 111, '"sku'": '"OE1230'", '"name'": '"OE1230'", '"image_url'": null, '"created_at'": '"2026-06-26T18:13:08.164Z'", '"created_by'": null, '"deleted_at'": null, '"updated_at'": '"2026-06-26T18:13:08.164Z'", '"updated_by'": null, '"description'": '"Corner Wall - End Shelf w/4 Shelf'", '"sub_category_id'": 20}","{'"id'": 111, '"sku'": '"OE1230'", '"name'": '"OE1230'", '"image_url'": null, '"created_at'": '"2026-06-26T18:13:08.164Z'", '"created_by'": null, '"deleted_at'": '"2026-06-26T18:26:21.067Z'", '"updated_at'": '"2026-06-26T18:26:21.067Z'", '"updated_by'": 1, '"description'": '"Corner Wall - End Shelf w/4 Shelf'", '"sub_category_id'": 20}",2026-06-26 13:26:21.067977-05,,
103,1,SOFT_DELETE,product_variants,1322,"{'"id'": 1322, '"sku'": '"OE1236-WS-12-36-12'", '"price'": '"589.00'", '"depth_in'": '"12.00'", '"width_in'": '"12.00'", '"finish_id'": 1, '"height_in'": '"36.00'", '"created_at'": '"2026-06-26T18:13:08.164Z'", '"created_by'": null, '"deleted_at'": null, '"product_id'": 112, '"updated_at'": '"2026-06-26T18:13:08.164Z'", '"updated_by'": null, '"stock_status'": '"in_stock'"}","{'"id'": 1322, '"sku'": '"OE1236-WS-12-36-12'", '"price'": '"589.00'", '"depth_in'": '"12.00'", '"width_in'": '"12.00'", '"finish_id'": 1, '"height_in'": '"36.00'", '"created_at'": '"2026-06-26T18:13:08.164Z'", '"created_by'": null, '"deleted_at'": '"2026-06-26T18:26:22.389Z'", '"product_id'": 112, '"updated_at'": '"2026-06-26T18:26:22.389Z'", '"updated_by'": 1, '"stock_status'": '"in_stock'"}",2026-06-26 13:26:22.389233-05,,
104,1,SOFT_DELETE,product_variants,1325,"{'"id'": 1325, '"sku'": '"OE1236-ES-12-36-12'", '"price'": '"953.00'", '"depth_in'": '"12.00'", '"width_in'": '"12.00'", '"finish_id'": 2, '"height_in'": '"36.00'", '"created_at'": '"2026-06-26T18:13:08.164Z'", '"created_by'": null, '"deleted_at'": null, '"product_id'": 112, '"updated_at'": '"2026-06-26T18:13:08.164Z'", '"updated_by'": null, '"stock_status'": '"in_stock'"}","{'"id'": 1325, '"sku'": '"OE1236-ES-12-36-12'", '"price'": '"953.00'", '"depth_in'": '"12.00'", '"width_in'": '"12.00'", '"finish_id'": 2, '"height_in'": '"36.00'", '"created_at'": '"2026-06-26T18:13:08.164Z'", '"created_by'": null, '"deleted_at'": '"2026-06-26T18:26:22.389Z'", '"product_id'": 112, '"updated_at'": '"2026-06-26T18:26:22.389Z'", '"updated_by'": 1, '"stock_status'": '"in_stock'"}",2026-06-26 13:26:22.389233-05,,
423,1,UPDATE,products,7,"{'"id'": 7, '"sku'": '"B12'", '"name'": '"B12'", '"image_url'": '"/uploads/products/13c1443f-ec9b-4cc1-9fc0-dcfe34619c2c.png'", '"created_at'": '"2026-06-20T21:09:11.370Z'", '"created_by'": null, '"deleted_at'": null, '"updated_at'": '"2026-06-30T20:04:04.606Z'", '"updated_by'": null, '"description'": '"1 Door & 1 Drawer'", '"sub_category_id'": 3}","{'"event'": '"bulk_out_of_stock'", '"summary'": '"Admin admin@cabinet.local, B12 ürününe ait tüm renk ve varyantları toplu olarak GÜVENSİZ/STOK DIŞI (Out of Stock) olarak işaretledi.'", '"product_name'": '"B12'", '"updated_variant_count'": 0}",2026-07-01 09:44:16.508313-05,,
105,1,SOFT_DELETE,product_variants,1323,"{'"id'": 1323, '"sku'": '"OE1236-AS-12-36-12'", '"price'": '"589.00'", '"depth_in'": '"12.00'", '"width_in'": '"12.00'", '"finish_id'": 3, '"height_in'": '"36.00'", '"created_at'": '"2026-06-26T18:13:08.164Z'", '"created_by'": null, '"deleted_at'": null, '"product_id'": 112, '"updated_at'": '"2026-06-26T18:13:08.164Z'", '"updated_by'": null, '"stock_status'": '"in_stock'"}","{'"id'": 1323, '"sku'": '"OE1236-AS-12-36-12'", '"price'": '"589.00'", '"depth_in'": '"12.00'", '"width_in'": '"12.00'", '"finish_id'": 3, '"height_in'": '"36.00'", '"created_at'": '"2026-06-26T18:13:08.164Z'", '"created_by'": null, '"deleted_at'": '"2026-06-26T18:26:22.389Z'", '"product_id'": 112, '"updated_at'": '"2026-06-26T18:26:22.389Z'", '"updated_by'": 1, '"stock_status'": '"in_stock'"}",2026-06-26 13:26:22.389233-05,,
106,1,SOFT_DELETE,product_variants,1324,"{'"id'": 1324, '"sku'": '"OE1236-TS-12-36-12'", '"price'": '"589.00'", '"depth_in'": '"12.00'", '"width_in'": '"12.00'", '"finish_id'": 9, '"height_in'": '"36.00'", '"created_at'": '"2026-06-26T18:13:08.164Z'", '"created_by'": null, '"deleted_at'": null, '"product_id'": 112, '"updated_at'": '"2026-06-26T18:13:08.164Z'", '"updated_by'": null, '"stock_status'": '"in_stock'"}","{'"id'": 1324, '"sku'": '"OE1236-TS-12-36-12'", '"price'": '"589.00'", '"depth_in'": '"12.00'", '"width_in'": '"12.00'", '"finish_id'": 9, '"height_in'": '"36.00'", '"created_at'": '"2026-06-26T18:13:08.164Z'", '"created_by'": null, '"deleted_at'": '"2026-06-26T18:26:22.389Z'", '"product_id'": 112, '"updated_at'": '"2026-06-26T18:26:22.389Z'", '"updated_by'": 1, '"stock_status'": '"in_stock'"}",2026-06-26 13:26:22.389233-05,,
107,1,SOFT_DELETE,product_variants,1326,"{'"id'": 1326, '"sku'": '"OE1236-SF-12-36-12'", '"price'": '"923.00'", '"depth_in'": '"12.00'", '"width_in'": '"12.00'", '"finish_id'": 10, '"height_in'": '"36.00'", '"created_at'": '"2026-06-26T18:13:08.164Z'", '"created_by'": null, '"deleted_at'": null, '"product_id'": 112, '"updated_at'": '"2026-06-26T18:13:08.164Z'", '"updated_by'": null, '"stock_status'": '"in_stock'"}","{'"id'": 1326, '"sku'": '"OE1236-SF-12-36-12'", '"price'": '"923.00'", '"depth_in'": '"12.00'", '"width_in'": '"12.00'", '"finish_id'": 10, '"height_in'": '"36.00'", '"created_at'": '"2026-06-26T18:13:08.164Z'", '"created_by'": null, '"deleted_at'": '"2026-06-26T18:26:22.389Z'", '"product_id'": 112, '"updated_at'": '"2026-06-26T18:26:22.389Z'", '"updated_by'": 1, '"stock_status'": '"in_stock'"}",2026-06-26 13:26:22.389233-05,,
108,1,SOFT_DELETE,product_variants,1327,"{'"id'": 1327, '"sku'": '"OE1236-BS-12-36-12'", '"price'": '"823.00'", '"depth_in'": '"12.00'", '"width_in'": '"12.00'", '"finish_id'": 11, '"height_in'": '"36.00'", '"created_at'": '"2026-06-26T18:13:08.164Z'", '"created_by'": null, '"deleted_at'": null, '"product_id'": 112, '"updated_at'": '"2026-06-26T18:13:08.164Z'", '"updated_by'": null, '"stock_status'": '"in_stock'"}","{'"id'": 1327, '"sku'": '"OE1236-BS-12-36-12'", '"price'": '"823.00'", '"depth_in'": '"12.00'", '"width_in'": '"12.00'", '"finish_id'": 11, '"height_in'": '"36.00'", '"created_at'": '"2026-06-26T18:13:08.164Z'", '"created_by'": null, '"deleted_at'": '"2026-06-26T18:26:22.389Z'", '"product_id'": 112, '"updated_at'": '"2026-06-26T18:26:22.389Z'", '"updated_by'": 1, '"stock_status'": '"in_stock'"}",2026-06-26 13:26:22.389233-05,,
109,1,SOFT_DELETE,product_variants,1328,"{'"id'": 1328, '"sku'": '"OE1236-CS-12-36-12'", '"price'": '"723.00'", '"depth_in'": '"12.00'", '"width_in'": '"12.00'", '"finish_id'": 13, '"height_in'": '"36.00'", '"created_at'": '"2026-06-26T18:13:08.164Z'", '"created_by'": null, '"deleted_at'": null, '"product_id'": 112, '"updated_at'": '"2026-06-26T18:13:08.164Z'", '"updated_by'": null, '"stock_status'": '"in_stock'"}","{'"id'": 1328, '"sku'": '"OE1236-CS-12-36-12'", '"price'": '"723.00'", '"depth_in'": '"12.00'", '"width_in'": '"12.00'", '"finish_id'": 13, '"height_in'": '"36.00'", '"created_at'": '"2026-06-26T18:13:08.164Z'", '"created_by'": null, '"deleted_at'": '"2026-06-26T18:26:22.389Z'", '"product_id'": 112, '"updated_at'": '"2026-06-26T18:26:22.389Z'", '"updated_by'": 1, '"stock_status'": '"in_stock'"}",2026-06-26 13:26:22.389233-05,,
110,1,SOFT_DELETE,product_variants,1329,"{'"id'": 1329, '"sku'": '"OE1236-DGS-12-36-12'", '"price'": '"853.00'", '"depth_in'": '"12.00'", '"width_in'": '"12.00'", '"finish_id'": 14, '"height_in'": '"36.00'", '"created_at'": '"2026-06-26T18:13:08.164Z'", '"created_by'": null, '"deleted_at'": null, '"product_id'": 112, '"updated_at'": '"2026-06-26T18:13:08.164Z'", '"updated_by'": null, '"stock_status'": '"in_stock'"}","{'"id'": 1329, '"sku'": '"OE1236-DGS-12-36-12'", '"price'": '"853.00'", '"depth_in'": '"12.00'", '"width_in'": '"12.00'", '"finish_id'": 14, '"height_in'": '"36.00'", '"created_at'": '"2026-06-26T18:13:08.164Z'", '"created_by'": null, '"deleted_at'": '"2026-06-26T18:26:22.389Z'", '"product_id'": 112, '"updated_at'": '"2026-06-26T18:26:22.389Z'", '"updated_by'": 1, '"stock_status'": '"in_stock'"}",2026-06-26 13:26:22.389233-05,,
111,1,SOFT_DELETE,product_variants,1330,"{'"id'": 1330, '"sku'": '"OE1236-FGS-12-36-12'", '"price'": '"623.00'", '"depth_in'": '"12.00'", '"width_in'": '"12.00'", '"finish_id'": 15, '"height_in'": '"36.00'", '"created_at'": '"2026-06-26T18:13:08.164Z'", '"created_by'": null, '"deleted_at'": null, '"product_id'": 112, '"updated_at'": '"2026-06-26T18:13:08.164Z'", '"updated_by'": null, '"stock_status'": '"in_stock'"}","{'"id'": 1330, '"sku'": '"OE1236-FGS-12-36-12'", '"price'": '"623.00'", '"depth_in'": '"12.00'", '"width_in'": '"12.00'", '"finish_id'": 15, '"height_in'": '"36.00'", '"created_at'": '"2026-06-26T18:13:08.164Z'", '"created_by'": null, '"deleted_at'": '"2026-06-26T18:26:22.389Z'", '"product_id'": 112, '"updated_at'": '"2026-06-26T18:26:22.389Z'", '"updated_by'": 1, '"stock_status'": '"in_stock'"}",2026-06-26 13:26:22.389233-05,,
112,1,SOFT_DELETE,product_variants,1331,"{'"id'": 1331, '"sku'": '"OE1236-LG-12-36-12'", '"price'": '"345.00'", '"depth_in'": '"12.00'", '"width_in'": '"12.00'", '"finish_id'": 16, '"height_in'": '"36.00'", '"created_at'": '"2026-06-26T18:13:08.164Z'", '"created_by'": null, '"deleted_at'": null, '"product_id'": 112, '"updated_at'": '"2026-06-26T18:13:08.164Z'", '"updated_by'": null, '"stock_status'": '"in_stock'"}","{'"id'": 1331, '"sku'": '"OE1236-LG-12-36-12'", '"price'": '"345.00'", '"depth_in'": '"12.00'", '"width_in'": '"12.00'", '"finish_id'": 16, '"height_in'": '"36.00'", '"created_at'": '"2026-06-26T18:13:08.164Z'", '"created_by'": null, '"deleted_at'": '"2026-06-26T18:26:22.389Z'", '"product_id'": 112, '"updated_at'": '"2026-06-26T18:26:22.389Z'", '"updated_by'": 1, '"stock_status'": '"in_stock'"}",2026-06-26 13:26:22.389233-05,,
113,1,SOFT_DELETE,product_variants,1332,"{'"id'": 1332, '"sku'": '"OE1236-E-12-36-12'", '"price'": '"343.00'", '"depth_in'": '"12.00'", '"width_in'": '"12.00'", '"finish_id'": 17, '"height_in'": '"36.00'", '"created_at'": '"2026-06-26T18:13:08.164Z'", '"created_by'": null, '"deleted_at'": null, '"product_id'": 112, '"updated_at'": '"2026-06-26T18:13:08.164Z'", '"updated_by'": null, '"stock_status'": '"in_stock'"}","{'"id'": 1332, '"sku'": '"OE1236-E-12-36-12'", '"price'": '"343.00'", '"depth_in'": '"12.00'", '"width_in'": '"12.00'", '"finish_id'": 17, '"height_in'": '"36.00'", '"created_at'": '"2026-06-26T18:13:08.164Z'", '"created_by'": null, '"deleted_at'": '"2026-06-26T18:26:22.389Z'", '"product_id'": 112, '"updated_at'": '"2026-06-26T18:26:22.389Z'", '"updated_by'": 1, '"stock_status'": '"in_stock'"}",2026-06-26 13:26:22.389233-05,,
477,1,CREATE,users,2,,"{'"event'": '"dealer_email_sent'", '"summary'": '"admin@cabinet.local sent \'"Template 1 - Initial Reminder\'" to ahmetsakallioglu54@gmail.com (Tier group: New).'", '"send_type'": '"bulk'", '"template_id'": 1, '"template_name'": '"Template 1 - Initial Reminder'", '"recipient_email'": '"ahmetsakallioglu54@gmail.com'"}",2026-07-02 12:51:44.200923-05,,
114,1,SOFT_DELETE,product_variants,1333,"{'"id'": 1333, '"sku'": '"OE1236-SM-12-36-12'", '"price'": '"435.00'", '"depth_in'": '"12.00'", '"width_in'": '"12.00'", '"finish_id'": 18, '"height_in'": '"36.00'", '"created_at'": '"2026-06-26T18:13:08.164Z'", '"created_by'": null, '"deleted_at'": null, '"product_id'": 112, '"updated_at'": '"2026-06-26T18:13:08.164Z'", '"updated_by'": null, '"stock_status'": '"in_stock'"}","{'"id'": 1333, '"sku'": '"OE1236-SM-12-36-12'", '"price'": '"435.00'", '"depth_in'": '"12.00'", '"width_in'": '"12.00'", '"finish_id'": 18, '"height_in'": '"36.00'", '"created_at'": '"2026-06-26T18:13:08.164Z'", '"created_by'": null, '"deleted_at'": '"2026-06-26T18:26:22.389Z'", '"product_id'": 112, '"updated_at'": '"2026-06-26T18:26:22.389Z'", '"updated_by'": 1, '"stock_status'": '"in_stock'"}",2026-06-26 13:26:22.389233-05,,
115,1,SOFT_DELETE,products,112,"{'"id'": 112, '"sku'": '"OE1236'", '"name'": '"OE1236'", '"image_url'": null, '"created_at'": '"2026-06-26T18:13:08.164Z'", '"created_by'": null, '"deleted_at'": null, '"updated_at'": '"2026-06-26T18:13:08.164Z'", '"updated_by'": null, '"description'": '"Corner Wall - End Shelf w/4 Shelf'", '"sub_category_id'": 20}","{'"id'": 112, '"sku'": '"OE1236'", '"name'": '"OE1236'", '"image_url'": null, '"created_at'": '"2026-06-26T18:13:08.164Z'", '"created_by'": null, '"deleted_at'": '"2026-06-26T18:26:22.389Z'", '"updated_at'": '"2026-06-26T18:26:22.389Z'", '"updated_by'": 1, '"description'": '"Corner Wall - End Shelf w/4 Shelf'", '"sub_category_id'": 20}",2026-06-26 13:26:22.389233-05,,
116,1,SOFT_DELETE,product_variants,1334,"{'"id'": 1334, '"sku'": '"OE1242-WS-12-42-12'", '"price'": '"589.00'", '"depth_in'": '"12.00'", '"width_in'": '"12.00'", '"finish_id'": 1, '"height_in'": '"42.00'", '"created_at'": '"2026-06-26T18:13:08.164Z'", '"created_by'": null, '"deleted_at'": null, '"product_id'": 113, '"updated_at'": '"2026-06-26T18:13:08.164Z'", '"updated_by'": null, '"stock_status'": '"in_stock'"}","{'"id'": 1334, '"sku'": '"OE1242-WS-12-42-12'", '"price'": '"589.00'", '"depth_in'": '"12.00'", '"width_in'": '"12.00'", '"finish_id'": 1, '"height_in'": '"42.00'", '"created_at'": '"2026-06-26T18:13:08.164Z'", '"created_by'": null, '"deleted_at'": '"2026-06-26T18:26:23.898Z'", '"product_id'": 113, '"updated_at'": '"2026-06-26T18:26:23.898Z'", '"updated_by'": 1, '"stock_status'": '"in_stock'"}",2026-06-26 13:26:23.898526-05,,
117,1,SOFT_DELETE,product_variants,1337,"{'"id'": 1337, '"sku'": '"OE1242-ES-12-42-12'", '"price'": '"953.00'", '"depth_in'": '"12.00'", '"width_in'": '"12.00'", '"finish_id'": 2, '"height_in'": '"42.00'", '"created_at'": '"2026-06-26T18:13:08.164Z'", '"created_by'": null, '"deleted_at'": null, '"product_id'": 113, '"updated_at'": '"2026-06-26T18:13:08.164Z'", '"updated_by'": null, '"stock_status'": '"in_stock'"}","{'"id'": 1337, '"sku'": '"OE1242-ES-12-42-12'", '"price'": '"953.00'", '"depth_in'": '"12.00'", '"width_in'": '"12.00'", '"finish_id'": 2, '"height_in'": '"42.00'", '"created_at'": '"2026-06-26T18:13:08.164Z'", '"created_by'": null, '"deleted_at'": '"2026-06-26T18:26:23.898Z'", '"product_id'": 113, '"updated_at'": '"2026-06-26T18:26:23.898Z'", '"updated_by'": 1, '"stock_status'": '"in_stock'"}",2026-06-26 13:26:23.898526-05,,
118,1,SOFT_DELETE,product_variants,1335,"{'"id'": 1335, '"sku'": '"OE1242-AS-12-42-12'", '"price'": '"589.00'", '"depth_in'": '"12.00'", '"width_in'": '"12.00'", '"finish_id'": 3, '"height_in'": '"42.00'", '"created_at'": '"2026-06-26T18:13:08.164Z'", '"created_by'": null, '"deleted_at'": null, '"product_id'": 113, '"updated_at'": '"2026-06-26T18:13:08.164Z'", '"updated_by'": null, '"stock_status'": '"in_stock'"}","{'"id'": 1335, '"sku'": '"OE1242-AS-12-42-12'", '"price'": '"589.00'", '"depth_in'": '"12.00'", '"width_in'": '"12.00'", '"finish_id'": 3, '"height_in'": '"42.00'", '"created_at'": '"2026-06-26T18:13:08.164Z'", '"created_by'": null, '"deleted_at'": '"2026-06-26T18:26:23.898Z'", '"product_id'": 113, '"updated_at'": '"2026-06-26T18:26:23.898Z'", '"updated_by'": 1, '"stock_status'": '"in_stock'"}",2026-06-26 13:26:23.898526-05,,
119,1,SOFT_DELETE,product_variants,1336,"{'"id'": 1336, '"sku'": '"OE1242-TS-12-42-12'", '"price'": '"589.00'", '"depth_in'": '"12.00'", '"width_in'": '"12.00'", '"finish_id'": 9, '"height_in'": '"42.00'", '"created_at'": '"2026-06-26T18:13:08.164Z'", '"created_by'": null, '"deleted_at'": null, '"product_id'": 113, '"updated_at'": '"2026-06-26T18:13:08.164Z'", '"updated_by'": null, '"stock_status'": '"in_stock'"}","{'"id'": 1336, '"sku'": '"OE1242-TS-12-42-12'", '"price'": '"589.00'", '"depth_in'": '"12.00'", '"width_in'": '"12.00'", '"finish_id'": 9, '"height_in'": '"42.00'", '"created_at'": '"2026-06-26T18:13:08.164Z'", '"created_by'": null, '"deleted_at'": '"2026-06-26T18:26:23.898Z'", '"product_id'": 113, '"updated_at'": '"2026-06-26T18:26:23.898Z'", '"updated_by'": 1, '"stock_status'": '"in_stock'"}",2026-06-26 13:26:23.898526-05,,
120,1,SOFT_DELETE,product_variants,1338,"{'"id'": 1338, '"sku'": '"OE1242-SF-12-42-12'", '"price'": '"923.00'", '"depth_in'": '"12.00'", '"width_in'": '"12.00'", '"finish_id'": 10, '"height_in'": '"42.00'", '"created_at'": '"2026-06-26T18:13:08.164Z'", '"created_by'": null, '"deleted_at'": null, '"product_id'": 113, '"updated_at'": '"2026-06-26T18:13:08.164Z'", '"updated_by'": null, '"stock_status'": '"in_stock'"}","{'"id'": 1338, '"sku'": '"OE1242-SF-12-42-12'", '"price'": '"923.00'", '"depth_in'": '"12.00'", '"width_in'": '"12.00'", '"finish_id'": 10, '"height_in'": '"42.00'", '"created_at'": '"2026-06-26T18:13:08.164Z'", '"created_by'": null, '"deleted_at'": '"2026-06-26T18:26:23.898Z'", '"product_id'": 113, '"updated_at'": '"2026-06-26T18:26:23.898Z'", '"updated_by'": 1, '"stock_status'": '"in_stock'"}",2026-06-26 13:26:23.898526-05,,
121,1,SOFT_DELETE,product_variants,1339,"{'"id'": 1339, '"sku'": '"OE1242-BS-12-42-12'", '"price'": '"823.00'", '"depth_in'": '"12.00'", '"width_in'": '"12.00'", '"finish_id'": 11, '"height_in'": '"42.00'", '"created_at'": '"2026-06-26T18:13:08.164Z'", '"created_by'": null, '"deleted_at'": null, '"product_id'": 113, '"updated_at'": '"2026-06-26T18:13:08.164Z'", '"updated_by'": null, '"stock_status'": '"in_stock'"}","{'"id'": 1339, '"sku'": '"OE1242-BS-12-42-12'", '"price'": '"823.00'", '"depth_in'": '"12.00'", '"width_in'": '"12.00'", '"finish_id'": 11, '"height_in'": '"42.00'", '"created_at'": '"2026-06-26T18:13:08.164Z'", '"created_by'": null, '"deleted_at'": '"2026-06-26T18:26:23.898Z'", '"product_id'": 113, '"updated_at'": '"2026-06-26T18:26:23.898Z'", '"updated_by'": 1, '"stock_status'": '"in_stock'"}",2026-06-26 13:26:23.898526-05,,
122,1,SOFT_DELETE,product_variants,1340,"{'"id'": 1340, '"sku'": '"OE1242-CS-12-42-12'", '"price'": '"723.00'", '"depth_in'": '"12.00'", '"width_in'": '"12.00'", '"finish_id'": 13, '"height_in'": '"42.00'", '"created_at'": '"2026-06-26T18:13:08.164Z'", '"created_by'": null, '"deleted_at'": null, '"product_id'": 113, '"updated_at'": '"2026-06-26T18:13:08.164Z'", '"updated_by'": null, '"stock_status'": '"in_stock'"}","{'"id'": 1340, '"sku'": '"OE1242-CS-12-42-12'", '"price'": '"723.00'", '"depth_in'": '"12.00'", '"width_in'": '"12.00'", '"finish_id'": 13, '"height_in'": '"42.00'", '"created_at'": '"2026-06-26T18:13:08.164Z'", '"created_by'": null, '"deleted_at'": '"2026-06-26T18:26:23.898Z'", '"product_id'": 113, '"updated_at'": '"2026-06-26T18:26:23.898Z'", '"updated_by'": 1, '"stock_status'": '"in_stock'"}",2026-06-26 13:26:23.898526-05,,
424,1,UPDATE,products,7,"{'"id'": 7, '"sku'": '"B12'", '"name'": '"B12'", '"image_url'": '"/uploads/products/13c1443f-ec9b-4cc1-9fc0-dcfe34619c2c.png'", '"created_at'": '"2026-06-20T21:09:11.370Z'", '"created_by'": null, '"deleted_at'": null, '"updated_at'": '"2026-06-30T20:04:04.606Z'", '"updated_by'": null, '"description'": '"1 Door & 1 Drawer'", '"sub_category_id'": 3}","{'"event'": '"bulk_in_stock'", '"summary'": '"Admin admin@cabinet.local, B12 ürününe ait tüm renk ve varyantları toplu olarak YENİDEN STOKTA (In Stock) olarak işaretledi.'", '"product_name'": '"B12'", '"updated_variant_count'": 16}",2026-07-01 09:50:00.918865-05,,
123,1,SOFT_DELETE,product_variants,1341,"{'"id'": 1341, '"sku'": '"OE1242-DGS-12-42-12'", '"price'": '"853.00'", '"depth_in'": '"12.00'", '"width_in'": '"12.00'", '"finish_id'": 14, '"height_in'": '"42.00'", '"created_at'": '"2026-06-26T18:13:08.164Z'", '"created_by'": null, '"deleted_at'": null, '"product_id'": 113, '"updated_at'": '"2026-06-26T18:13:08.164Z'", '"updated_by'": null, '"stock_status'": '"in_stock'"}","{'"id'": 1341, '"sku'": '"OE1242-DGS-12-42-12'", '"price'": '"853.00'", '"depth_in'": '"12.00'", '"width_in'": '"12.00'", '"finish_id'": 14, '"height_in'": '"42.00'", '"created_at'": '"2026-06-26T18:13:08.164Z'", '"created_by'": null, '"deleted_at'": '"2026-06-26T18:26:23.898Z'", '"product_id'": 113, '"updated_at'": '"2026-06-26T18:26:23.898Z'", '"updated_by'": 1, '"stock_status'": '"in_stock'"}",2026-06-26 13:26:23.898526-05,,
124,1,SOFT_DELETE,product_variants,1342,"{'"id'": 1342, '"sku'": '"OE1242-FGS-12-42-12'", '"price'": '"623.00'", '"depth_in'": '"12.00'", '"width_in'": '"12.00'", '"finish_id'": 15, '"height_in'": '"42.00'", '"created_at'": '"2026-06-26T18:13:08.164Z'", '"created_by'": null, '"deleted_at'": null, '"product_id'": 113, '"updated_at'": '"2026-06-26T18:13:08.164Z'", '"updated_by'": null, '"stock_status'": '"in_stock'"}","{'"id'": 1342, '"sku'": '"OE1242-FGS-12-42-12'", '"price'": '"623.00'", '"depth_in'": '"12.00'", '"width_in'": '"12.00'", '"finish_id'": 15, '"height_in'": '"42.00'", '"created_at'": '"2026-06-26T18:13:08.164Z'", '"created_by'": null, '"deleted_at'": '"2026-06-26T18:26:23.898Z'", '"product_id'": 113, '"updated_at'": '"2026-06-26T18:26:23.898Z'", '"updated_by'": 1, '"stock_status'": '"in_stock'"}",2026-06-26 13:26:23.898526-05,,
125,1,SOFT_DELETE,product_variants,1343,"{'"id'": 1343, '"sku'": '"OE1242-LG-12-42-12'", '"price'": '"345.00'", '"depth_in'": '"12.00'", '"width_in'": '"12.00'", '"finish_id'": 16, '"height_in'": '"42.00'", '"created_at'": '"2026-06-26T18:13:08.164Z'", '"created_by'": null, '"deleted_at'": null, '"product_id'": 113, '"updated_at'": '"2026-06-26T18:13:08.164Z'", '"updated_by'": null, '"stock_status'": '"in_stock'"}","{'"id'": 1343, '"sku'": '"OE1242-LG-12-42-12'", '"price'": '"345.00'", '"depth_in'": '"12.00'", '"width_in'": '"12.00'", '"finish_id'": 16, '"height_in'": '"42.00'", '"created_at'": '"2026-06-26T18:13:08.164Z'", '"created_by'": null, '"deleted_at'": '"2026-06-26T18:26:23.898Z'", '"product_id'": 113, '"updated_at'": '"2026-06-26T18:26:23.898Z'", '"updated_by'": 1, '"stock_status'": '"in_stock'"}",2026-06-26 13:26:23.898526-05,,
126,1,SOFT_DELETE,product_variants,1344,"{'"id'": 1344, '"sku'": '"OE1242-E-12-42-12'", '"price'": '"343.00'", '"depth_in'": '"12.00'", '"width_in'": '"12.00'", '"finish_id'": 17, '"height_in'": '"42.00'", '"created_at'": '"2026-06-26T18:13:08.164Z'", '"created_by'": null, '"deleted_at'": null, '"product_id'": 113, '"updated_at'": '"2026-06-26T18:13:08.164Z'", '"updated_by'": null, '"stock_status'": '"in_stock'"}","{'"id'": 1344, '"sku'": '"OE1242-E-12-42-12'", '"price'": '"343.00'", '"depth_in'": '"12.00'", '"width_in'": '"12.00'", '"finish_id'": 17, '"height_in'": '"42.00'", '"created_at'": '"2026-06-26T18:13:08.164Z'", '"created_by'": null, '"deleted_at'": '"2026-06-26T18:26:23.898Z'", '"product_id'": 113, '"updated_at'": '"2026-06-26T18:26:23.898Z'", '"updated_by'": 1, '"stock_status'": '"in_stock'"}",2026-06-26 13:26:23.898526-05,,
127,1,SOFT_DELETE,product_variants,1345,"{'"id'": 1345, '"sku'": '"OE1242-SM-12-42-12'", '"price'": '"435.00'", '"depth_in'": '"12.00'", '"width_in'": '"12.00'", '"finish_id'": 18, '"height_in'": '"42.00'", '"created_at'": '"2026-06-26T18:13:08.164Z'", '"created_by'": null, '"deleted_at'": null, '"product_id'": 113, '"updated_at'": '"2026-06-26T18:13:08.164Z'", '"updated_by'": null, '"stock_status'": '"in_stock'"}","{'"id'": 1345, '"sku'": '"OE1242-SM-12-42-12'", '"price'": '"435.00'", '"depth_in'": '"12.00'", '"width_in'": '"12.00'", '"finish_id'": 18, '"height_in'": '"42.00'", '"created_at'": '"2026-06-26T18:13:08.164Z'", '"created_by'": null, '"deleted_at'": '"2026-06-26T18:26:23.898Z'", '"product_id'": 113, '"updated_at'": '"2026-06-26T18:26:23.898Z'", '"updated_by'": 1, '"stock_status'": '"in_stock'"}",2026-06-26 13:26:23.898526-05,,
128,1,SOFT_DELETE,products,113,"{'"id'": 113, '"sku'": '"OE1242'", '"name'": '"OE1242'", '"image_url'": null, '"created_at'": '"2026-06-26T18:13:08.164Z'", '"created_by'": null, '"deleted_at'": null, '"updated_at'": '"2026-06-26T18:13:08.164Z'", '"updated_by'": null, '"description'": '"Corner Wall - End Shelf w/4 Shelf'", '"sub_category_id'": 20}","{'"id'": 113, '"sku'": '"OE1242'", '"name'": '"OE1242'", '"image_url'": null, '"created_at'": '"2026-06-26T18:13:08.164Z'", '"created_by'": null, '"deleted_at'": '"2026-06-26T18:26:23.898Z'", '"updated_at'": '"2026-06-26T18:26:23.898Z'", '"updated_by'": 1, '"description'": '"Corner Wall - End Shelf w/4 Shelf'", '"sub_category_id'": 20}",2026-06-26 13:26:23.898526-05,,
129,1,SOFT_DELETE,product_variants,1346,"{'"id'": 1346, '"sku'": '"WAE1230-WS-12-30-12'", '"price'": '"435.00'", '"depth_in'": '"12.00'", '"width_in'": '"12.00'", '"finish_id'": 1, '"height_in'": '"30.00'", '"created_at'": '"2026-06-26T18:13:08.164Z'", '"created_by'": null, '"deleted_at'": null, '"product_id'": 114, '"updated_at'": '"2026-06-26T18:13:08.164Z'", '"updated_by'": null, '"stock_status'": '"in_stock'"}","{'"id'": 1346, '"sku'": '"WAE1230-WS-12-30-12'", '"price'": '"435.00'", '"depth_in'": '"12.00'", '"width_in'": '"12.00'", '"finish_id'": 1, '"height_in'": '"30.00'", '"created_at'": '"2026-06-26T18:13:08.164Z'", '"created_by'": null, '"deleted_at'": '"2026-06-26T18:26:31.985Z'", '"product_id'": 114, '"updated_at'": '"2026-06-26T18:26:31.985Z'", '"updated_by'": 1, '"stock_status'": '"in_stock'"}",2026-06-26 13:26:31.985585-05,,
130,1,SOFT_DELETE,product_variants,1349,"{'"id'": 1349, '"sku'": '"WAE1230-ES-12-30-12'", '"price'": '"953.00'", '"depth_in'": '"12.00'", '"width_in'": '"12.00'", '"finish_id'": 2, '"height_in'": '"30.00'", '"created_at'": '"2026-06-26T18:13:08.164Z'", '"created_by'": null, '"deleted_at'": null, '"product_id'": 114, '"updated_at'": '"2026-06-26T18:13:08.164Z'", '"updated_by'": null, '"stock_status'": '"in_stock'"}","{'"id'": 1349, '"sku'": '"WAE1230-ES-12-30-12'", '"price'": '"953.00'", '"depth_in'": '"12.00'", '"width_in'": '"12.00'", '"finish_id'": 2, '"height_in'": '"30.00'", '"created_at'": '"2026-06-26T18:13:08.164Z'", '"created_by'": null, '"deleted_at'": '"2026-06-26T18:26:31.985Z'", '"product_id'": 114, '"updated_at'": '"2026-06-26T18:26:31.985Z'", '"updated_by'": 1, '"stock_status'": '"in_stock'"}",2026-06-26 13:26:31.985585-05,,
131,1,SOFT_DELETE,product_variants,1347,"{'"id'": 1347, '"sku'": '"WAE1230-AS-12-30-12'", '"price'": '"435.00'", '"depth_in'": '"12.00'", '"width_in'": '"12.00'", '"finish_id'": 3, '"height_in'": '"30.00'", '"created_at'": '"2026-06-26T18:13:08.164Z'", '"created_by'": null, '"deleted_at'": null, '"product_id'": 114, '"updated_at'": '"2026-06-26T18:13:08.164Z'", '"updated_by'": null, '"stock_status'": '"in_stock'"}","{'"id'": 1347, '"sku'": '"WAE1230-AS-12-30-12'", '"price'": '"435.00'", '"depth_in'": '"12.00'", '"width_in'": '"12.00'", '"finish_id'": 3, '"height_in'": '"30.00'", '"created_at'": '"2026-06-26T18:13:08.164Z'", '"created_by'": null, '"deleted_at'": '"2026-06-26T18:26:31.985Z'", '"product_id'": 114, '"updated_at'": '"2026-06-26T18:26:31.985Z'", '"updated_by'": 1, '"stock_status'": '"in_stock'"}",2026-06-26 13:26:31.985585-05,,
425,1,UPDATE,products,7,"{'"id'": 7, '"sku'": '"B12'", '"name'": '"B12'", '"image_url'": '"/uploads/products/13c1443f-ec9b-4cc1-9fc0-dcfe34619c2c.png'", '"created_at'": '"2026-06-20T21:09:11.370Z'", '"created_by'": null, '"deleted_at'": null, '"updated_at'": '"2026-06-30T20:04:04.606Z'", '"updated_by'": null, '"description'": '"1 Door & 1 Drawer'", '"sub_category_id'": 3}","{'"event'": '"bulk_out_of_stock'", '"summary'": '"Admin admin@cabinet.local, B12 ürününe ait tüm renk ve varyantları toplu olarak GÜVENSİZ/STOK DIŞI (Out of Stock) olarak işaretledi.'", '"product_name'": '"B12'", '"updated_variant_count'": 16}",2026-07-01 09:50:01.987494-05,,
132,1,SOFT_DELETE,product_variants,1348,"{'"id'": 1348, '"sku'": '"WAE1230-TS-12-30-12'", '"price'": '"435.00'", '"depth_in'": '"12.00'", '"width_in'": '"12.00'", '"finish_id'": 9, '"height_in'": '"30.00'", '"created_at'": '"2026-06-26T18:13:08.164Z'", '"created_by'": null, '"deleted_at'": null, '"product_id'": 114, '"updated_at'": '"2026-06-26T18:13:08.164Z'", '"updated_by'": null, '"stock_status'": '"in_stock'"}","{'"id'": 1348, '"sku'": '"WAE1230-TS-12-30-12'", '"price'": '"435.00'", '"depth_in'": '"12.00'", '"width_in'": '"12.00'", '"finish_id'": 9, '"height_in'": '"30.00'", '"created_at'": '"2026-06-26T18:13:08.164Z'", '"created_by'": null, '"deleted_at'": '"2026-06-26T18:26:31.985Z'", '"product_id'": 114, '"updated_at'": '"2026-06-26T18:26:31.985Z'", '"updated_by'": 1, '"stock_status'": '"in_stock'"}",2026-06-26 13:26:31.985585-05,,
133,1,SOFT_DELETE,product_variants,1350,"{'"id'": 1350, '"sku'": '"WAE1230-SF-12-30-12'", '"price'": '"923.00'", '"depth_in'": '"12.00'", '"width_in'": '"12.00'", '"finish_id'": 10, '"height_in'": '"30.00'", '"created_at'": '"2026-06-26T18:13:08.164Z'", '"created_by'": null, '"deleted_at'": null, '"product_id'": 114, '"updated_at'": '"2026-06-26T18:13:08.164Z'", '"updated_by'": null, '"stock_status'": '"in_stock'"}","{'"id'": 1350, '"sku'": '"WAE1230-SF-12-30-12'", '"price'": '"923.00'", '"depth_in'": '"12.00'", '"width_in'": '"12.00'", '"finish_id'": 10, '"height_in'": '"30.00'", '"created_at'": '"2026-06-26T18:13:08.164Z'", '"created_by'": null, '"deleted_at'": '"2026-06-26T18:26:31.985Z'", '"product_id'": 114, '"updated_at'": '"2026-06-26T18:26:31.985Z'", '"updated_by'": 1, '"stock_status'": '"in_stock'"}",2026-06-26 13:26:31.985585-05,,
134,1,SOFT_DELETE,product_variants,1351,"{'"id'": 1351, '"sku'": '"WAE1230-BS-12-30-12'", '"price'": '"823.00'", '"depth_in'": '"12.00'", '"width_in'": '"12.00'", '"finish_id'": 11, '"height_in'": '"30.00'", '"created_at'": '"2026-06-26T18:13:08.164Z'", '"created_by'": null, '"deleted_at'": null, '"product_id'": 114, '"updated_at'": '"2026-06-26T18:13:08.164Z'", '"updated_by'": null, '"stock_status'": '"in_stock'"}","{'"id'": 1351, '"sku'": '"WAE1230-BS-12-30-12'", '"price'": '"823.00'", '"depth_in'": '"12.00'", '"width_in'": '"12.00'", '"finish_id'": 11, '"height_in'": '"30.00'", '"created_at'": '"2026-06-26T18:13:08.164Z'", '"created_by'": null, '"deleted_at'": '"2026-06-26T18:26:31.985Z'", '"product_id'": 114, '"updated_at'": '"2026-06-26T18:26:31.985Z'", '"updated_by'": 1, '"stock_status'": '"in_stock'"}",2026-06-26 13:26:31.985585-05,,
135,1,SOFT_DELETE,product_variants,1352,"{'"id'": 1352, '"sku'": '"WAE1230-CS-12-30-12'", '"price'": '"723.00'", '"depth_in'": '"12.00'", '"width_in'": '"12.00'", '"finish_id'": 13, '"height_in'": '"30.00'", '"created_at'": '"2026-06-26T18:13:08.164Z'", '"created_by'": null, '"deleted_at'": null, '"product_id'": 114, '"updated_at'": '"2026-06-26T18:13:08.164Z'", '"updated_by'": null, '"stock_status'": '"in_stock'"}","{'"id'": 1352, '"sku'": '"WAE1230-CS-12-30-12'", '"price'": '"723.00'", '"depth_in'": '"12.00'", '"width_in'": '"12.00'", '"finish_id'": 13, '"height_in'": '"30.00'", '"created_at'": '"2026-06-26T18:13:08.164Z'", '"created_by'": null, '"deleted_at'": '"2026-06-26T18:26:31.985Z'", '"product_id'": 114, '"updated_at'": '"2026-06-26T18:26:31.985Z'", '"updated_by'": 1, '"stock_status'": '"in_stock'"}",2026-06-26 13:26:31.985585-05,,
136,1,SOFT_DELETE,product_variants,1353,"{'"id'": 1353, '"sku'": '"WAE1230-DGS-12-30-12'", '"price'": '"853.00'", '"depth_in'": '"12.00'", '"width_in'": '"12.00'", '"finish_id'": 14, '"height_in'": '"30.00'", '"created_at'": '"2026-06-26T18:13:08.164Z'", '"created_by'": null, '"deleted_at'": null, '"product_id'": 114, '"updated_at'": '"2026-06-26T18:13:08.164Z'", '"updated_by'": null, '"stock_status'": '"in_stock'"}","{'"id'": 1353, '"sku'": '"WAE1230-DGS-12-30-12'", '"price'": '"853.00'", '"depth_in'": '"12.00'", '"width_in'": '"12.00'", '"finish_id'": 14, '"height_in'": '"30.00'", '"created_at'": '"2026-06-26T18:13:08.164Z'", '"created_by'": null, '"deleted_at'": '"2026-06-26T18:26:31.985Z'", '"product_id'": 114, '"updated_at'": '"2026-06-26T18:26:31.985Z'", '"updated_by'": 1, '"stock_status'": '"in_stock'"}",2026-06-26 13:26:31.985585-05,,
137,1,SOFT_DELETE,product_variants,1354,"{'"id'": 1354, '"sku'": '"WAE1230-FGS-12-30-12'", '"price'": '"623.00'", '"depth_in'": '"12.00'", '"width_in'": '"12.00'", '"finish_id'": 15, '"height_in'": '"30.00'", '"created_at'": '"2026-06-26T18:13:08.164Z'", '"created_by'": null, '"deleted_at'": null, '"product_id'": 114, '"updated_at'": '"2026-06-26T18:13:08.164Z'", '"updated_by'": null, '"stock_status'": '"in_stock'"}","{'"id'": 1354, '"sku'": '"WAE1230-FGS-12-30-12'", '"price'": '"623.00'", '"depth_in'": '"12.00'", '"width_in'": '"12.00'", '"finish_id'": 15, '"height_in'": '"30.00'", '"created_at'": '"2026-06-26T18:13:08.164Z'", '"created_by'": null, '"deleted_at'": '"2026-06-26T18:26:31.985Z'", '"product_id'": 114, '"updated_at'": '"2026-06-26T18:26:31.985Z'", '"updated_by'": 1, '"stock_status'": '"in_stock'"}",2026-06-26 13:26:31.985585-05,,
138,1,SOFT_DELETE,product_variants,1355,"{'"id'": 1355, '"sku'": '"WAE1230-LG-12-30-12'", '"price'": '"345.00'", '"depth_in'": '"12.00'", '"width_in'": '"12.00'", '"finish_id'": 16, '"height_in'": '"30.00'", '"created_at'": '"2026-06-26T18:13:08.164Z'", '"created_by'": null, '"deleted_at'": null, '"product_id'": 114, '"updated_at'": '"2026-06-26T18:13:08.164Z'", '"updated_by'": null, '"stock_status'": '"in_stock'"}","{'"id'": 1355, '"sku'": '"WAE1230-LG-12-30-12'", '"price'": '"345.00'", '"depth_in'": '"12.00'", '"width_in'": '"12.00'", '"finish_id'": 16, '"height_in'": '"30.00'", '"created_at'": '"2026-06-26T18:13:08.164Z'", '"created_by'": null, '"deleted_at'": '"2026-06-26T18:26:31.985Z'", '"product_id'": 114, '"updated_at'": '"2026-06-26T18:26:31.985Z'", '"updated_by'": 1, '"stock_status'": '"in_stock'"}",2026-06-26 13:26:31.985585-05,,
139,1,SOFT_DELETE,product_variants,1356,"{'"id'": 1356, '"sku'": '"WAE1230-E-12-30-12'", '"price'": '"343.00'", '"depth_in'": '"12.00'", '"width_in'": '"12.00'", '"finish_id'": 17, '"height_in'": '"30.00'", '"created_at'": '"2026-06-26T18:13:08.164Z'", '"created_by'": null, '"deleted_at'": null, '"product_id'": 114, '"updated_at'": '"2026-06-26T18:13:08.164Z'", '"updated_by'": null, '"stock_status'": '"in_stock'"}","{'"id'": 1356, '"sku'": '"WAE1230-E-12-30-12'", '"price'": '"343.00'", '"depth_in'": '"12.00'", '"width_in'": '"12.00'", '"finish_id'": 17, '"height_in'": '"30.00'", '"created_at'": '"2026-06-26T18:13:08.164Z'", '"created_by'": null, '"deleted_at'": '"2026-06-26T18:26:31.985Z'", '"product_id'": 114, '"updated_at'": '"2026-06-26T18:26:31.985Z'", '"updated_by'": 1, '"stock_status'": '"in_stock'"}",2026-06-26 13:26:31.985585-05,,
140,1,SOFT_DELETE,product_variants,1357,"{'"id'": 1357, '"sku'": '"WAE1230-SM-12-30-12'", '"price'": '"435.00'", '"depth_in'": '"12.00'", '"width_in'": '"12.00'", '"finish_id'": 18, '"height_in'": '"30.00'", '"created_at'": '"2026-06-26T18:13:08.164Z'", '"created_by'": null, '"deleted_at'": null, '"product_id'": 114, '"updated_at'": '"2026-06-26T18:13:08.164Z'", '"updated_by'": null, '"stock_status'": '"in_stock'"}","{'"id'": 1357, '"sku'": '"WAE1230-SM-12-30-12'", '"price'": '"435.00'", '"depth_in'": '"12.00'", '"width_in'": '"12.00'", '"finish_id'": 18, '"height_in'": '"30.00'", '"created_at'": '"2026-06-26T18:13:08.164Z'", '"created_by'": null, '"deleted_at'": '"2026-06-26T18:26:31.985Z'", '"product_id'": 114, '"updated_at'": '"2026-06-26T18:26:31.985Z'", '"updated_by'": 1, '"stock_status'": '"in_stock'"}",2026-06-26 13:26:31.985585-05,,
478,1,CREATE,email_templates,1,,"{'"sent'": 1, '"event'": '"bulk_email_campaign'", '"total'": 1, '"failed'": 0, '"summary'": '"admin@cabinet.local sent bulk email \'"Template 1 - Initial Reminder\'" to Tier group: New: 1/1 delivered.'", '"target_label'": '"Tier group: New'", '"template_name'": '"Template 1 - Initial Reminder'"}",2026-07-02 12:51:44.202168-05,,
142,1,SOFT_DELETE,product_variants,1358,"{'"id'": 1358, '"sku'": '"WAE1236-WS-12-36-12'", '"price'": '"435.00'", '"depth_in'": '"12.00'", '"width_in'": '"12.00'", '"finish_id'": 1, '"height_in'": '"36.00'", '"created_at'": '"2026-06-26T18:13:08.164Z'", '"created_by'": null, '"deleted_at'": null, '"product_id'": 115, '"updated_at'": '"2026-06-26T18:13:08.164Z'", '"updated_by'": null, '"stock_status'": '"in_stock'"}","{'"id'": 1358, '"sku'": '"WAE1236-WS-12-36-12'", '"price'": '"435.00'", '"depth_in'": '"12.00'", '"width_in'": '"12.00'", '"finish_id'": 1, '"height_in'": '"36.00'", '"created_at'": '"2026-06-26T18:13:08.164Z'", '"created_by'": null, '"deleted_at'": '"2026-06-26T18:26:33.298Z'", '"product_id'": 115, '"updated_at'": '"2026-06-26T18:26:33.298Z'", '"updated_by'": 1, '"stock_status'": '"in_stock'"}",2026-06-26 13:26:33.298034-05,,
143,1,SOFT_DELETE,product_variants,1361,"{'"id'": 1361, '"sku'": '"WAE1236-ES-12-36-12'", '"price'": '"953.00'", '"depth_in'": '"12.00'", '"width_in'": '"12.00'", '"finish_id'": 2, '"height_in'": '"36.00'", '"created_at'": '"2026-06-26T18:13:08.164Z'", '"created_by'": null, '"deleted_at'": null, '"product_id'": 115, '"updated_at'": '"2026-06-26T18:13:08.164Z'", '"updated_by'": null, '"stock_status'": '"in_stock'"}","{'"id'": 1361, '"sku'": '"WAE1236-ES-12-36-12'", '"price'": '"953.00'", '"depth_in'": '"12.00'", '"width_in'": '"12.00'", '"finish_id'": 2, '"height_in'": '"36.00'", '"created_at'": '"2026-06-26T18:13:08.164Z'", '"created_by'": null, '"deleted_at'": '"2026-06-26T18:26:33.298Z'", '"product_id'": 115, '"updated_at'": '"2026-06-26T18:26:33.298Z'", '"updated_by'": 1, '"stock_status'": '"in_stock'"}",2026-06-26 13:26:33.298034-05,,
144,1,SOFT_DELETE,product_variants,1359,"{'"id'": 1359, '"sku'": '"WAE1236-AS-12-36-12'", '"price'": '"435.00'", '"depth_in'": '"12.00'", '"width_in'": '"12.00'", '"finish_id'": 3, '"height_in'": '"36.00'", '"created_at'": '"2026-06-26T18:13:08.164Z'", '"created_by'": null, '"deleted_at'": null, '"product_id'": 115, '"updated_at'": '"2026-06-26T18:13:08.164Z'", '"updated_by'": null, '"stock_status'": '"in_stock'"}","{'"id'": 1359, '"sku'": '"WAE1236-AS-12-36-12'", '"price'": '"435.00'", '"depth_in'": '"12.00'", '"width_in'": '"12.00'", '"finish_id'": 3, '"height_in'": '"36.00'", '"created_at'": '"2026-06-26T18:13:08.164Z'", '"created_by'": null, '"deleted_at'": '"2026-06-26T18:26:33.298Z'", '"product_id'": 115, '"updated_at'": '"2026-06-26T18:26:33.298Z'", '"updated_by'": 1, '"stock_status'": '"in_stock'"}",2026-06-26 13:26:33.298034-05,,
145,1,SOFT_DELETE,product_variants,1360,"{'"id'": 1360, '"sku'": '"WAE1236-TS-12-36-12'", '"price'": '"435.00'", '"depth_in'": '"12.00'", '"width_in'": '"12.00'", '"finish_id'": 9, '"height_in'": '"36.00'", '"created_at'": '"2026-06-26T18:13:08.164Z'", '"created_by'": null, '"deleted_at'": null, '"product_id'": 115, '"updated_at'": '"2026-06-26T18:13:08.164Z'", '"updated_by'": null, '"stock_status'": '"in_stock'"}","{'"id'": 1360, '"sku'": '"WAE1236-TS-12-36-12'", '"price'": '"435.00'", '"depth_in'": '"12.00'", '"width_in'": '"12.00'", '"finish_id'": 9, '"height_in'": '"36.00'", '"created_at'": '"2026-06-26T18:13:08.164Z'", '"created_by'": null, '"deleted_at'": '"2026-06-26T18:26:33.298Z'", '"product_id'": 115, '"updated_at'": '"2026-06-26T18:26:33.298Z'", '"updated_by'": 1, '"stock_status'": '"in_stock'"}",2026-06-26 13:26:33.298034-05,,
146,1,SOFT_DELETE,product_variants,1362,"{'"id'": 1362, '"sku'": '"WAE1236-SF-12-36-12'", '"price'": '"923.00'", '"depth_in'": '"12.00'", '"width_in'": '"12.00'", '"finish_id'": 10, '"height_in'": '"36.00'", '"created_at'": '"2026-06-26T18:13:08.164Z'", '"created_by'": null, '"deleted_at'": null, '"product_id'": 115, '"updated_at'": '"2026-06-26T18:13:08.164Z'", '"updated_by'": null, '"stock_status'": '"in_stock'"}","{'"id'": 1362, '"sku'": '"WAE1236-SF-12-36-12'", '"price'": '"923.00'", '"depth_in'": '"12.00'", '"width_in'": '"12.00'", '"finish_id'": 10, '"height_in'": '"36.00'", '"created_at'": '"2026-06-26T18:13:08.164Z'", '"created_by'": null, '"deleted_at'": '"2026-06-26T18:26:33.298Z'", '"product_id'": 115, '"updated_at'": '"2026-06-26T18:26:33.298Z'", '"updated_by'": 1, '"stock_status'": '"in_stock'"}",2026-06-26 13:26:33.298034-05,,
147,1,SOFT_DELETE,product_variants,1363,"{'"id'": 1363, '"sku'": '"WAE1236-BS-12-36-12'", '"price'": '"823.00'", '"depth_in'": '"12.00'", '"width_in'": '"12.00'", '"finish_id'": 11, '"height_in'": '"36.00'", '"created_at'": '"2026-06-26T18:13:08.164Z'", '"created_by'": null, '"deleted_at'": null, '"product_id'": 115, '"updated_at'": '"2026-06-26T18:13:08.164Z'", '"updated_by'": null, '"stock_status'": '"in_stock'"}","{'"id'": 1363, '"sku'": '"WAE1236-BS-12-36-12'", '"price'": '"823.00'", '"depth_in'": '"12.00'", '"width_in'": '"12.00'", '"finish_id'": 11, '"height_in'": '"36.00'", '"created_at'": '"2026-06-26T18:13:08.164Z'", '"created_by'": null, '"deleted_at'": '"2026-06-26T18:26:33.298Z'", '"product_id'": 115, '"updated_at'": '"2026-06-26T18:26:33.298Z'", '"updated_by'": 1, '"stock_status'": '"in_stock'"}",2026-06-26 13:26:33.298034-05,,
148,1,SOFT_DELETE,product_variants,1364,"{'"id'": 1364, '"sku'": '"WAE1236-CS-12-36-12'", '"price'": '"723.00'", '"depth_in'": '"12.00'", '"width_in'": '"12.00'", '"finish_id'": 13, '"height_in'": '"36.00'", '"created_at'": '"2026-06-26T18:13:08.164Z'", '"created_by'": null, '"deleted_at'": null, '"product_id'": 115, '"updated_at'": '"2026-06-26T18:13:08.164Z'", '"updated_by'": null, '"stock_status'": '"in_stock'"}","{'"id'": 1364, '"sku'": '"WAE1236-CS-12-36-12'", '"price'": '"723.00'", '"depth_in'": '"12.00'", '"width_in'": '"12.00'", '"finish_id'": 13, '"height_in'": '"36.00'", '"created_at'": '"2026-06-26T18:13:08.164Z'", '"created_by'": null, '"deleted_at'": '"2026-06-26T18:26:33.298Z'", '"product_id'": 115, '"updated_at'": '"2026-06-26T18:26:33.298Z'", '"updated_by'": 1, '"stock_status'": '"in_stock'"}",2026-06-26 13:26:33.298034-05,,
149,1,SOFT_DELETE,product_variants,1365,"{'"id'": 1365, '"sku'": '"WAE1236-DGS-12-36-12'", '"price'": '"853.00'", '"depth_in'": '"12.00'", '"width_in'": '"12.00'", '"finish_id'": 14, '"height_in'": '"36.00'", '"created_at'": '"2026-06-26T18:13:08.164Z'", '"created_by'": null, '"deleted_at'": null, '"product_id'": 115, '"updated_at'": '"2026-06-26T18:13:08.164Z'", '"updated_by'": null, '"stock_status'": '"in_stock'"}","{'"id'": 1365, '"sku'": '"WAE1236-DGS-12-36-12'", '"price'": '"853.00'", '"depth_in'": '"12.00'", '"width_in'": '"12.00'", '"finish_id'": 14, '"height_in'": '"36.00'", '"created_at'": '"2026-06-26T18:13:08.164Z'", '"created_by'": null, '"deleted_at'": '"2026-06-26T18:26:33.298Z'", '"product_id'": 115, '"updated_at'": '"2026-06-26T18:26:33.298Z'", '"updated_by'": 1, '"stock_status'": '"in_stock'"}",2026-06-26 13:26:33.298034-05,,
150,1,SOFT_DELETE,product_variants,1366,"{'"id'": 1366, '"sku'": '"WAE1236-FGS-12-36-12'", '"price'": '"623.00'", '"depth_in'": '"12.00'", '"width_in'": '"12.00'", '"finish_id'": 15, '"height_in'": '"36.00'", '"created_at'": '"2026-06-26T18:13:08.164Z'", '"created_by'": null, '"deleted_at'": null, '"product_id'": 115, '"updated_at'": '"2026-06-26T18:13:08.164Z'", '"updated_by'": null, '"stock_status'": '"in_stock'"}","{'"id'": 1366, '"sku'": '"WAE1236-FGS-12-36-12'", '"price'": '"623.00'", '"depth_in'": '"12.00'", '"width_in'": '"12.00'", '"finish_id'": 15, '"height_in'": '"36.00'", '"created_at'": '"2026-06-26T18:13:08.164Z'", '"created_by'": null, '"deleted_at'": '"2026-06-26T18:26:33.298Z'", '"product_id'": 115, '"updated_at'": '"2026-06-26T18:26:33.298Z'", '"updated_by'": 1, '"stock_status'": '"in_stock'"}",2026-06-26 13:26:33.298034-05,,
479,1,UPDATE,users,2,,"{'"code'": '"CAB-PUR6-VZ'", '"event'": '"promo_code_deactivated'", '"summary'": '"admin@cabinet.local deactivated coupon CAB-PUR6-VZ for dealer ahmetsakallioglu54@gmail.com.'", '"is_active'": false, '"promo_code_id'": '"f86e9695-fbc4-4391-8107-5b29135d2984'"}",2026-07-02 12:51:57.609842-05,,
480,1,UPDATE,users,2,,"{'"code'": '"CAB-PUR6-VZ'", '"event'": '"promo_code_reactivated'", '"summary'": '"admin@cabinet.local reactivated coupon CAB-PUR6-VZ for dealer ahmetsakallioglu54@gmail.com.'", '"is_active'": true, '"promo_code_id'": '"f86e9695-fbc4-4391-8107-5b29135d2984'"}",2026-07-02 12:52:00.1993-05,,
151,1,SOFT_DELETE,product_variants,1367,"{'"id'": 1367, '"sku'": '"WAE1236-LG-12-36-12'", '"price'": '"345.00'", '"depth_in'": '"12.00'", '"width_in'": '"12.00'", '"finish_id'": 16, '"height_in'": '"36.00'", '"created_at'": '"2026-06-26T18:13:08.164Z'", '"created_by'": null, '"deleted_at'": null, '"product_id'": 115, '"updated_at'": '"2026-06-26T18:13:08.164Z'", '"updated_by'": null, '"stock_status'": '"in_stock'"}","{'"id'": 1367, '"sku'": '"WAE1236-LG-12-36-12'", '"price'": '"345.00'", '"depth_in'": '"12.00'", '"width_in'": '"12.00'", '"finish_id'": 16, '"height_in'": '"36.00'", '"created_at'": '"2026-06-26T18:13:08.164Z'", '"created_by'": null, '"deleted_at'": '"2026-06-26T18:26:33.298Z'", '"product_id'": 115, '"updated_at'": '"2026-06-26T18:26:33.298Z'", '"updated_by'": 1, '"stock_status'": '"in_stock'"}",2026-06-26 13:26:33.298034-05,,
152,1,SOFT_DELETE,product_variants,1368,"{'"id'": 1368, '"sku'": '"WAE1236-E-12-36-12'", '"price'": '"343.00'", '"depth_in'": '"12.00'", '"width_in'": '"12.00'", '"finish_id'": 17, '"height_in'": '"36.00'", '"created_at'": '"2026-06-26T18:13:08.164Z'", '"created_by'": null, '"deleted_at'": null, '"product_id'": 115, '"updated_at'": '"2026-06-26T18:13:08.164Z'", '"updated_by'": null, '"stock_status'": '"in_stock'"}","{'"id'": 1368, '"sku'": '"WAE1236-E-12-36-12'", '"price'": '"343.00'", '"depth_in'": '"12.00'", '"width_in'": '"12.00'", '"finish_id'": 17, '"height_in'": '"36.00'", '"created_at'": '"2026-06-26T18:13:08.164Z'", '"created_by'": null, '"deleted_at'": '"2026-06-26T18:26:33.298Z'", '"product_id'": 115, '"updated_at'": '"2026-06-26T18:26:33.298Z'", '"updated_by'": 1, '"stock_status'": '"in_stock'"}",2026-06-26 13:26:33.298034-05,,
153,1,SOFT_DELETE,product_variants,1369,"{'"id'": 1369, '"sku'": '"WAE1236-SM-12-36-12'", '"price'": '"435.00'", '"depth_in'": '"12.00'", '"width_in'": '"12.00'", '"finish_id'": 18, '"height_in'": '"36.00'", '"created_at'": '"2026-06-26T18:13:08.164Z'", '"created_by'": null, '"deleted_at'": null, '"product_id'": 115, '"updated_at'": '"2026-06-26T18:13:08.164Z'", '"updated_by'": null, '"stock_status'": '"in_stock'"}","{'"id'": 1369, '"sku'": '"WAE1236-SM-12-36-12'", '"price'": '"435.00'", '"depth_in'": '"12.00'", '"width_in'": '"12.00'", '"finish_id'": 18, '"height_in'": '"36.00'", '"created_at'": '"2026-06-26T18:13:08.164Z'", '"created_by'": null, '"deleted_at'": '"2026-06-26T18:26:33.298Z'", '"product_id'": 115, '"updated_at'": '"2026-06-26T18:26:33.298Z'", '"updated_by'": 1, '"stock_status'": '"in_stock'"}",2026-06-26 13:26:33.298034-05,,
154,1,SOFT_DELETE,products,115,"{'"id'": 115, '"sku'": '"WAE1236'", '"name'": '"WAE1230'", '"image_url'": null, '"created_at'": '"2026-06-26T18:13:08.164Z'", '"created_by'": null, '"deleted_at'": null, '"updated_at'": '"2026-06-26T18:13:08.164Z'", '"updated_by'": null, '"description'": '"Angle End w/1 Door & 2 Shelf'", '"sub_category_id'": 21}","{'"id'": 115, '"sku'": '"WAE1236'", '"name'": '"WAE1230'", '"image_url'": null, '"created_at'": '"2026-06-26T18:13:08.164Z'", '"created_by'": null, '"deleted_at'": '"2026-06-26T18:26:33.298Z'", '"updated_at'": '"2026-06-26T18:26:33.298Z'", '"updated_by'": 1, '"description'": '"Angle End w/1 Door & 2 Shelf'", '"sub_category_id'": 21}",2026-06-26 13:26:33.298034-05,,
155,1,SOFT_DELETE,product_variants,1370,"{'"id'": 1370, '"sku'": '"WAE1242-WS-12-42-12'", '"price'": '"435.00'", '"depth_in'": '"12.00'", '"width_in'": '"12.00'", '"finish_id'": 1, '"height_in'": '"42.00'", '"created_at'": '"2026-06-26T18:13:08.164Z'", '"created_by'": null, '"deleted_at'": null, '"product_id'": 116, '"updated_at'": '"2026-06-26T18:13:08.164Z'", '"updated_by'": null, '"stock_status'": '"in_stock'"}","{'"id'": 1370, '"sku'": '"WAE1242-WS-12-42-12'", '"price'": '"435.00'", '"depth_in'": '"12.00'", '"width_in'": '"12.00'", '"finish_id'": 1, '"height_in'": '"42.00'", '"created_at'": '"2026-06-26T18:13:08.164Z'", '"created_by'": null, '"deleted_at'": '"2026-06-26T18:26:34.553Z'", '"product_id'": 116, '"updated_at'": '"2026-06-26T18:26:34.553Z'", '"updated_by'": 1, '"stock_status'": '"in_stock'"}",2026-06-26 13:26:34.553855-05,,
156,1,SOFT_DELETE,product_variants,1373,"{'"id'": 1373, '"sku'": '"WAE1242-ES-12-42-12'", '"price'": '"953.00'", '"depth_in'": '"12.00'", '"width_in'": '"12.00'", '"finish_id'": 2, '"height_in'": '"42.00'", '"created_at'": '"2026-06-26T18:13:08.164Z'", '"created_by'": null, '"deleted_at'": null, '"product_id'": 116, '"updated_at'": '"2026-06-26T18:13:08.164Z'", '"updated_by'": null, '"stock_status'": '"in_stock'"}","{'"id'": 1373, '"sku'": '"WAE1242-ES-12-42-12'", '"price'": '"953.00'", '"depth_in'": '"12.00'", '"width_in'": '"12.00'", '"finish_id'": 2, '"height_in'": '"42.00'", '"created_at'": '"2026-06-26T18:13:08.164Z'", '"created_by'": null, '"deleted_at'": '"2026-06-26T18:26:34.553Z'", '"product_id'": 116, '"updated_at'": '"2026-06-26T18:26:34.553Z'", '"updated_by'": 1, '"stock_status'": '"in_stock'"}",2026-06-26 13:26:34.553855-05,,
157,1,SOFT_DELETE,product_variants,1371,"{'"id'": 1371, '"sku'": '"WAE1242-AS-12-42-12'", '"price'": '"435.00'", '"depth_in'": '"12.00'", '"width_in'": '"12.00'", '"finish_id'": 3, '"height_in'": '"42.00'", '"created_at'": '"2026-06-26T18:13:08.164Z'", '"created_by'": null, '"deleted_at'": null, '"product_id'": 116, '"updated_at'": '"2026-06-26T18:13:08.164Z'", '"updated_by'": null, '"stock_status'": '"in_stock'"}","{'"id'": 1371, '"sku'": '"WAE1242-AS-12-42-12'", '"price'": '"435.00'", '"depth_in'": '"12.00'", '"width_in'": '"12.00'", '"finish_id'": 3, '"height_in'": '"42.00'", '"created_at'": '"2026-06-26T18:13:08.164Z'", '"created_by'": null, '"deleted_at'": '"2026-06-26T18:26:34.553Z'", '"product_id'": 116, '"updated_at'": '"2026-06-26T18:26:34.553Z'", '"updated_by'": 1, '"stock_status'": '"in_stock'"}",2026-06-26 13:26:34.553855-05,,
158,1,SOFT_DELETE,product_variants,1372,"{'"id'": 1372, '"sku'": '"WAE1242-TS-12-42-12'", '"price'": '"435.00'", '"depth_in'": '"12.00'", '"width_in'": '"12.00'", '"finish_id'": 9, '"height_in'": '"42.00'", '"created_at'": '"2026-06-26T18:13:08.164Z'", '"created_by'": null, '"deleted_at'": null, '"product_id'": 116, '"updated_at'": '"2026-06-26T18:13:08.164Z'", '"updated_by'": null, '"stock_status'": '"in_stock'"}","{'"id'": 1372, '"sku'": '"WAE1242-TS-12-42-12'", '"price'": '"435.00'", '"depth_in'": '"12.00'", '"width_in'": '"12.00'", '"finish_id'": 9, '"height_in'": '"42.00'", '"created_at'": '"2026-06-26T18:13:08.164Z'", '"created_by'": null, '"deleted_at'": '"2026-06-26T18:26:34.553Z'", '"product_id'": 116, '"updated_at'": '"2026-06-26T18:26:34.553Z'", '"updated_by'": 1, '"stock_status'": '"in_stock'"}",2026-06-26 13:26:34.553855-05,,
159,1,SOFT_DELETE,product_variants,1374,"{'"id'": 1374, '"sku'": '"WAE1242-SF-12-42-12'", '"price'": '"923.00'", '"depth_in'": '"12.00'", '"width_in'": '"12.00'", '"finish_id'": 10, '"height_in'": '"42.00'", '"created_at'": '"2026-06-26T18:13:08.164Z'", '"created_by'": null, '"deleted_at'": null, '"product_id'": 116, '"updated_at'": '"2026-06-26T18:13:08.164Z'", '"updated_by'": null, '"stock_status'": '"in_stock'"}","{'"id'": 1374, '"sku'": '"WAE1242-SF-12-42-12'", '"price'": '"923.00'", '"depth_in'": '"12.00'", '"width_in'": '"12.00'", '"finish_id'": 10, '"height_in'": '"42.00'", '"created_at'": '"2026-06-26T18:13:08.164Z'", '"created_by'": null, '"deleted_at'": '"2026-06-26T18:26:34.553Z'", '"product_id'": 116, '"updated_at'": '"2026-06-26T18:26:34.553Z'", '"updated_by'": 1, '"stock_status'": '"in_stock'"}",2026-06-26 13:26:34.553855-05,,
426,1,UPDATE,products,7,"{'"id'": 7, '"sku'": '"B12'", '"name'": '"B12'", '"image_url'": '"/uploads/products/13c1443f-ec9b-4cc1-9fc0-dcfe34619c2c.png'", '"created_at'": '"2026-06-20T21:09:11.370Z'", '"created_by'": null, '"deleted_at'": null, '"updated_at'": '"2026-06-30T20:04:04.606Z'", '"updated_by'": null, '"description'": '"1 Door & 1 Drawer'", '"sub_category_id'": 3}","{'"event'": '"bulk_in_stock'", '"summary'": '"Admin admin@cabinet.local, B12 ürününe ait tüm renk ve varyantları toplu olarak YENİDEN STOKTA (In Stock) olarak işaretledi.'", '"product_name'": '"B12'", '"updated_variant_count'": 16}",2026-07-01 09:50:02.939892-05,,
160,1,SOFT_DELETE,product_variants,1375,"{'"id'": 1375, '"sku'": '"WAE1242-BS-12-42-12'", '"price'": '"823.00'", '"depth_in'": '"12.00'", '"width_in'": '"12.00'", '"finish_id'": 11, '"height_in'": '"42.00'", '"created_at'": '"2026-06-26T18:13:08.164Z'", '"created_by'": null, '"deleted_at'": null, '"product_id'": 116, '"updated_at'": '"2026-06-26T18:13:08.164Z'", '"updated_by'": null, '"stock_status'": '"in_stock'"}","{'"id'": 1375, '"sku'": '"WAE1242-BS-12-42-12'", '"price'": '"823.00'", '"depth_in'": '"12.00'", '"width_in'": '"12.00'", '"finish_id'": 11, '"height_in'": '"42.00'", '"created_at'": '"2026-06-26T18:13:08.164Z'", '"created_by'": null, '"deleted_at'": '"2026-06-26T18:26:34.553Z'", '"product_id'": 116, '"updated_at'": '"2026-06-26T18:26:34.553Z'", '"updated_by'": 1, '"stock_status'": '"in_stock'"}",2026-06-26 13:26:34.553855-05,,
161,1,SOFT_DELETE,product_variants,1376,"{'"id'": 1376, '"sku'": '"WAE1242-CS-12-42-12'", '"price'": '"723.00'", '"depth_in'": '"12.00'", '"width_in'": '"12.00'", '"finish_id'": 13, '"height_in'": '"42.00'", '"created_at'": '"2026-06-26T18:13:08.164Z'", '"created_by'": null, '"deleted_at'": null, '"product_id'": 116, '"updated_at'": '"2026-06-26T18:13:08.164Z'", '"updated_by'": null, '"stock_status'": '"in_stock'"}","{'"id'": 1376, '"sku'": '"WAE1242-CS-12-42-12'", '"price'": '"723.00'", '"depth_in'": '"12.00'", '"width_in'": '"12.00'", '"finish_id'": 13, '"height_in'": '"42.00'", '"created_at'": '"2026-06-26T18:13:08.164Z'", '"created_by'": null, '"deleted_at'": '"2026-06-26T18:26:34.553Z'", '"product_id'": 116, '"updated_at'": '"2026-06-26T18:26:34.553Z'", '"updated_by'": 1, '"stock_status'": '"in_stock'"}",2026-06-26 13:26:34.553855-05,,
162,1,SOFT_DELETE,product_variants,1377,"{'"id'": 1377, '"sku'": '"WAE1242-DGS-12-42-12'", '"price'": '"853.00'", '"depth_in'": '"12.00'", '"width_in'": '"12.00'", '"finish_id'": 14, '"height_in'": '"42.00'", '"created_at'": '"2026-06-26T18:13:08.164Z'", '"created_by'": null, '"deleted_at'": null, '"product_id'": 116, '"updated_at'": '"2026-06-26T18:13:08.164Z'", '"updated_by'": null, '"stock_status'": '"in_stock'"}","{'"id'": 1377, '"sku'": '"WAE1242-DGS-12-42-12'", '"price'": '"853.00'", '"depth_in'": '"12.00'", '"width_in'": '"12.00'", '"finish_id'": 14, '"height_in'": '"42.00'", '"created_at'": '"2026-06-26T18:13:08.164Z'", '"created_by'": null, '"deleted_at'": '"2026-06-26T18:26:34.553Z'", '"product_id'": 116, '"updated_at'": '"2026-06-26T18:26:34.553Z'", '"updated_by'": 1, '"stock_status'": '"in_stock'"}",2026-06-26 13:26:34.553855-05,,
163,1,SOFT_DELETE,product_variants,1378,"{'"id'": 1378, '"sku'": '"WAE1242-FGS-12-42-12'", '"price'": '"623.00'", '"depth_in'": '"12.00'", '"width_in'": '"12.00'", '"finish_id'": 15, '"height_in'": '"42.00'", '"created_at'": '"2026-06-26T18:13:08.164Z'", '"created_by'": null, '"deleted_at'": null, '"product_id'": 116, '"updated_at'": '"2026-06-26T18:13:08.164Z'", '"updated_by'": null, '"stock_status'": '"in_stock'"}","{'"id'": 1378, '"sku'": '"WAE1242-FGS-12-42-12'", '"price'": '"623.00'", '"depth_in'": '"12.00'", '"width_in'": '"12.00'", '"finish_id'": 15, '"height_in'": '"42.00'", '"created_at'": '"2026-06-26T18:13:08.164Z'", '"created_by'": null, '"deleted_at'": '"2026-06-26T18:26:34.553Z'", '"product_id'": 116, '"updated_at'": '"2026-06-26T18:26:34.553Z'", '"updated_by'": 1, '"stock_status'": '"in_stock'"}",2026-06-26 13:26:34.553855-05,,
164,1,SOFT_DELETE,product_variants,1379,"{'"id'": 1379, '"sku'": '"WAE1242-LG-12-42-12'", '"price'": '"345.00'", '"depth_in'": '"12.00'", '"width_in'": '"12.00'", '"finish_id'": 16, '"height_in'": '"42.00'", '"created_at'": '"2026-06-26T18:13:08.164Z'", '"created_by'": null, '"deleted_at'": null, '"product_id'": 116, '"updated_at'": '"2026-06-26T18:13:08.164Z'", '"updated_by'": null, '"stock_status'": '"in_stock'"}","{'"id'": 1379, '"sku'": '"WAE1242-LG-12-42-12'", '"price'": '"345.00'", '"depth_in'": '"12.00'", '"width_in'": '"12.00'", '"finish_id'": 16, '"height_in'": '"42.00'", '"created_at'": '"2026-06-26T18:13:08.164Z'", '"created_by'": null, '"deleted_at'": '"2026-06-26T18:26:34.553Z'", '"product_id'": 116, '"updated_at'": '"2026-06-26T18:26:34.553Z'", '"updated_by'": 1, '"stock_status'": '"in_stock'"}",2026-06-26 13:26:34.553855-05,,
165,1,SOFT_DELETE,product_variants,1380,"{'"id'": 1380, '"sku'": '"WAE1242-E-12-42-12'", '"price'": '"343.00'", '"depth_in'": '"12.00'", '"width_in'": '"12.00'", '"finish_id'": 17, '"height_in'": '"42.00'", '"created_at'": '"2026-06-26T18:13:08.164Z'", '"created_by'": null, '"deleted_at'": null, '"product_id'": 116, '"updated_at'": '"2026-06-26T18:13:08.164Z'", '"updated_by'": null, '"stock_status'": '"in_stock'"}","{'"id'": 1380, '"sku'": '"WAE1242-E-12-42-12'", '"price'": '"343.00'", '"depth_in'": '"12.00'", '"width_in'": '"12.00'", '"finish_id'": 17, '"height_in'": '"42.00'", '"created_at'": '"2026-06-26T18:13:08.164Z'", '"created_by'": null, '"deleted_at'": '"2026-06-26T18:26:34.553Z'", '"product_id'": 116, '"updated_at'": '"2026-06-26T18:26:34.553Z'", '"updated_by'": 1, '"stock_status'": '"in_stock'"}",2026-06-26 13:26:34.553855-05,,
166,1,SOFT_DELETE,product_variants,1381,"{'"id'": 1381, '"sku'": '"WAE1242-SM-12-42-12'", '"price'": '"435.00'", '"depth_in'": '"12.00'", '"width_in'": '"12.00'", '"finish_id'": 18, '"height_in'": '"42.00'", '"created_at'": '"2026-06-26T18:13:08.164Z'", '"created_by'": null, '"deleted_at'": null, '"product_id'": 116, '"updated_at'": '"2026-06-26T18:13:08.164Z'", '"updated_by'": null, '"stock_status'": '"in_stock'"}","{'"id'": 1381, '"sku'": '"WAE1242-SM-12-42-12'", '"price'": '"435.00'", '"depth_in'": '"12.00'", '"width_in'": '"12.00'", '"finish_id'": 18, '"height_in'": '"42.00'", '"created_at'": '"2026-06-26T18:13:08.164Z'", '"created_by'": null, '"deleted_at'": '"2026-06-26T18:26:34.553Z'", '"product_id'": 116, '"updated_at'": '"2026-06-26T18:26:34.553Z'", '"updated_by'": 1, '"stock_status'": '"in_stock'"}",2026-06-26 13:26:34.553855-05,,
167,1,SOFT_DELETE,products,116,"{'"id'": 116, '"sku'": '"WAE1242'", '"name'": '"WAE1230'", '"image_url'": null, '"created_at'": '"2026-06-26T18:13:08.164Z'", '"created_by'": null, '"deleted_at'": null, '"updated_at'": '"2026-06-26T18:13:08.164Z'", '"updated_by'": null, '"description'": '"Angle End w/1 Door & 2 Shelf'", '"sub_category_id'": 21}","{'"id'": 116, '"sku'": '"WAE1242'", '"name'": '"WAE1230'", '"image_url'": null, '"created_at'": '"2026-06-26T18:13:08.164Z'", '"created_by'": null, '"deleted_at'": '"2026-06-26T18:26:34.553Z'", '"updated_at'": '"2026-06-26T18:26:34.553Z'", '"updated_by'": 1, '"description'": '"Angle End w/1 Door & 2 Shelf'", '"sub_category_id'": 21}",2026-06-26 13:26:34.553855-05,,
168,1,SOFT_DELETE,product_variants,11,"{'"id'": 11, '"sku'": '"B24-ES-12-34.5-24'", '"price'": '"310.00'", '"depth_in'": '"24.00'", '"width_in'": '"12.00'", '"finish_id'": 2, '"height_in'": '"34.50'", '"created_at'": '"2026-06-23T18:16:06.218Z'", '"created_by'": null, '"deleted_at'": null, '"product_id'": 9, '"updated_at'": '"2026-06-24T15:42:02.120Z'", '"updated_by'": null, '"stock_status'": '"out_of_stock'"}","{'"id'": 11, '"sku'": '"B24-ES-12-34.5-24_deleted_1782499068'", '"price'": '"310.00'", '"depth_in'": '"24.00'", '"width_in'": '"12.00'", '"finish_id'": 2, '"height_in'": '"34.50'", '"created_at'": '"2026-06-23T18:16:06.218Z'", '"created_by'": null, '"deleted_at'": '"2026-06-26T18:37:48.090Z'", '"product_id'": 9, '"updated_at'": '"2026-06-26T18:37:48.090Z'", '"updated_by'": 1, '"stock_status'": '"out_of_stock'"}",2026-06-26 13:37:48.090074-05,,
427,1,UPDATE,products,7,"{'"id'": 7, '"sku'": '"B12'", '"name'": '"B12'", '"image_url'": '"/uploads/products/13c1443f-ec9b-4cc1-9fc0-dcfe34619c2c.png'", '"created_at'": '"2026-06-20T21:09:11.370Z'", '"created_by'": null, '"deleted_at'": null, '"updated_at'": '"2026-06-30T20:04:04.606Z'", '"updated_by'": null, '"description'": '"1 Door & 1 Drawer'", '"sub_category_id'": 3}","{'"event'": '"bulk_out_of_stock'", '"summary'": '"Admin admin@cabinet.local, B12 ürününe ait tüm renk ve varyantları toplu olarak GÜVENSİZ/STOK DIŞI (Out of Stock) olarak işaretledi.'", '"product_name'": '"B12'", '"updated_variant_count'": 16}",2026-07-01 09:50:03.808845-05,,
169,1,SOFT_DELETE,product_variants,12,"{'"id'": 12, '"sku'": '"B24-AS-12-34.5-24'", '"price'": '"310.00'", '"depth_in'": '"24.00'", '"width_in'": '"12.00'", '"finish_id'": 3, '"height_in'": '"34.50'", '"created_at'": '"2026-06-23T18:16:06.218Z'", '"created_by'": null, '"deleted_at'": null, '"product_id'": 9, '"updated_at'": '"2026-06-24T15:42:02.120Z'", '"updated_by'": null, '"stock_status'": '"in_stock'"}","{'"id'": 12, '"sku'": '"B24-AS-12-34.5-24_deleted_1782499068'", '"price'": '"310.00'", '"depth_in'": '"24.00'", '"width_in'": '"12.00'", '"finish_id'": 3, '"height_in'": '"34.50'", '"created_at'": '"2026-06-23T18:16:06.218Z'", '"created_by'": null, '"deleted_at'": '"2026-06-26T18:37:48.090Z'", '"product_id'": 9, '"updated_at'": '"2026-06-26T18:37:48.090Z'", '"updated_by'": 1, '"stock_status'": '"in_stock'"}",2026-06-26 13:37:48.090074-05,,
170,1,SOFT_DELETE,product_variants,205,"{'"id'": 205, '"sku'": '"VSD2421-WS-24-34.5-21'", '"price'": '"523.00'", '"depth_in'": '"21.00'", '"width_in'": '"24.00'", '"finish_id'": 1, '"height_in'": '"34.50'", '"created_at'": '"2026-06-23T21:00:28.882Z'", '"created_by'": null, '"deleted_at'": null, '"product_id'": 46, '"updated_at'": '"2026-06-26T18:34:35.561Z'", '"updated_by'": null, '"stock_status'": '"in_stock'"}","{'"id'": 205, '"sku'": '"VSD2421-WS-24-34.5-21_deleted_1782499669'", '"price'": '"523.00'", '"depth_in'": '"21.00'", '"width_in'": '"24.00'", '"finish_id'": 1, '"height_in'": '"34.50'", '"created_at'": '"2026-06-23T21:00:28.882Z'", '"created_by'": null, '"deleted_at'": '"2026-06-26T18:47:49.472Z'", '"product_id'": 46, '"updated_at'": '"2026-06-26T18:47:49.472Z'", '"updated_by'": 1, '"stock_status'": '"in_stock'"}",2026-06-26 13:47:49.472458-05,,
171,1,SOFT_DELETE,product_variants,207,"{'"id'": 207, '"sku'": '"VSD2421-ES-24-34.5-21'", '"price'": '"953.00'", '"depth_in'": '"21.00'", '"width_in'": '"24.00'", '"finish_id'": 2, '"height_in'": '"34.50'", '"created_at'": '"2026-06-23T21:00:28.882Z'", '"created_by'": null, '"deleted_at'": null, '"product_id'": 46, '"updated_at'": '"2026-06-26T18:34:35.561Z'", '"updated_by'": null, '"stock_status'": '"in_stock'"}","{'"id'": 207, '"sku'": '"VSD2421-ES-24-34.5-21_deleted_1782499669'", '"price'": '"953.00'", '"depth_in'": '"21.00'", '"width_in'": '"24.00'", '"finish_id'": 2, '"height_in'": '"34.50'", '"created_at'": '"2026-06-23T21:00:28.882Z'", '"created_by'": null, '"deleted_at'": '"2026-06-26T18:47:49.472Z'", '"product_id'": 46, '"updated_at'": '"2026-06-26T18:47:49.472Z'", '"updated_by'": 1, '"stock_status'": '"in_stock'"}",2026-06-26 13:47:49.472458-05,,
172,1,SOFT_DELETE,product_variants,206,"{'"id'": 206, '"sku'": '"VSD2421-AS-24-34.5-21'", '"price'": '"523.00'", '"depth_in'": '"21.00'", '"width_in'": '"24.00'", '"finish_id'": 3, '"height_in'": '"34.50'", '"created_at'": '"2026-06-23T21:00:28.882Z'", '"created_by'": null, '"deleted_at'": null, '"product_id'": 46, '"updated_at'": '"2026-06-26T18:34:35.561Z'", '"updated_by'": null, '"stock_status'": '"in_stock'"}","{'"id'": 206, '"sku'": '"VSD2421-AS-24-34.5-21_deleted_1782499669'", '"price'": '"523.00'", '"depth_in'": '"21.00'", '"width_in'": '"24.00'", '"finish_id'": 3, '"height_in'": '"34.50'", '"created_at'": '"2026-06-23T21:00:28.882Z'", '"created_by'": null, '"deleted_at'": '"2026-06-26T18:47:49.472Z'", '"product_id'": 46, '"updated_at'": '"2026-06-26T18:47:49.472Z'", '"updated_by'": 1, '"stock_status'": '"in_stock'"}",2026-06-26 13:47:49.472458-05,,
173,1,SOFT_DELETE,product_variants,208,"{'"id'": 208, '"sku'": '"VSD2421-TS-24-34.5-21'", '"price'": '"523.00'", '"depth_in'": '"21.00'", '"width_in'": '"24.00'", '"finish_id'": 9, '"height_in'": '"34.50'", '"created_at'": '"2026-06-23T21:00:28.882Z'", '"created_by'": null, '"deleted_at'": null, '"product_id'": 46, '"updated_at'": '"2026-06-26T18:34:35.561Z'", '"updated_by'": null, '"stock_status'": '"in_stock'"}","{'"id'": 208, '"sku'": '"VSD2421-TS-24-34.5-21_deleted_1782499669'", '"price'": '"523.00'", '"depth_in'": '"21.00'", '"width_in'": '"24.00'", '"finish_id'": 9, '"height_in'": '"34.50'", '"created_at'": '"2026-06-23T21:00:28.882Z'", '"created_by'": null, '"deleted_at'": '"2026-06-26T18:47:49.472Z'", '"product_id'": 46, '"updated_at'": '"2026-06-26T18:47:49.472Z'", '"updated_by'": 1, '"stock_status'": '"in_stock'"}",2026-06-26 13:47:49.472458-05,,
174,1,SOFT_DELETE,product_variants,209,"{'"id'": 209, '"sku'": '"VSD2421-SF-24-34.5-21'", '"price'": '"923.00'", '"depth_in'": '"21.00'", '"width_in'": '"24.00'", '"finish_id'": 10, '"height_in'": '"34.50'", '"created_at'": '"2026-06-23T21:00:28.882Z'", '"created_by'": null, '"deleted_at'": null, '"product_id'": 46, '"updated_at'": '"2026-06-26T18:34:35.561Z'", '"updated_by'": null, '"stock_status'": '"in_stock'"}","{'"id'": 209, '"sku'": '"VSD2421-SF-24-34.5-21_deleted_1782499669'", '"price'": '"923.00'", '"depth_in'": '"21.00'", '"width_in'": '"24.00'", '"finish_id'": 10, '"height_in'": '"34.50'", '"created_at'": '"2026-06-23T21:00:28.882Z'", '"created_by'": null, '"deleted_at'": '"2026-06-26T18:47:49.472Z'", '"product_id'": 46, '"updated_at'": '"2026-06-26T18:47:49.472Z'", '"updated_by'": 1, '"stock_status'": '"in_stock'"}",2026-06-26 13:47:49.472458-05,,
175,1,SOFT_DELETE,product_variants,664,"{'"id'": 664, '"sku'": '"VSD2421-BS-24-34.5-21'", '"price'": '"823.00'", '"depth_in'": '"21.00'", '"width_in'": '"24.00'", '"finish_id'": 11, '"height_in'": '"34.50'", '"created_at'": '"2026-06-26T15:23:43.959Z'", '"created_by'": null, '"deleted_at'": null, '"product_id'": 46, '"updated_at'": '"2026-06-26T18:34:35.561Z'", '"updated_by'": null, '"stock_status'": '"in_stock'"}","{'"id'": 664, '"sku'": '"VSD2421-BS-24-34.5-21_deleted_1782499669'", '"price'": '"823.00'", '"depth_in'": '"21.00'", '"width_in'": '"24.00'", '"finish_id'": 11, '"height_in'": '"34.50'", '"created_at'": '"2026-06-26T15:23:43.959Z'", '"created_by'": null, '"deleted_at'": '"2026-06-26T18:47:49.472Z'", '"product_id'": 46, '"updated_at'": '"2026-06-26T18:47:49.472Z'", '"updated_by'": 1, '"stock_status'": '"in_stock'"}",2026-06-26 13:47:49.472458-05,,
176,1,SOFT_DELETE,product_variants,665,"{'"id'": 665, '"sku'": '"VSD2421-CS-24-34.5-21'", '"price'": '"723.00'", '"depth_in'": '"21.00'", '"width_in'": '"24.00'", '"finish_id'": 13, '"height_in'": '"34.50'", '"created_at'": '"2026-06-26T15:23:43.959Z'", '"created_by'": null, '"deleted_at'": null, '"product_id'": 46, '"updated_at'": '"2026-06-26T18:34:35.561Z'", '"updated_by'": null, '"stock_status'": '"in_stock'"}","{'"id'": 665, '"sku'": '"VSD2421-CS-24-34.5-21_deleted_1782499669'", '"price'": '"723.00'", '"depth_in'": '"21.00'", '"width_in'": '"24.00'", '"finish_id'": 13, '"height_in'": '"34.50'", '"created_at'": '"2026-06-26T15:23:43.959Z'", '"created_by'": null, '"deleted_at'": '"2026-06-26T18:47:49.472Z'", '"product_id'": 46, '"updated_at'": '"2026-06-26T18:47:49.472Z'", '"updated_by'": 1, '"stock_status'": '"in_stock'"}",2026-06-26 13:47:49.472458-05,,
177,1,SOFT_DELETE,product_variants,666,"{'"id'": 666, '"sku'": '"VSD2421-DGS-24-34.5-21'", '"price'": '"853.00'", '"depth_in'": '"21.00'", '"width_in'": '"24.00'", '"finish_id'": 14, '"height_in'": '"34.50'", '"created_at'": '"2026-06-26T15:23:43.959Z'", '"created_by'": null, '"deleted_at'": null, '"product_id'": 46, '"updated_at'": '"2026-06-26T18:34:35.561Z'", '"updated_by'": null, '"stock_status'": '"in_stock'"}","{'"id'": 666, '"sku'": '"VSD2421-DGS-24-34.5-21_deleted_1782499669'", '"price'": '"853.00'", '"depth_in'": '"21.00'", '"width_in'": '"24.00'", '"finish_id'": 14, '"height_in'": '"34.50'", '"created_at'": '"2026-06-26T15:23:43.959Z'", '"created_by'": null, '"deleted_at'": '"2026-06-26T18:47:49.472Z'", '"product_id'": 46, '"updated_at'": '"2026-06-26T18:47:49.472Z'", '"updated_by'": 1, '"stock_status'": '"in_stock'"}",2026-06-26 13:47:49.472458-05,,
450,2,UPDATE,users,2,,"{'"code'": '"CAB-ZWGD-H8'", '"event'": '"promo_code_applied'", '"summary'": '"Dealer ahmetsakallioglu54@gmail.com applied promo code CAB-ZWGD-H8 (33.80 off cart).'", '"subtotal'": 675.92, '"promo_discount'": 33.8}",2026-07-01 11:52:44.547984-05,,
178,1,SOFT_DELETE,product_variants,667,"{'"id'": 667, '"sku'": '"VSD2421-FGS-24-34.5-21'", '"price'": '"623.00'", '"depth_in'": '"21.00'", '"width_in'": '"24.00'", '"finish_id'": 15, '"height_in'": '"34.50'", '"created_at'": '"2026-06-26T15:23:43.959Z'", '"created_by'": null, '"deleted_at'": null, '"product_id'": 46, '"updated_at'": '"2026-06-26T18:34:35.561Z'", '"updated_by'": null, '"stock_status'": '"in_stock'"}","{'"id'": 667, '"sku'": '"VSD2421-FGS-24-34.5-21_deleted_1782499669'", '"price'": '"623.00'", '"depth_in'": '"21.00'", '"width_in'": '"24.00'", '"finish_id'": 15, '"height_in'": '"34.50'", '"created_at'": '"2026-06-26T15:23:43.959Z'", '"created_by'": null, '"deleted_at'": '"2026-06-26T18:47:49.472Z'", '"product_id'": 46, '"updated_at'": '"2026-06-26T18:47:49.472Z'", '"updated_by'": 1, '"stock_status'": '"in_stock'"}",2026-06-26 13:47:49.472458-05,,
179,1,SOFT_DELETE,product_variants,668,"{'"id'": 668, '"sku'": '"VSD2421-LG-24-34.5-21'", '"price'": '"345.00'", '"depth_in'": '"21.00'", '"width_in'": '"24.00'", '"finish_id'": 16, '"height_in'": '"34.50'", '"created_at'": '"2026-06-26T15:23:43.959Z'", '"created_by'": null, '"deleted_at'": null, '"product_id'": 46, '"updated_at'": '"2026-06-26T18:34:35.561Z'", '"updated_by'": null, '"stock_status'": '"in_stock'"}","{'"id'": 668, '"sku'": '"VSD2421-LG-24-34.5-21_deleted_1782499669'", '"price'": '"345.00'", '"depth_in'": '"21.00'", '"width_in'": '"24.00'", '"finish_id'": 16, '"height_in'": '"34.50'", '"created_at'": '"2026-06-26T15:23:43.959Z'", '"created_by'": null, '"deleted_at'": '"2026-06-26T18:47:49.472Z'", '"product_id'": 46, '"updated_at'": '"2026-06-26T18:47:49.472Z'", '"updated_by'": 1, '"stock_status'": '"in_stock'"}",2026-06-26 13:47:49.472458-05,,
180,1,SOFT_DELETE,product_variants,669,"{'"id'": 669, '"sku'": '"VSD2421-E-24-34.5-21'", '"price'": '"343.00'", '"depth_in'": '"21.00'", '"width_in'": '"24.00'", '"finish_id'": 17, '"height_in'": '"34.50'", '"created_at'": '"2026-06-26T15:23:43.959Z'", '"created_by'": null, '"deleted_at'": null, '"product_id'": 46, '"updated_at'": '"2026-06-26T18:34:35.561Z'", '"updated_by'": null, '"stock_status'": '"in_stock'"}","{'"id'": 669, '"sku'": '"VSD2421-E-24-34.5-21_deleted_1782499669'", '"price'": '"343.00'", '"depth_in'": '"21.00'", '"width_in'": '"24.00'", '"finish_id'": 17, '"height_in'": '"34.50'", '"created_at'": '"2026-06-26T15:23:43.959Z'", '"created_by'": null, '"deleted_at'": '"2026-06-26T18:47:49.472Z'", '"product_id'": 46, '"updated_at'": '"2026-06-26T18:47:49.472Z'", '"updated_by'": 1, '"stock_status'": '"in_stock'"}",2026-06-26 13:47:49.472458-05,,
181,1,SOFT_DELETE,product_variants,670,"{'"id'": 670, '"sku'": '"VSD2421-SM-24-34.5-21'", '"price'": '"435.00'", '"depth_in'": '"21.00'", '"width_in'": '"24.00'", '"finish_id'": 18, '"height_in'": '"34.50'", '"created_at'": '"2026-06-26T15:23:43.959Z'", '"created_by'": null, '"deleted_at'": null, '"product_id'": 46, '"updated_at'": '"2026-06-26T18:34:35.561Z'", '"updated_by'": null, '"stock_status'": '"in_stock'"}","{'"id'": 670, '"sku'": '"VSD2421-SM-24-34.5-21_deleted_1782499669'", '"price'": '"435.00'", '"depth_in'": '"21.00'", '"width_in'": '"24.00'", '"finish_id'": 18, '"height_in'": '"34.50'", '"created_at'": '"2026-06-26T15:23:43.959Z'", '"created_by'": null, '"deleted_at'": '"2026-06-26T18:47:49.472Z'", '"product_id'": 46, '"updated_at'": '"2026-06-26T18:47:49.472Z'", '"updated_by'": 1, '"stock_status'": '"in_stock'"}",2026-06-26 13:47:49.472458-05,,
182,1,SOFT_DELETE,products,46,"{'"id'": 46, '"sku'": '"VSD2421'", '"name'": '"VSD2421'", '"image_url'": null, '"created_at'": '"2026-06-23T21:00:28.882Z'", '"created_by'": null, '"deleted_at'": null, '"updated_at'": '"2026-06-26T18:34:35.561Z'", '"updated_by'": null, '"description'": '"2 Door & 1 False Drawer'", '"sub_category_id'": 10}","{'"id'": 46, '"sku'": '"VSD2421_deleted_1782499669'", '"name'": '"VSD2421'", '"image_url'": null, '"created_at'": '"2026-06-23T21:00:28.882Z'", '"created_by'": null, '"deleted_at'": '"2026-06-26T18:47:49.472Z'", '"updated_at'": '"2026-06-26T18:47:49.472Z'", '"updated_by'": 1, '"description'": '"2 Door & 1 False Drawer'", '"sub_category_id'": 10}",2026-06-26 13:47:49.472458-05,,
183,1,SOFT_DELETE,product_variants,210,"{'"id'": 210, '"sku'": '"VSD2721-WS-27-34.5-21'", '"price'": '"523.00'", '"depth_in'": '"21.00'", '"width_in'": '"27.00'", '"finish_id'": 1, '"height_in'": '"34.50'", '"created_at'": '"2026-06-23T21:00:28.882Z'", '"created_by'": null, '"deleted_at'": null, '"product_id'": 47, '"updated_at'": '"2026-06-26T18:34:35.561Z'", '"updated_by'": null, '"stock_status'": '"in_stock'"}","{'"id'": 210, '"sku'": '"VSD2721-WS-27-34.5-21_deleted_1782499674'", '"price'": '"523.00'", '"depth_in'": '"21.00'", '"width_in'": '"27.00'", '"finish_id'": 1, '"height_in'": '"34.50'", '"created_at'": '"2026-06-23T21:00:28.882Z'", '"created_by'": null, '"deleted_at'": '"2026-06-26T18:47:54.685Z'", '"product_id'": 47, '"updated_at'": '"2026-06-26T18:47:54.685Z'", '"updated_by'": 1, '"stock_status'": '"in_stock'"}",2026-06-26 13:47:54.685571-05,,
184,1,SOFT_DELETE,product_variants,212,"{'"id'": 212, '"sku'": '"VSD2721-ES-27-34.5-21'", '"price'": '"953.00'", '"depth_in'": '"21.00'", '"width_in'": '"27.00'", '"finish_id'": 2, '"height_in'": '"34.50'", '"created_at'": '"2026-06-23T21:00:28.882Z'", '"created_by'": null, '"deleted_at'": null, '"product_id'": 47, '"updated_at'": '"2026-06-26T18:34:35.561Z'", '"updated_by'": null, '"stock_status'": '"in_stock'"}","{'"id'": 212, '"sku'": '"VSD2721-ES-27-34.5-21_deleted_1782499674'", '"price'": '"953.00'", '"depth_in'": '"21.00'", '"width_in'": '"27.00'", '"finish_id'": 2, '"height_in'": '"34.50'", '"created_at'": '"2026-06-23T21:00:28.882Z'", '"created_by'": null, '"deleted_at'": '"2026-06-26T18:47:54.685Z'", '"product_id'": 47, '"updated_at'": '"2026-06-26T18:47:54.685Z'", '"updated_by'": 1, '"stock_status'": '"in_stock'"}",2026-06-26 13:47:54.685571-05,,
185,1,SOFT_DELETE,product_variants,211,"{'"id'": 211, '"sku'": '"VSD2721-AS-27-34.5-21'", '"price'": '"523.00'", '"depth_in'": '"21.00'", '"width_in'": '"27.00'", '"finish_id'": 3, '"height_in'": '"34.50'", '"created_at'": '"2026-06-23T21:00:28.882Z'", '"created_by'": null, '"deleted_at'": null, '"product_id'": 47, '"updated_at'": '"2026-06-26T18:34:35.561Z'", '"updated_by'": null, '"stock_status'": '"in_stock'"}","{'"id'": 211, '"sku'": '"VSD2721-AS-27-34.5-21_deleted_1782499674'", '"price'": '"523.00'", '"depth_in'": '"21.00'", '"width_in'": '"27.00'", '"finish_id'": 3, '"height_in'": '"34.50'", '"created_at'": '"2026-06-23T21:00:28.882Z'", '"created_by'": null, '"deleted_at'": '"2026-06-26T18:47:54.685Z'", '"product_id'": 47, '"updated_at'": '"2026-06-26T18:47:54.685Z'", '"updated_by'": 1, '"stock_status'": '"in_stock'"}",2026-06-26 13:47:54.685571-05,,
186,1,SOFT_DELETE,product_variants,213,"{'"id'": 213, '"sku'": '"VSD2721-TS-27-34.5-21'", '"price'": '"523.00'", '"depth_in'": '"21.00'", '"width_in'": '"27.00'", '"finish_id'": 9, '"height_in'": '"34.50'", '"created_at'": '"2026-06-23T21:00:28.882Z'", '"created_by'": null, '"deleted_at'": null, '"product_id'": 47, '"updated_at'": '"2026-06-26T18:34:35.561Z'", '"updated_by'": null, '"stock_status'": '"in_stock'"}","{'"id'": 213, '"sku'": '"VSD2721-TS-27-34.5-21_deleted_1782499674'", '"price'": '"523.00'", '"depth_in'": '"21.00'", '"width_in'": '"27.00'", '"finish_id'": 9, '"height_in'": '"34.50'", '"created_at'": '"2026-06-23T21:00:28.882Z'", '"created_by'": null, '"deleted_at'": '"2026-06-26T18:47:54.685Z'", '"product_id'": 47, '"updated_at'": '"2026-06-26T18:47:54.685Z'", '"updated_by'": 1, '"stock_status'": '"in_stock'"}",2026-06-26 13:47:54.685571-05,,
451,2,UPDATE,users,2,,"{'"code'": '"CAB-8EVC-TX'", '"event'": '"promo_code_applied'", '"summary'": '"Dealer ahmetsakallioglu54@gmail.com applied promo code CAB-8EVC-TX (33.80 off cart).'", '"subtotal'": 675.92, '"promo_discount'": 33.8}",2026-07-01 11:52:50.040426-05,,
187,1,SOFT_DELETE,product_variants,214,"{'"id'": 214, '"sku'": '"VSD2721-SF-27-34.5-21'", '"price'": '"923.00'", '"depth_in'": '"21.00'", '"width_in'": '"27.00'", '"finish_id'": 10, '"height_in'": '"34.50'", '"created_at'": '"2026-06-23T21:00:28.882Z'", '"created_by'": null, '"deleted_at'": null, '"product_id'": 47, '"updated_at'": '"2026-06-26T18:34:35.561Z'", '"updated_by'": null, '"stock_status'": '"in_stock'"}","{'"id'": 214, '"sku'": '"VSD2721-SF-27-34.5-21_deleted_1782499674'", '"price'": '"923.00'", '"depth_in'": '"21.00'", '"width_in'": '"27.00'", '"finish_id'": 10, '"height_in'": '"34.50'", '"created_at'": '"2026-06-23T21:00:28.882Z'", '"created_by'": null, '"deleted_at'": '"2026-06-26T18:47:54.685Z'", '"product_id'": 47, '"updated_at'": '"2026-06-26T18:47:54.685Z'", '"updated_by'": 1, '"stock_status'": '"in_stock'"}",2026-06-26 13:47:54.685571-05,,
188,1,SOFT_DELETE,product_variants,671,"{'"id'": 671, '"sku'": '"VSD2721-BS-27-34.5-21'", '"price'": '"823.00'", '"depth_in'": '"21.00'", '"width_in'": '"27.00'", '"finish_id'": 11, '"height_in'": '"34.50'", '"created_at'": '"2026-06-26T15:23:43.959Z'", '"created_by'": null, '"deleted_at'": null, '"product_id'": 47, '"updated_at'": '"2026-06-26T18:34:35.561Z'", '"updated_by'": null, '"stock_status'": '"in_stock'"}","{'"id'": 671, '"sku'": '"VSD2721-BS-27-34.5-21_deleted_1782499674'", '"price'": '"823.00'", '"depth_in'": '"21.00'", '"width_in'": '"27.00'", '"finish_id'": 11, '"height_in'": '"34.50'", '"created_at'": '"2026-06-26T15:23:43.959Z'", '"created_by'": null, '"deleted_at'": '"2026-06-26T18:47:54.685Z'", '"product_id'": 47, '"updated_at'": '"2026-06-26T18:47:54.685Z'", '"updated_by'": 1, '"stock_status'": '"in_stock'"}",2026-06-26 13:47:54.685571-05,,
189,1,SOFT_DELETE,product_variants,672,"{'"id'": 672, '"sku'": '"VSD2721-CS-27-34.5-21'", '"price'": '"723.00'", '"depth_in'": '"21.00'", '"width_in'": '"27.00'", '"finish_id'": 13, '"height_in'": '"34.50'", '"created_at'": '"2026-06-26T15:23:43.959Z'", '"created_by'": null, '"deleted_at'": null, '"product_id'": 47, '"updated_at'": '"2026-06-26T18:34:35.561Z'", '"updated_by'": null, '"stock_status'": '"in_stock'"}","{'"id'": 672, '"sku'": '"VSD2721-CS-27-34.5-21_deleted_1782499674'", '"price'": '"723.00'", '"depth_in'": '"21.00'", '"width_in'": '"27.00'", '"finish_id'": 13, '"height_in'": '"34.50'", '"created_at'": '"2026-06-26T15:23:43.959Z'", '"created_by'": null, '"deleted_at'": '"2026-06-26T18:47:54.685Z'", '"product_id'": 47, '"updated_at'": '"2026-06-26T18:47:54.685Z'", '"updated_by'": 1, '"stock_status'": '"in_stock'"}",2026-06-26 13:47:54.685571-05,,
190,1,SOFT_DELETE,product_variants,673,"{'"id'": 673, '"sku'": '"VSD2721-DGS-27-34.5-21'", '"price'": '"853.00'", '"depth_in'": '"21.00'", '"width_in'": '"27.00'", '"finish_id'": 14, '"height_in'": '"34.50'", '"created_at'": '"2026-06-26T15:23:43.959Z'", '"created_by'": null, '"deleted_at'": null, '"product_id'": 47, '"updated_at'": '"2026-06-26T18:34:35.561Z'", '"updated_by'": null, '"stock_status'": '"in_stock'"}","{'"id'": 673, '"sku'": '"VSD2721-DGS-27-34.5-21_deleted_1782499674'", '"price'": '"853.00'", '"depth_in'": '"21.00'", '"width_in'": '"27.00'", '"finish_id'": 14, '"height_in'": '"34.50'", '"created_at'": '"2026-06-26T15:23:43.959Z'", '"created_by'": null, '"deleted_at'": '"2026-06-26T18:47:54.685Z'", '"product_id'": 47, '"updated_at'": '"2026-06-26T18:47:54.685Z'", '"updated_by'": 1, '"stock_status'": '"in_stock'"}",2026-06-26 13:47:54.685571-05,,
191,1,SOFT_DELETE,product_variants,674,"{'"id'": 674, '"sku'": '"VSD2721-FGS-27-34.5-21'", '"price'": '"623.00'", '"depth_in'": '"21.00'", '"width_in'": '"27.00'", '"finish_id'": 15, '"height_in'": '"34.50'", '"created_at'": '"2026-06-26T15:23:43.959Z'", '"created_by'": null, '"deleted_at'": null, '"product_id'": 47, '"updated_at'": '"2026-06-26T18:34:35.561Z'", '"updated_by'": null, '"stock_status'": '"in_stock'"}","{'"id'": 674, '"sku'": '"VSD2721-FGS-27-34.5-21_deleted_1782499674'", '"price'": '"623.00'", '"depth_in'": '"21.00'", '"width_in'": '"27.00'", '"finish_id'": 15, '"height_in'": '"34.50'", '"created_at'": '"2026-06-26T15:23:43.959Z'", '"created_by'": null, '"deleted_at'": '"2026-06-26T18:47:54.685Z'", '"product_id'": 47, '"updated_at'": '"2026-06-26T18:47:54.685Z'", '"updated_by'": 1, '"stock_status'": '"in_stock'"}",2026-06-26 13:47:54.685571-05,,
192,1,SOFT_DELETE,product_variants,675,"{'"id'": 675, '"sku'": '"VSD2721-LG-27-34.5-21'", '"price'": '"345.00'", '"depth_in'": '"21.00'", '"width_in'": '"27.00'", '"finish_id'": 16, '"height_in'": '"34.50'", '"created_at'": '"2026-06-26T15:23:43.959Z'", '"created_by'": null, '"deleted_at'": null, '"product_id'": 47, '"updated_at'": '"2026-06-26T18:34:35.561Z'", '"updated_by'": null, '"stock_status'": '"in_stock'"}","{'"id'": 675, '"sku'": '"VSD2721-LG-27-34.5-21_deleted_1782499674'", '"price'": '"345.00'", '"depth_in'": '"21.00'", '"width_in'": '"27.00'", '"finish_id'": 16, '"height_in'": '"34.50'", '"created_at'": '"2026-06-26T15:23:43.959Z'", '"created_by'": null, '"deleted_at'": '"2026-06-26T18:47:54.685Z'", '"product_id'": 47, '"updated_at'": '"2026-06-26T18:47:54.685Z'", '"updated_by'": 1, '"stock_status'": '"in_stock'"}",2026-06-26 13:47:54.685571-05,,
193,1,SOFT_DELETE,product_variants,676,"{'"id'": 676, '"sku'": '"VSD2721-E-27-34.5-21'", '"price'": '"343.00'", '"depth_in'": '"21.00'", '"width_in'": '"27.00'", '"finish_id'": 17, '"height_in'": '"34.50'", '"created_at'": '"2026-06-26T15:23:43.959Z'", '"created_by'": null, '"deleted_at'": null, '"product_id'": 47, '"updated_at'": '"2026-06-26T18:34:35.561Z'", '"updated_by'": null, '"stock_status'": '"in_stock'"}","{'"id'": 676, '"sku'": '"VSD2721-E-27-34.5-21_deleted_1782499674'", '"price'": '"343.00'", '"depth_in'": '"21.00'", '"width_in'": '"27.00'", '"finish_id'": 17, '"height_in'": '"34.50'", '"created_at'": '"2026-06-26T15:23:43.959Z'", '"created_by'": null, '"deleted_at'": '"2026-06-26T18:47:54.685Z'", '"product_id'": 47, '"updated_at'": '"2026-06-26T18:47:54.685Z'", '"updated_by'": 1, '"stock_status'": '"in_stock'"}",2026-06-26 13:47:54.685571-05,,
194,1,SOFT_DELETE,product_variants,677,"{'"id'": 677, '"sku'": '"VSD2721-SM-27-34.5-21'", '"price'": '"435.00'", '"depth_in'": '"21.00'", '"width_in'": '"27.00'", '"finish_id'": 18, '"height_in'": '"34.50'", '"created_at'": '"2026-06-26T15:23:43.959Z'", '"created_by'": null, '"deleted_at'": null, '"product_id'": 47, '"updated_at'": '"2026-06-26T18:34:35.561Z'", '"updated_by'": null, '"stock_status'": '"in_stock'"}","{'"id'": 677, '"sku'": '"VSD2721-SM-27-34.5-21_deleted_1782499674'", '"price'": '"435.00'", '"depth_in'": '"21.00'", '"width_in'": '"27.00'", '"finish_id'": 18, '"height_in'": '"34.50'", '"created_at'": '"2026-06-26T15:23:43.959Z'", '"created_by'": null, '"deleted_at'": '"2026-06-26T18:47:54.685Z'", '"product_id'": 47, '"updated_at'": '"2026-06-26T18:47:54.685Z'", '"updated_by'": 1, '"stock_status'": '"in_stock'"}",2026-06-26 13:47:54.685571-05,,
195,1,SOFT_DELETE,products,47,"{'"id'": 47, '"sku'": '"VSD2721'", '"name'": '"VSD2721'", '"image_url'": null, '"created_at'": '"2026-06-23T21:00:28.882Z'", '"created_by'": null, '"deleted_at'": null, '"updated_at'": '"2026-06-26T18:34:35.561Z'", '"updated_by'": null, '"description'": '"2 Door & 1 False'", '"sub_category_id'": 10}","{'"id'": 47, '"sku'": '"VSD2721_deleted_1782499674'", '"name'": '"VSD2721'", '"image_url'": null, '"created_at'": '"2026-06-23T21:00:28.882Z'", '"created_by'": null, '"deleted_at'": '"2026-06-26T18:47:54.685Z'", '"updated_at'": '"2026-06-26T18:47:54.685Z'", '"updated_by'": 1, '"description'": '"2 Door & 1 False'", '"sub_category_id'": 10}",2026-06-26 13:47:54.685571-05,,
452,1,CREATE,users,2,,"{'"code'": '"CAB-LJ7D-DV'", '"event'": '"promo_code_issued'", '"source'": '"manual'", '"summary'": '"admin@cabinet.local created manual coupon CAB-LJ7D-DV (5% off, expires Jul 2, 2026) for dealer ahmetsakallioglu54@gmail.com.'", '"discount_type'": '"percentage'", '"promo_code_id'": '"2c9ac745-d538-4bd2-9e2c-43be86e0a8a1'", '"discount_value'": 5}",2026-07-01 11:52:55.352257-05,,
196,1,SOFT_DELETE,product_variants,215,"{'"id'": 215, '"sku'": '"VSD3021-WS-30-34.5-21'", '"price'": '"523.00'", '"depth_in'": '"21.00'", '"width_in'": '"30.00'", '"finish_id'": 1, '"height_in'": '"34.50'", '"created_at'": '"2026-06-23T21:00:28.882Z'", '"created_by'": null, '"deleted_at'": null, '"product_id'": 48, '"updated_at'": '"2026-06-26T18:34:35.561Z'", '"updated_by'": null, '"stock_status'": '"in_stock'"}","{'"id'": 215, '"sku'": '"VSD3021-WS-30-34.5-21_deleted_1782499676'", '"price'": '"523.00'", '"depth_in'": '"21.00'", '"width_in'": '"30.00'", '"finish_id'": 1, '"height_in'": '"34.50'", '"created_at'": '"2026-06-23T21:00:28.882Z'", '"created_by'": null, '"deleted_at'": '"2026-06-26T18:47:56.512Z'", '"product_id'": 48, '"updated_at'": '"2026-06-26T18:47:56.512Z'", '"updated_by'": 1, '"stock_status'": '"in_stock'"}",2026-06-26 13:47:56.512417-05,,
197,1,SOFT_DELETE,product_variants,217,"{'"id'": 217, '"sku'": '"VSD3021-ES-30-34.5-21'", '"price'": '"953.00'", '"depth_in'": '"21.00'", '"width_in'": '"30.00'", '"finish_id'": 2, '"height_in'": '"34.50'", '"created_at'": '"2026-06-23T21:00:28.882Z'", '"created_by'": null, '"deleted_at'": null, '"product_id'": 48, '"updated_at'": '"2026-06-26T18:34:35.561Z'", '"updated_by'": null, '"stock_status'": '"in_stock'"}","{'"id'": 217, '"sku'": '"VSD3021-ES-30-34.5-21_deleted_1782499676'", '"price'": '"953.00'", '"depth_in'": '"21.00'", '"width_in'": '"30.00'", '"finish_id'": 2, '"height_in'": '"34.50'", '"created_at'": '"2026-06-23T21:00:28.882Z'", '"created_by'": null, '"deleted_at'": '"2026-06-26T18:47:56.512Z'", '"product_id'": 48, '"updated_at'": '"2026-06-26T18:47:56.512Z'", '"updated_by'": 1, '"stock_status'": '"in_stock'"}",2026-06-26 13:47:56.512417-05,,
198,1,SOFT_DELETE,product_variants,216,"{'"id'": 216, '"sku'": '"VSD3021-AS-30-34.5-21'", '"price'": '"523.00'", '"depth_in'": '"21.00'", '"width_in'": '"30.00'", '"finish_id'": 3, '"height_in'": '"34.50'", '"created_at'": '"2026-06-23T21:00:28.882Z'", '"created_by'": null, '"deleted_at'": null, '"product_id'": 48, '"updated_at'": '"2026-06-26T18:34:35.561Z'", '"updated_by'": null, '"stock_status'": '"in_stock'"}","{'"id'": 216, '"sku'": '"VSD3021-AS-30-34.5-21_deleted_1782499676'", '"price'": '"523.00'", '"depth_in'": '"21.00'", '"width_in'": '"30.00'", '"finish_id'": 3, '"height_in'": '"34.50'", '"created_at'": '"2026-06-23T21:00:28.882Z'", '"created_by'": null, '"deleted_at'": '"2026-06-26T18:47:56.512Z'", '"product_id'": 48, '"updated_at'": '"2026-06-26T18:47:56.512Z'", '"updated_by'": 1, '"stock_status'": '"in_stock'"}",2026-06-26 13:47:56.512417-05,,
199,1,SOFT_DELETE,product_variants,218,"{'"id'": 218, '"sku'": '"VSD3021-TS-30-34.5-21'", '"price'": '"523.00'", '"depth_in'": '"21.00'", '"width_in'": '"30.00'", '"finish_id'": 9, '"height_in'": '"34.50'", '"created_at'": '"2026-06-23T21:00:28.882Z'", '"created_by'": null, '"deleted_at'": null, '"product_id'": 48, '"updated_at'": '"2026-06-26T18:34:35.561Z'", '"updated_by'": null, '"stock_status'": '"in_stock'"}","{'"id'": 218, '"sku'": '"VSD3021-TS-30-34.5-21_deleted_1782499676'", '"price'": '"523.00'", '"depth_in'": '"21.00'", '"width_in'": '"30.00'", '"finish_id'": 9, '"height_in'": '"34.50'", '"created_at'": '"2026-06-23T21:00:28.882Z'", '"created_by'": null, '"deleted_at'": '"2026-06-26T18:47:56.512Z'", '"product_id'": 48, '"updated_at'": '"2026-06-26T18:47:56.512Z'", '"updated_by'": 1, '"stock_status'": '"in_stock'"}",2026-06-26 13:47:56.512417-05,,
200,1,SOFT_DELETE,product_variants,219,"{'"id'": 219, '"sku'": '"VSD3021-SF-30-34.5-21'", '"price'": '"923.00'", '"depth_in'": '"21.00'", '"width_in'": '"30.00'", '"finish_id'": 10, '"height_in'": '"34.50'", '"created_at'": '"2026-06-23T21:00:28.882Z'", '"created_by'": null, '"deleted_at'": null, '"product_id'": 48, '"updated_at'": '"2026-06-26T18:34:35.561Z'", '"updated_by'": null, '"stock_status'": '"in_stock'"}","{'"id'": 219, '"sku'": '"VSD3021-SF-30-34.5-21_deleted_1782499676'", '"price'": '"923.00'", '"depth_in'": '"21.00'", '"width_in'": '"30.00'", '"finish_id'": 10, '"height_in'": '"34.50'", '"created_at'": '"2026-06-23T21:00:28.882Z'", '"created_by'": null, '"deleted_at'": '"2026-06-26T18:47:56.512Z'", '"product_id'": 48, '"updated_at'": '"2026-06-26T18:47:56.512Z'", '"updated_by'": 1, '"stock_status'": '"in_stock'"}",2026-06-26 13:47:56.512417-05,,
201,1,SOFT_DELETE,product_variants,678,"{'"id'": 678, '"sku'": '"VSD3021-BS-30-34.5-21'", '"price'": '"823.00'", '"depth_in'": '"21.00'", '"width_in'": '"30.00'", '"finish_id'": 11, '"height_in'": '"34.50'", '"created_at'": '"2026-06-26T15:23:43.959Z'", '"created_by'": null, '"deleted_at'": null, '"product_id'": 48, '"updated_at'": '"2026-06-26T18:34:35.561Z'", '"updated_by'": null, '"stock_status'": '"in_stock'"}","{'"id'": 678, '"sku'": '"VSD3021-BS-30-34.5-21_deleted_1782499676'", '"price'": '"823.00'", '"depth_in'": '"21.00'", '"width_in'": '"30.00'", '"finish_id'": 11, '"height_in'": '"34.50'", '"created_at'": '"2026-06-26T15:23:43.959Z'", '"created_by'": null, '"deleted_at'": '"2026-06-26T18:47:56.512Z'", '"product_id'": 48, '"updated_at'": '"2026-06-26T18:47:56.512Z'", '"updated_by'": 1, '"stock_status'": '"in_stock'"}",2026-06-26 13:47:56.512417-05,,
202,1,SOFT_DELETE,product_variants,679,"{'"id'": 679, '"sku'": '"VSD3021-CS-30-34.5-21'", '"price'": '"723.00'", '"depth_in'": '"21.00'", '"width_in'": '"30.00'", '"finish_id'": 13, '"height_in'": '"34.50'", '"created_at'": '"2026-06-26T15:23:43.959Z'", '"created_by'": null, '"deleted_at'": null, '"product_id'": 48, '"updated_at'": '"2026-06-26T18:34:35.561Z'", '"updated_by'": null, '"stock_status'": '"in_stock'"}","{'"id'": 679, '"sku'": '"VSD3021-CS-30-34.5-21_deleted_1782499676'", '"price'": '"723.00'", '"depth_in'": '"21.00'", '"width_in'": '"30.00'", '"finish_id'": 13, '"height_in'": '"34.50'", '"created_at'": '"2026-06-26T15:23:43.959Z'", '"created_by'": null, '"deleted_at'": '"2026-06-26T18:47:56.512Z'", '"product_id'": 48, '"updated_at'": '"2026-06-26T18:47:56.512Z'", '"updated_by'": 1, '"stock_status'": '"in_stock'"}",2026-06-26 13:47:56.512417-05,,
203,1,SOFT_DELETE,product_variants,680,"{'"id'": 680, '"sku'": '"VSD3021-DGS-30-34.5-21'", '"price'": '"853.00'", '"depth_in'": '"21.00'", '"width_in'": '"30.00'", '"finish_id'": 14, '"height_in'": '"34.50'", '"created_at'": '"2026-06-26T15:23:43.959Z'", '"created_by'": null, '"deleted_at'": null, '"product_id'": 48, '"updated_at'": '"2026-06-26T18:34:35.561Z'", '"updated_by'": null, '"stock_status'": '"in_stock'"}","{'"id'": 680, '"sku'": '"VSD3021-DGS-30-34.5-21_deleted_1782499676'", '"price'": '"853.00'", '"depth_in'": '"21.00'", '"width_in'": '"30.00'", '"finish_id'": 14, '"height_in'": '"34.50'", '"created_at'": '"2026-06-26T15:23:43.959Z'", '"created_by'": null, '"deleted_at'": '"2026-06-26T18:47:56.512Z'", '"product_id'": 48, '"updated_at'": '"2026-06-26T18:47:56.512Z'", '"updated_by'": 1, '"stock_status'": '"in_stock'"}",2026-06-26 13:47:56.512417-05,,
204,1,SOFT_DELETE,product_variants,681,"{'"id'": 681, '"sku'": '"VSD3021-FGS-30-34.5-21'", '"price'": '"623.00'", '"depth_in'": '"21.00'", '"width_in'": '"30.00'", '"finish_id'": 15, '"height_in'": '"34.50'", '"created_at'": '"2026-06-26T15:23:43.959Z'", '"created_by'": null, '"deleted_at'": null, '"product_id'": 48, '"updated_at'": '"2026-06-26T18:34:35.561Z'", '"updated_by'": null, '"stock_status'": '"in_stock'"}","{'"id'": 681, '"sku'": '"VSD3021-FGS-30-34.5-21_deleted_1782499676'", '"price'": '"623.00'", '"depth_in'": '"21.00'", '"width_in'": '"30.00'", '"finish_id'": 15, '"height_in'": '"34.50'", '"created_at'": '"2026-06-26T15:23:43.959Z'", '"created_by'": null, '"deleted_at'": '"2026-06-26T18:47:56.512Z'", '"product_id'": 48, '"updated_at'": '"2026-06-26T18:47:56.512Z'", '"updated_by'": 1, '"stock_status'": '"in_stock'"}",2026-06-26 13:47:56.512417-05,,
453,2,UPDATE,users,2,,"{'"code'": '"CAB-LJ7D-DV'", '"event'": '"promo_code_applied'", '"summary'": '"Dealer ahmetsakallioglu54@gmail.com applied promo code CAB-LJ7D-DV (33.80 off cart).'", '"subtotal'": 675.92, '"promo_discount'": 33.8}",2026-07-01 11:52:58.944856-05,,
205,1,SOFT_DELETE,product_variants,682,"{'"id'": 682, '"sku'": '"VSD3021-LG-30-34.5-21'", '"price'": '"345.00'", '"depth_in'": '"21.00'", '"width_in'": '"30.00'", '"finish_id'": 16, '"height_in'": '"34.50'", '"created_at'": '"2026-06-26T15:23:43.959Z'", '"created_by'": null, '"deleted_at'": null, '"product_id'": 48, '"updated_at'": '"2026-06-26T18:34:35.561Z'", '"updated_by'": null, '"stock_status'": '"in_stock'"}","{'"id'": 682, '"sku'": '"VSD3021-LG-30-34.5-21_deleted_1782499676'", '"price'": '"345.00'", '"depth_in'": '"21.00'", '"width_in'": '"30.00'", '"finish_id'": 16, '"height_in'": '"34.50'", '"created_at'": '"2026-06-26T15:23:43.959Z'", '"created_by'": null, '"deleted_at'": '"2026-06-26T18:47:56.512Z'", '"product_id'": 48, '"updated_at'": '"2026-06-26T18:47:56.512Z'", '"updated_by'": 1, '"stock_status'": '"in_stock'"}",2026-06-26 13:47:56.512417-05,,
206,1,SOFT_DELETE,product_variants,683,"{'"id'": 683, '"sku'": '"VSD3021-E-30-34.5-21'", '"price'": '"343.00'", '"depth_in'": '"21.00'", '"width_in'": '"30.00'", '"finish_id'": 17, '"height_in'": '"34.50'", '"created_at'": '"2026-06-26T15:23:43.959Z'", '"created_by'": null, '"deleted_at'": null, '"product_id'": 48, '"updated_at'": '"2026-06-26T18:34:35.561Z'", '"updated_by'": null, '"stock_status'": '"in_stock'"}","{'"id'": 683, '"sku'": '"VSD3021-E-30-34.5-21_deleted_1782499676'", '"price'": '"343.00'", '"depth_in'": '"21.00'", '"width_in'": '"30.00'", '"finish_id'": 17, '"height_in'": '"34.50'", '"created_at'": '"2026-06-26T15:23:43.959Z'", '"created_by'": null, '"deleted_at'": '"2026-06-26T18:47:56.512Z'", '"product_id'": 48, '"updated_at'": '"2026-06-26T18:47:56.512Z'", '"updated_by'": 1, '"stock_status'": '"in_stock'"}",2026-06-26 13:47:56.512417-05,,
207,1,SOFT_DELETE,product_variants,684,"{'"id'": 684, '"sku'": '"VSD3021-SM-30-34.5-21'", '"price'": '"435.00'", '"depth_in'": '"21.00'", '"width_in'": '"30.00'", '"finish_id'": 18, '"height_in'": '"34.50'", '"created_at'": '"2026-06-26T15:23:43.959Z'", '"created_by'": null, '"deleted_at'": null, '"product_id'": 48, '"updated_at'": '"2026-06-26T18:34:35.561Z'", '"updated_by'": null, '"stock_status'": '"in_stock'"}","{'"id'": 684, '"sku'": '"VSD3021-SM-30-34.5-21_deleted_1782499676'", '"price'": '"435.00'", '"depth_in'": '"21.00'", '"width_in'": '"30.00'", '"finish_id'": 18, '"height_in'": '"34.50'", '"created_at'": '"2026-06-26T15:23:43.959Z'", '"created_by'": null, '"deleted_at'": '"2026-06-26T18:47:56.512Z'", '"product_id'": 48, '"updated_at'": '"2026-06-26T18:47:56.512Z'", '"updated_by'": 1, '"stock_status'": '"in_stock'"}",2026-06-26 13:47:56.512417-05,,
208,1,SOFT_DELETE,products,48,"{'"id'": 48, '"sku'": '"VSD3021'", '"name'": '"VSD3021'", '"image_url'": null, '"created_at'": '"2026-06-23T21:00:28.882Z'", '"created_by'": null, '"deleted_at'": null, '"updated_at'": '"2026-06-26T18:34:35.561Z'", '"updated_by'": null, '"description'": '"2 Door & 1 False Drawer'", '"sub_category_id'": 10}","{'"id'": 48, '"sku'": '"VSD3021_deleted_1782499676'", '"name'": '"VSD3021'", '"image_url'": null, '"created_at'": '"2026-06-23T21:00:28.882Z'", '"created_by'": null, '"deleted_at'": '"2026-06-26T18:47:56.512Z'", '"updated_at'": '"2026-06-26T18:47:56.512Z'", '"updated_by'": 1, '"description'": '"2 Door & 1 False Drawer'", '"sub_category_id'": 10}",2026-06-26 13:47:56.512417-05,,
209,1,SOFT_DELETE,product_variants,220,"{'"id'": 220, '"sku'": '"VSD3321-WS-33-34.5-21'", '"price'": '"523.00'", '"depth_in'": '"21.00'", '"width_in'": '"33.00'", '"finish_id'": 1, '"height_in'": '"34.50'", '"created_at'": '"2026-06-23T21:00:28.882Z'", '"created_by'": null, '"deleted_at'": null, '"product_id'": 49, '"updated_at'": '"2026-06-26T18:34:35.561Z'", '"updated_by'": null, '"stock_status'": '"in_stock'"}","{'"id'": 220, '"sku'": '"VSD3321-WS-33-34.5-21_deleted_1782499686'", '"price'": '"523.00'", '"depth_in'": '"21.00'", '"width_in'": '"33.00'", '"finish_id'": 1, '"height_in'": '"34.50'", '"created_at'": '"2026-06-23T21:00:28.882Z'", '"created_by'": null, '"deleted_at'": '"2026-06-26T18:48:06.552Z'", '"product_id'": 49, '"updated_at'": '"2026-06-26T18:48:06.552Z'", '"updated_by'": 1, '"stock_status'": '"in_stock'"}",2026-06-26 13:48:06.552554-05,,
210,1,SOFT_DELETE,product_variants,222,"{'"id'": 222, '"sku'": '"VSD3321-ES-33-34.5-21'", '"price'": '"953.00'", '"depth_in'": '"21.00'", '"width_in'": '"33.00'", '"finish_id'": 2, '"height_in'": '"34.50'", '"created_at'": '"2026-06-23T21:00:28.882Z'", '"created_by'": null, '"deleted_at'": null, '"product_id'": 49, '"updated_at'": '"2026-06-26T18:34:35.561Z'", '"updated_by'": null, '"stock_status'": '"in_stock'"}","{'"id'": 222, '"sku'": '"VSD3321-ES-33-34.5-21_deleted_1782499686'", '"price'": '"953.00'", '"depth_in'": '"21.00'", '"width_in'": '"33.00'", '"finish_id'": 2, '"height_in'": '"34.50'", '"created_at'": '"2026-06-23T21:00:28.882Z'", '"created_by'": null, '"deleted_at'": '"2026-06-26T18:48:06.552Z'", '"product_id'": 49, '"updated_at'": '"2026-06-26T18:48:06.552Z'", '"updated_by'": 1, '"stock_status'": '"in_stock'"}",2026-06-26 13:48:06.552554-05,,
211,1,SOFT_DELETE,product_variants,221,"{'"id'": 221, '"sku'": '"VSD3321-AS-33-34.5-21'", '"price'": '"523.00'", '"depth_in'": '"21.00'", '"width_in'": '"33.00'", '"finish_id'": 3, '"height_in'": '"34.50'", '"created_at'": '"2026-06-23T21:00:28.882Z'", '"created_by'": null, '"deleted_at'": null, '"product_id'": 49, '"updated_at'": '"2026-06-26T18:34:35.561Z'", '"updated_by'": null, '"stock_status'": '"in_stock'"}","{'"id'": 221, '"sku'": '"VSD3321-AS-33-34.5-21_deleted_1782499686'", '"price'": '"523.00'", '"depth_in'": '"21.00'", '"width_in'": '"33.00'", '"finish_id'": 3, '"height_in'": '"34.50'", '"created_at'": '"2026-06-23T21:00:28.882Z'", '"created_by'": null, '"deleted_at'": '"2026-06-26T18:48:06.552Z'", '"product_id'": 49, '"updated_at'": '"2026-06-26T18:48:06.552Z'", '"updated_by'": 1, '"stock_status'": '"in_stock'"}",2026-06-26 13:48:06.552554-05,,
212,1,SOFT_DELETE,product_variants,223,"{'"id'": 223, '"sku'": '"VSD3321-TS-33-34.5-21'", '"price'": '"523.00'", '"depth_in'": '"21.00'", '"width_in'": '"33.00'", '"finish_id'": 9, '"height_in'": '"34.50'", '"created_at'": '"2026-06-23T21:00:28.882Z'", '"created_by'": null, '"deleted_at'": null, '"product_id'": 49, '"updated_at'": '"2026-06-26T18:34:35.561Z'", '"updated_by'": null, '"stock_status'": '"in_stock'"}","{'"id'": 223, '"sku'": '"VSD3321-TS-33-34.5-21_deleted_1782499686'", '"price'": '"523.00'", '"depth_in'": '"21.00'", '"width_in'": '"33.00'", '"finish_id'": 9, '"height_in'": '"34.50'", '"created_at'": '"2026-06-23T21:00:28.882Z'", '"created_by'": null, '"deleted_at'": '"2026-06-26T18:48:06.552Z'", '"product_id'": 49, '"updated_at'": '"2026-06-26T18:48:06.552Z'", '"updated_by'": 1, '"stock_status'": '"in_stock'"}",2026-06-26 13:48:06.552554-05,,
213,1,SOFT_DELETE,product_variants,224,"{'"id'": 224, '"sku'": '"VSD3321-SF-33-34.5-21'", '"price'": '"923.00'", '"depth_in'": '"21.00'", '"width_in'": '"33.00'", '"finish_id'": 10, '"height_in'": '"34.50'", '"created_at'": '"2026-06-23T21:00:28.882Z'", '"created_by'": null, '"deleted_at'": null, '"product_id'": 49, '"updated_at'": '"2026-06-26T18:34:35.561Z'", '"updated_by'": null, '"stock_status'": '"in_stock'"}","{'"id'": 224, '"sku'": '"VSD3321-SF-33-34.5-21_deleted_1782499686'", '"price'": '"923.00'", '"depth_in'": '"21.00'", '"width_in'": '"33.00'", '"finish_id'": 10, '"height_in'": '"34.50'", '"created_at'": '"2026-06-23T21:00:28.882Z'", '"created_by'": null, '"deleted_at'": '"2026-06-26T18:48:06.552Z'", '"product_id'": 49, '"updated_at'": '"2026-06-26T18:48:06.552Z'", '"updated_by'": 1, '"stock_status'": '"in_stock'"}",2026-06-26 13:48:06.552554-05,,
454,1,UPDATE,users,2,,"{'"code'": '"CAB-LJ7D-DV'", '"event'": '"promo_code_deactivated'", '"summary'": '"admin@cabinet.local deactivated coupon CAB-LJ7D-DV for dealer ahmetsakallioglu54@gmail.com.'", '"is_active'": false, '"promo_code_id'": '"2c9ac745-d538-4bd2-9e2c-43be86e0a8a1'"}",2026-07-01 12:31:23.202288-05,,
214,1,SOFT_DELETE,product_variants,685,"{'"id'": 685, '"sku'": '"VSD3321-BS-33-34.5-21'", '"price'": '"823.00'", '"depth_in'": '"21.00'", '"width_in'": '"33.00'", '"finish_id'": 11, '"height_in'": '"34.50'", '"created_at'": '"2026-06-26T15:23:43.959Z'", '"created_by'": null, '"deleted_at'": null, '"product_id'": 49, '"updated_at'": '"2026-06-26T18:34:35.561Z'", '"updated_by'": null, '"stock_status'": '"in_stock'"}","{'"id'": 685, '"sku'": '"VSD3321-BS-33-34.5-21_deleted_1782499686'", '"price'": '"823.00'", '"depth_in'": '"21.00'", '"width_in'": '"33.00'", '"finish_id'": 11, '"height_in'": '"34.50'", '"created_at'": '"2026-06-26T15:23:43.959Z'", '"created_by'": null, '"deleted_at'": '"2026-06-26T18:48:06.552Z'", '"product_id'": 49, '"updated_at'": '"2026-06-26T18:48:06.552Z'", '"updated_by'": 1, '"stock_status'": '"in_stock'"}",2026-06-26 13:48:06.552554-05,,
215,1,SOFT_DELETE,product_variants,686,"{'"id'": 686, '"sku'": '"VSD3321-CS-33-34.5-21'", '"price'": '"723.00'", '"depth_in'": '"21.00'", '"width_in'": '"33.00'", '"finish_id'": 13, '"height_in'": '"34.50'", '"created_at'": '"2026-06-26T15:23:43.959Z'", '"created_by'": null, '"deleted_at'": null, '"product_id'": 49, '"updated_at'": '"2026-06-26T18:34:35.561Z'", '"updated_by'": null, '"stock_status'": '"in_stock'"}","{'"id'": 686, '"sku'": '"VSD3321-CS-33-34.5-21_deleted_1782499686'", '"price'": '"723.00'", '"depth_in'": '"21.00'", '"width_in'": '"33.00'", '"finish_id'": 13, '"height_in'": '"34.50'", '"created_at'": '"2026-06-26T15:23:43.959Z'", '"created_by'": null, '"deleted_at'": '"2026-06-26T18:48:06.552Z'", '"product_id'": 49, '"updated_at'": '"2026-06-26T18:48:06.552Z'", '"updated_by'": 1, '"stock_status'": '"in_stock'"}",2026-06-26 13:48:06.552554-05,,
216,1,SOFT_DELETE,product_variants,687,"{'"id'": 687, '"sku'": '"VSD3321-DGS-33-34.5-21'", '"price'": '"853.00'", '"depth_in'": '"21.00'", '"width_in'": '"33.00'", '"finish_id'": 14, '"height_in'": '"34.50'", '"created_at'": '"2026-06-26T15:23:43.959Z'", '"created_by'": null, '"deleted_at'": null, '"product_id'": 49, '"updated_at'": '"2026-06-26T18:34:35.561Z'", '"updated_by'": null, '"stock_status'": '"in_stock'"}","{'"id'": 687, '"sku'": '"VSD3321-DGS-33-34.5-21_deleted_1782499686'", '"price'": '"853.00'", '"depth_in'": '"21.00'", '"width_in'": '"33.00'", '"finish_id'": 14, '"height_in'": '"34.50'", '"created_at'": '"2026-06-26T15:23:43.959Z'", '"created_by'": null, '"deleted_at'": '"2026-06-26T18:48:06.552Z'", '"product_id'": 49, '"updated_at'": '"2026-06-26T18:48:06.552Z'", '"updated_by'": 1, '"stock_status'": '"in_stock'"}",2026-06-26 13:48:06.552554-05,,
217,1,SOFT_DELETE,product_variants,688,"{'"id'": 688, '"sku'": '"VSD3321-FGS-33-34.5-21'", '"price'": '"623.00'", '"depth_in'": '"21.00'", '"width_in'": '"33.00'", '"finish_id'": 15, '"height_in'": '"34.50'", '"created_at'": '"2026-06-26T15:23:43.959Z'", '"created_by'": null, '"deleted_at'": null, '"product_id'": 49, '"updated_at'": '"2026-06-26T18:34:35.561Z'", '"updated_by'": null, '"stock_status'": '"in_stock'"}","{'"id'": 688, '"sku'": '"VSD3321-FGS-33-34.5-21_deleted_1782499686'", '"price'": '"623.00'", '"depth_in'": '"21.00'", '"width_in'": '"33.00'", '"finish_id'": 15, '"height_in'": '"34.50'", '"created_at'": '"2026-06-26T15:23:43.959Z'", '"created_by'": null, '"deleted_at'": '"2026-06-26T18:48:06.552Z'", '"product_id'": 49, '"updated_at'": '"2026-06-26T18:48:06.552Z'", '"updated_by'": 1, '"stock_status'": '"in_stock'"}",2026-06-26 13:48:06.552554-05,,
218,1,SOFT_DELETE,product_variants,689,"{'"id'": 689, '"sku'": '"VSD3321-LG-33-34.5-21'", '"price'": '"345.00'", '"depth_in'": '"21.00'", '"width_in'": '"33.00'", '"finish_id'": 16, '"height_in'": '"34.50'", '"created_at'": '"2026-06-26T15:23:43.959Z'", '"created_by'": null, '"deleted_at'": null, '"product_id'": 49, '"updated_at'": '"2026-06-26T18:34:35.561Z'", '"updated_by'": null, '"stock_status'": '"in_stock'"}","{'"id'": 689, '"sku'": '"VSD3321-LG-33-34.5-21_deleted_1782499686'", '"price'": '"345.00'", '"depth_in'": '"21.00'", '"width_in'": '"33.00'", '"finish_id'": 16, '"height_in'": '"34.50'", '"created_at'": '"2026-06-26T15:23:43.959Z'", '"created_by'": null, '"deleted_at'": '"2026-06-26T18:48:06.552Z'", '"product_id'": 49, '"updated_at'": '"2026-06-26T18:48:06.552Z'", '"updated_by'": 1, '"stock_status'": '"in_stock'"}",2026-06-26 13:48:06.552554-05,,
219,1,SOFT_DELETE,product_variants,690,"{'"id'": 690, '"sku'": '"VSD3321-E-33-34.5-21'", '"price'": '"343.00'", '"depth_in'": '"21.00'", '"width_in'": '"33.00'", '"finish_id'": 17, '"height_in'": '"34.50'", '"created_at'": '"2026-06-26T15:23:43.959Z'", '"created_by'": null, '"deleted_at'": null, '"product_id'": 49, '"updated_at'": '"2026-06-26T18:34:35.561Z'", '"updated_by'": null, '"stock_status'": '"in_stock'"}","{'"id'": 690, '"sku'": '"VSD3321-E-33-34.5-21_deleted_1782499686'", '"price'": '"343.00'", '"depth_in'": '"21.00'", '"width_in'": '"33.00'", '"finish_id'": 17, '"height_in'": '"34.50'", '"created_at'": '"2026-06-26T15:23:43.959Z'", '"created_by'": null, '"deleted_at'": '"2026-06-26T18:48:06.552Z'", '"product_id'": 49, '"updated_at'": '"2026-06-26T18:48:06.552Z'", '"updated_by'": 1, '"stock_status'": '"in_stock'"}",2026-06-26 13:48:06.552554-05,,
220,1,SOFT_DELETE,product_variants,691,"{'"id'": 691, '"sku'": '"VSD3321-SM-33-34.5-21'", '"price'": '"435.00'", '"depth_in'": '"21.00'", '"width_in'": '"33.00'", '"finish_id'": 18, '"height_in'": '"34.50'", '"created_at'": '"2026-06-26T15:23:43.959Z'", '"created_by'": null, '"deleted_at'": null, '"product_id'": 49, '"updated_at'": '"2026-06-26T18:34:35.561Z'", '"updated_by'": null, '"stock_status'": '"in_stock'"}","{'"id'": 691, '"sku'": '"VSD3321-SM-33-34.5-21_deleted_1782499686'", '"price'": '"435.00'", '"depth_in'": '"21.00'", '"width_in'": '"33.00'", '"finish_id'": 18, '"height_in'": '"34.50'", '"created_at'": '"2026-06-26T15:23:43.959Z'", '"created_by'": null, '"deleted_at'": '"2026-06-26T18:48:06.552Z'", '"product_id'": 49, '"updated_at'": '"2026-06-26T18:48:06.552Z'", '"updated_by'": 1, '"stock_status'": '"in_stock'"}",2026-06-26 13:48:06.552554-05,,
221,1,SOFT_DELETE,products,49,"{'"id'": 49, '"sku'": '"VSD3321'", '"name'": '"VSD3321'", '"image_url'": null, '"created_at'": '"2026-06-23T21:00:28.882Z'", '"created_by'": null, '"deleted_at'": null, '"updated_at'": '"2026-06-26T18:34:35.561Z'", '"updated_by'": null, '"description'": '"2 Door & 1 False Drawer'", '"sub_category_id'": 10}","{'"id'": 49, '"sku'": '"VSD3321_deleted_1782499686'", '"name'": '"VSD3321'", '"image_url'": null, '"created_at'": '"2026-06-23T21:00:28.882Z'", '"created_by'": null, '"deleted_at'": '"2026-06-26T18:48:06.552Z'", '"updated_at'": '"2026-06-26T18:48:06.552Z'", '"updated_by'": 1, '"description'": '"2 Door & 1 False Drawer'", '"sub_category_id'": 10}",2026-06-26 13:48:06.552554-05,,
222,1,SOFT_DELETE,product_variants,692,"{'"id'": 692, '"sku'": '"VSD3621-WS-36-34.5-2'", '"price'": '"523.00'", '"depth_in'": '"2.00'", '"width_in'": '"36.00'", '"finish_id'": 1, '"height_in'": '"34.50'", '"created_at'": '"2026-06-26T15:23:43.959Z'", '"created_by'": null, '"deleted_at'": null, '"product_id'": 50, '"updated_at'": '"2026-06-26T18:34:35.561Z'", '"updated_by'": null, '"stock_status'": '"in_stock'"}","{'"id'": 692, '"sku'": '"VSD3621-WS-36-34.5-2_deleted_1782499692'", '"price'": '"523.00'", '"depth_in'": '"2.00'", '"width_in'": '"36.00'", '"finish_id'": 1, '"height_in'": '"34.50'", '"created_at'": '"2026-06-26T15:23:43.959Z'", '"created_by'": null, '"deleted_at'": '"2026-06-26T18:48:12.482Z'", '"product_id'": 50, '"updated_at'": '"2026-06-26T18:48:12.482Z'", '"updated_by'": 1, '"stock_status'": '"in_stock'"}",2026-06-26 13:48:12.482953-05,,
455,1,UPDATE,users,2,,"{'"code'": '"CAB-LJ7D-DV'", '"event'": '"promo_code_reactivated'", '"summary'": '"admin@cabinet.local reactivated coupon CAB-LJ7D-DV for dealer ahmetsakallioglu54@gmail.com.'", '"is_active'": true, '"promo_code_id'": '"2c9ac745-d538-4bd2-9e2c-43be86e0a8a1'"}",2026-07-01 12:31:24.946628-05,,
223,1,SOFT_DELETE,product_variants,695,"{'"id'": 695, '"sku'": '"VSD3621-ES-36-34.5-2'", '"price'": '"953.00'", '"depth_in'": '"2.00'", '"width_in'": '"36.00'", '"finish_id'": 2, '"height_in'": '"34.50'", '"created_at'": '"2026-06-26T15:23:43.959Z'", '"created_by'": null, '"deleted_at'": null, '"product_id'": 50, '"updated_at'": '"2026-06-26T18:34:35.561Z'", '"updated_by'": null, '"stock_status'": '"in_stock'"}","{'"id'": 695, '"sku'": '"VSD3621-ES-36-34.5-2_deleted_1782499692'", '"price'": '"953.00'", '"depth_in'": '"2.00'", '"width_in'": '"36.00'", '"finish_id'": 2, '"height_in'": '"34.50'", '"created_at'": '"2026-06-26T15:23:43.959Z'", '"created_by'": null, '"deleted_at'": '"2026-06-26T18:48:12.482Z'", '"product_id'": 50, '"updated_at'": '"2026-06-26T18:48:12.482Z'", '"updated_by'": 1, '"stock_status'": '"in_stock'"}",2026-06-26 13:48:12.482953-05,,
224,1,SOFT_DELETE,product_variants,693,"{'"id'": 693, '"sku'": '"VSD3621-AS-36-34.5-2'", '"price'": '"523.00'", '"depth_in'": '"2.00'", '"width_in'": '"36.00'", '"finish_id'": 3, '"height_in'": '"34.50'", '"created_at'": '"2026-06-26T15:23:43.959Z'", '"created_by'": null, '"deleted_at'": null, '"product_id'": 50, '"updated_at'": '"2026-06-26T18:34:35.561Z'", '"updated_by'": null, '"stock_status'": '"in_stock'"}","{'"id'": 693, '"sku'": '"VSD3621-AS-36-34.5-2_deleted_1782499692'", '"price'": '"523.00'", '"depth_in'": '"2.00'", '"width_in'": '"36.00'", '"finish_id'": 3, '"height_in'": '"34.50'", '"created_at'": '"2026-06-26T15:23:43.959Z'", '"created_by'": null, '"deleted_at'": '"2026-06-26T18:48:12.482Z'", '"product_id'": 50, '"updated_at'": '"2026-06-26T18:48:12.482Z'", '"updated_by'": 1, '"stock_status'": '"in_stock'"}",2026-06-26 13:48:12.482953-05,,
225,1,SOFT_DELETE,product_variants,694,"{'"id'": 694, '"sku'": '"VSD3621-TS-36-34.5-2'", '"price'": '"523.00'", '"depth_in'": '"2.00'", '"width_in'": '"36.00'", '"finish_id'": 9, '"height_in'": '"34.50'", '"created_at'": '"2026-06-26T15:23:43.959Z'", '"created_by'": null, '"deleted_at'": null, '"product_id'": 50, '"updated_at'": '"2026-06-26T18:34:35.561Z'", '"updated_by'": null, '"stock_status'": '"in_stock'"}","{'"id'": 694, '"sku'": '"VSD3621-TS-36-34.5-2_deleted_1782499692'", '"price'": '"523.00'", '"depth_in'": '"2.00'", '"width_in'": '"36.00'", '"finish_id'": 9, '"height_in'": '"34.50'", '"created_at'": '"2026-06-26T15:23:43.959Z'", '"created_by'": null, '"deleted_at'": '"2026-06-26T18:48:12.482Z'", '"product_id'": 50, '"updated_at'": '"2026-06-26T18:48:12.482Z'", '"updated_by'": 1, '"stock_status'": '"in_stock'"}",2026-06-26 13:48:12.482953-05,,
226,1,SOFT_DELETE,product_variants,696,"{'"id'": 696, '"sku'": '"VSD3621-SF-36-34.5-2'", '"price'": '"923.00'", '"depth_in'": '"2.00'", '"width_in'": '"36.00'", '"finish_id'": 10, '"height_in'": '"34.50'", '"created_at'": '"2026-06-26T15:23:43.959Z'", '"created_by'": null, '"deleted_at'": null, '"product_id'": 50, '"updated_at'": '"2026-06-26T18:34:35.561Z'", '"updated_by'": null, '"stock_status'": '"in_stock'"}","{'"id'": 696, '"sku'": '"VSD3621-SF-36-34.5-2_deleted_1782499692'", '"price'": '"923.00'", '"depth_in'": '"2.00'", '"width_in'": '"36.00'", '"finish_id'": 10, '"height_in'": '"34.50'", '"created_at'": '"2026-06-26T15:23:43.959Z'", '"created_by'": null, '"deleted_at'": '"2026-06-26T18:48:12.482Z'", '"product_id'": 50, '"updated_at'": '"2026-06-26T18:48:12.482Z'", '"updated_by'": 1, '"stock_status'": '"in_stock'"}",2026-06-26 13:48:12.482953-05,,
227,1,SOFT_DELETE,product_variants,697,"{'"id'": 697, '"sku'": '"VSD3621-BS-36-34.5-2'", '"price'": '"823.00'", '"depth_in'": '"2.00'", '"width_in'": '"36.00'", '"finish_id'": 11, '"height_in'": '"34.50'", '"created_at'": '"2026-06-26T15:23:43.959Z'", '"created_by'": null, '"deleted_at'": null, '"product_id'": 50, '"updated_at'": '"2026-06-26T18:34:35.561Z'", '"updated_by'": null, '"stock_status'": '"in_stock'"}","{'"id'": 697, '"sku'": '"VSD3621-BS-36-34.5-2_deleted_1782499692'", '"price'": '"823.00'", '"depth_in'": '"2.00'", '"width_in'": '"36.00'", '"finish_id'": 11, '"height_in'": '"34.50'", '"created_at'": '"2026-06-26T15:23:43.959Z'", '"created_by'": null, '"deleted_at'": '"2026-06-26T18:48:12.482Z'", '"product_id'": 50, '"updated_at'": '"2026-06-26T18:48:12.482Z'", '"updated_by'": 1, '"stock_status'": '"in_stock'"}",2026-06-26 13:48:12.482953-05,,
228,1,SOFT_DELETE,product_variants,698,"{'"id'": 698, '"sku'": '"VSD3621-CS-36-34.5-2'", '"price'": '"723.00'", '"depth_in'": '"2.00'", '"width_in'": '"36.00'", '"finish_id'": 13, '"height_in'": '"34.50'", '"created_at'": '"2026-06-26T15:23:43.959Z'", '"created_by'": null, '"deleted_at'": null, '"product_id'": 50, '"updated_at'": '"2026-06-26T18:34:35.561Z'", '"updated_by'": null, '"stock_status'": '"in_stock'"}","{'"id'": 698, '"sku'": '"VSD3621-CS-36-34.5-2_deleted_1782499692'", '"price'": '"723.00'", '"depth_in'": '"2.00'", '"width_in'": '"36.00'", '"finish_id'": 13, '"height_in'": '"34.50'", '"created_at'": '"2026-06-26T15:23:43.959Z'", '"created_by'": null, '"deleted_at'": '"2026-06-26T18:48:12.482Z'", '"product_id'": 50, '"updated_at'": '"2026-06-26T18:48:12.482Z'", '"updated_by'": 1, '"stock_status'": '"in_stock'"}",2026-06-26 13:48:12.482953-05,,
229,1,SOFT_DELETE,product_variants,699,"{'"id'": 699, '"sku'": '"VSD3621-DGS-36-34.5-2'", '"price'": '"853.00'", '"depth_in'": '"2.00'", '"width_in'": '"36.00'", '"finish_id'": 14, '"height_in'": '"34.50'", '"created_at'": '"2026-06-26T15:23:43.959Z'", '"created_by'": null, '"deleted_at'": null, '"product_id'": 50, '"updated_at'": '"2026-06-26T18:34:35.561Z'", '"updated_by'": null, '"stock_status'": '"in_stock'"}","{'"id'": 699, '"sku'": '"VSD3621-DGS-36-34.5-2_deleted_1782499692'", '"price'": '"853.00'", '"depth_in'": '"2.00'", '"width_in'": '"36.00'", '"finish_id'": 14, '"height_in'": '"34.50'", '"created_at'": '"2026-06-26T15:23:43.959Z'", '"created_by'": null, '"deleted_at'": '"2026-06-26T18:48:12.482Z'", '"product_id'": 50, '"updated_at'": '"2026-06-26T18:48:12.482Z'", '"updated_by'": 1, '"stock_status'": '"in_stock'"}",2026-06-26 13:48:12.482953-05,,
230,1,SOFT_DELETE,product_variants,700,"{'"id'": 700, '"sku'": '"VSD3621-FGS-36-34.5-2'", '"price'": '"623.00'", '"depth_in'": '"2.00'", '"width_in'": '"36.00'", '"finish_id'": 15, '"height_in'": '"34.50'", '"created_at'": '"2026-06-26T15:23:43.959Z'", '"created_by'": null, '"deleted_at'": null, '"product_id'": 50, '"updated_at'": '"2026-06-26T18:34:35.561Z'", '"updated_by'": null, '"stock_status'": '"in_stock'"}","{'"id'": 700, '"sku'": '"VSD3621-FGS-36-34.5-2_deleted_1782499692'", '"price'": '"623.00'", '"depth_in'": '"2.00'", '"width_in'": '"36.00'", '"finish_id'": 15, '"height_in'": '"34.50'", '"created_at'": '"2026-06-26T15:23:43.959Z'", '"created_by'": null, '"deleted_at'": '"2026-06-26T18:48:12.482Z'", '"product_id'": 50, '"updated_at'": '"2026-06-26T18:48:12.482Z'", '"updated_by'": 1, '"stock_status'": '"in_stock'"}",2026-06-26 13:48:12.482953-05,,
231,1,SOFT_DELETE,product_variants,701,"{'"id'": 701, '"sku'": '"VSD3621-LG-36-34.5-2'", '"price'": '"345.00'", '"depth_in'": '"2.00'", '"width_in'": '"36.00'", '"finish_id'": 16, '"height_in'": '"34.50'", '"created_at'": '"2026-06-26T15:23:43.959Z'", '"created_by'": null, '"deleted_at'": null, '"product_id'": 50, '"updated_at'": '"2026-06-26T18:34:35.561Z'", '"updated_by'": null, '"stock_status'": '"in_stock'"}","{'"id'": 701, '"sku'": '"VSD3621-LG-36-34.5-2_deleted_1782499692'", '"price'": '"345.00'", '"depth_in'": '"2.00'", '"width_in'": '"36.00'", '"finish_id'": 16, '"height_in'": '"34.50'", '"created_at'": '"2026-06-26T15:23:43.959Z'", '"created_by'": null, '"deleted_at'": '"2026-06-26T18:48:12.482Z'", '"product_id'": 50, '"updated_at'": '"2026-06-26T18:48:12.482Z'", '"updated_by'": 1, '"stock_status'": '"in_stock'"}",2026-06-26 13:48:12.482953-05,,
456,2,UPDATE,users,2,,"{'"code'": '"CAB-LJ7D-DV'", '"event'": '"promo_code_applied'", '"summary'": '"Dealer ahmetsakallioglu54@gmail.com applied promo code CAB-LJ7D-DV (33.80 off cart).'", '"subtotal'": 675.92, '"promo_discount'": 33.8}",2026-07-01 12:31:31.464173-05,,
232,1,SOFT_DELETE,product_variants,702,"{'"id'": 702, '"sku'": '"VSD3621-E-36-34.5-2'", '"price'": '"343.00'", '"depth_in'": '"2.00'", '"width_in'": '"36.00'", '"finish_id'": 17, '"height_in'": '"34.50'", '"created_at'": '"2026-06-26T15:23:43.959Z'", '"created_by'": null, '"deleted_at'": null, '"product_id'": 50, '"updated_at'": '"2026-06-26T18:34:35.561Z'", '"updated_by'": null, '"stock_status'": '"in_stock'"}","{'"id'": 702, '"sku'": '"VSD3621-E-36-34.5-2_deleted_1782499692'", '"price'": '"343.00'", '"depth_in'": '"2.00'", '"width_in'": '"36.00'", '"finish_id'": 17, '"height_in'": '"34.50'", '"created_at'": '"2026-06-26T15:23:43.959Z'", '"created_by'": null, '"deleted_at'": '"2026-06-26T18:48:12.482Z'", '"product_id'": 50, '"updated_at'": '"2026-06-26T18:48:12.482Z'", '"updated_by'": 1, '"stock_status'": '"in_stock'"}",2026-06-26 13:48:12.482953-05,,
233,1,SOFT_DELETE,product_variants,703,"{'"id'": 703, '"sku'": '"VSD3621-SM-36-34.5-2'", '"price'": '"435.00'", '"depth_in'": '"2.00'", '"width_in'": '"36.00'", '"finish_id'": 18, '"height_in'": '"34.50'", '"created_at'": '"2026-06-26T15:23:43.959Z'", '"created_by'": null, '"deleted_at'": null, '"product_id'": 50, '"updated_at'": '"2026-06-26T18:34:35.561Z'", '"updated_by'": null, '"stock_status'": '"in_stock'"}","{'"id'": 703, '"sku'": '"VSD3621-SM-36-34.5-2_deleted_1782499692'", '"price'": '"435.00'", '"depth_in'": '"2.00'", '"width_in'": '"36.00'", '"finish_id'": 18, '"height_in'": '"34.50'", '"created_at'": '"2026-06-26T15:23:43.959Z'", '"created_by'": null, '"deleted_at'": '"2026-06-26T18:48:12.482Z'", '"product_id'": 50, '"updated_at'": '"2026-06-26T18:48:12.482Z'", '"updated_by'": 1, '"stock_status'": '"in_stock'"}",2026-06-26 13:48:12.482953-05,,
234,1,SOFT_DELETE,product_variants,225,"{'"id'": 225, '"sku'": '"VSD3621-WS-36-34.5-21'", '"price'": '"532.99'", '"depth_in'": '"21.00'", '"width_in'": '"36.00'", '"finish_id'": 1, '"height_in'": '"34.50'", '"created_at'": '"2026-06-23T21:00:28.882Z'", '"created_by'": null, '"deleted_at'": null, '"product_id'": 50, '"updated_at'": '"2026-06-24T15:42:02.120Z'", '"updated_by'": null, '"stock_status'": '"in_stock'"}","{'"id'": 225, '"sku'": '"VSD3621-WS-36-34.5-21_deleted_1782499695'", '"price'": '"532.99'", '"depth_in'": '"21.00'", '"width_in'": '"36.00'", '"finish_id'": 1, '"height_in'": '"34.50'", '"created_at'": '"2026-06-23T21:00:28.882Z'", '"created_by'": null, '"deleted_at'": '"2026-06-26T18:48:15.545Z'", '"product_id'": 50, '"updated_at'": '"2026-06-26T18:48:15.545Z'", '"updated_by'": 1, '"stock_status'": '"in_stock'"}",2026-06-26 13:48:15.54557-05,,
235,1,SOFT_DELETE,product_variants,227,"{'"id'": 227, '"sku'": '"VSD3621-ES-36-34.5-21'", '"price'": '"533.99'", '"depth_in'": '"21.00'", '"width_in'": '"36.00'", '"finish_id'": 2, '"height_in'": '"34.50'", '"created_at'": '"2026-06-23T21:00:28.882Z'", '"created_by'": null, '"deleted_at'": null, '"product_id'": 50, '"updated_at'": '"2026-06-24T15:42:02.120Z'", '"updated_by'": null, '"stock_status'": '"out_of_stock'"}","{'"id'": 227, '"sku'": '"VSD3621-ES-36-34.5-21_deleted_1782499695'", '"price'": '"533.99'", '"depth_in'": '"21.00'", '"width_in'": '"36.00'", '"finish_id'": 2, '"height_in'": '"34.50'", '"created_at'": '"2026-06-23T21:00:28.882Z'", '"created_by'": null, '"deleted_at'": '"2026-06-26T18:48:15.545Z'", '"product_id'": 50, '"updated_at'": '"2026-06-26T18:48:15.545Z'", '"updated_by'": 1, '"stock_status'": '"out_of_stock'"}",2026-06-26 13:48:15.54557-05,,
236,1,SOFT_DELETE,product_variants,226,"{'"id'": 226, '"sku'": '"VSD3621-AS-36-34.5-21'", '"price'": '"534.99'", '"depth_in'": '"21.00'", '"width_in'": '"36.00'", '"finish_id'": 3, '"height_in'": '"34.50'", '"created_at'": '"2026-06-23T21:00:28.882Z'", '"created_by'": null, '"deleted_at'": null, '"product_id'": 50, '"updated_at'": '"2026-06-24T15:42:02.120Z'", '"updated_by'": null, '"stock_status'": '"in_stock'"}","{'"id'": 226, '"sku'": '"VSD3621-AS-36-34.5-21_deleted_1782499695'", '"price'": '"534.99'", '"depth_in'": '"21.00'", '"width_in'": '"36.00'", '"finish_id'": 3, '"height_in'": '"34.50'", '"created_at'": '"2026-06-23T21:00:28.882Z'", '"created_by'": null, '"deleted_at'": '"2026-06-26T18:48:15.545Z'", '"product_id'": 50, '"updated_at'": '"2026-06-26T18:48:15.545Z'", '"updated_by'": 1, '"stock_status'": '"in_stock'"}",2026-06-26 13:48:15.54557-05,,
237,1,SOFT_DELETE,product_variants,228,"{'"id'": 228, '"sku'": '"VSD3621-TS-36-34.5-21'", '"price'": '"540.99'", '"depth_in'": '"21.00'", '"width_in'": '"36.00'", '"finish_id'": 9, '"height_in'": '"34.50'", '"created_at'": '"2026-06-23T21:00:28.882Z'", '"created_by'": null, '"deleted_at'": null, '"product_id'": 50, '"updated_at'": '"2026-06-24T15:42:02.120Z'", '"updated_by'": null, '"stock_status'": '"in_stock'"}","{'"id'": 228, '"sku'": '"VSD3621-TS-36-34.5-21_deleted_1782499695'", '"price'": '"540.99'", '"depth_in'": '"21.00'", '"width_in'": '"36.00'", '"finish_id'": 9, '"height_in'": '"34.50'", '"created_at'": '"2026-06-23T21:00:28.882Z'", '"created_by'": null, '"deleted_at'": '"2026-06-26T18:48:15.545Z'", '"product_id'": 50, '"updated_at'": '"2026-06-26T18:48:15.545Z'", '"updated_by'": 1, '"stock_status'": '"in_stock'"}",2026-06-26 13:48:15.54557-05,,
238,1,SOFT_DELETE,product_variants,229,"{'"id'": 229, '"sku'": '"VSD3621-WSS-36-34.5-21'", '"price'": '"403.99'", '"depth_in'": '"21.00'", '"width_in'": '"36.00'", '"finish_id'": 10, '"height_in'": '"34.50'", '"created_at'": '"2026-06-23T21:00:28.882Z'", '"created_by'": null, '"deleted_at'": null, '"product_id'": 50, '"updated_at'": '"2026-06-24T15:42:02.120Z'", '"updated_by'": null, '"stock_status'": '"in_stock'"}","{'"id'": 229, '"sku'": '"VSD3621-WSS-36-34.5-21_deleted_1782499695'", '"price'": '"403.99'", '"depth_in'": '"21.00'", '"width_in'": '"36.00'", '"finish_id'": 10, '"height_in'": '"34.50'", '"created_at'": '"2026-06-23T21:00:28.882Z'", '"created_by'": null, '"deleted_at'": '"2026-06-26T18:48:15.545Z'", '"product_id'": 50, '"updated_at'": '"2026-06-26T18:48:15.545Z'", '"updated_by'": 1, '"stock_status'": '"in_stock'"}",2026-06-26 13:48:15.54557-05,,
239,1,SOFT_DELETE,products,50,"{'"id'": 50, '"sku'": '"VSD3621'", '"name'": '"VSD3621'", '"image_url'": null, '"created_at'": '"2026-06-23T21:00:28.882Z'", '"created_by'": null, '"deleted_at'": null, '"updated_at'": '"2026-06-26T18:34:35.561Z'", '"updated_by'": null, '"description'": '"2 Door & 1 False Drawer'", '"sub_category_id'": 10}","{'"id'": 50, '"sku'": '"VSD3621_deleted_1782499695'", '"name'": '"VSD3621'", '"image_url'": null, '"created_at'": '"2026-06-23T21:00:28.882Z'", '"created_by'": null, '"deleted_at'": '"2026-06-26T18:48:15.545Z'", '"updated_at'": '"2026-06-26T18:48:15.545Z'", '"updated_by'": 1, '"description'": '"2 Door & 1 False Drawer'", '"sub_category_id'": 10}",2026-06-26 13:48:15.54557-05,,
240,1,UPDATE,door_finishes,2,"{'"id'": 2, '"name'": '"Ebony Shaker'", '"slug'": '"ebony-shaker'", '"is_active'": false, '"created_at'": '"2026-06-22T16:23:34.677Z'", '"created_by'": null, '"deleted_at'": null, '"sort_order'": 3, '"updated_at'": '"2026-06-24T17:20:33.077Z'", '"updated_by'": 1, '"description'": null, '"sample_image_url'": '"/uploads/products/fdcb203d-37f1-40a3-9c6b-f519be0f5859.png'"}","{'"id'": 2, '"name'": '"Ebony Shaker'", '"slug'": '"ebony-shaker'", '"is_active'": true, '"created_at'": '"2026-06-22T16:23:34.677Z'", '"created_by'": null, '"deleted_at'": null, '"sort_order'": 3, '"updated_at'": '"2026-06-26T21:41:45.626Z'", '"updated_by'": 1, '"description'": null, '"sample_image_url'": '"/uploads/products/fdcb203d-37f1-40a3-9c6b-f519be0f5859.png'"}",2026-06-26 16:41:45.626331-05,,
241,1,UPDATE,users,3,"{'"email'": '"ahmet@gmail.com'", '"account_status'": '"rejected'"}","{'"email'": '"ahmet@gmail.com'", '"account_status'": '"approved'"}",2026-06-26 16:45:46.294711-05,,
242,1,UPDATE,users,3,"{'"email'": '"ahmet@gmail.com'", '"account_status'": '"approved'"}","{'"email'": '"ahmet@gmail.com'", '"account_status'": '"rejected'"}",2026-06-26 16:45:51.387379-05,,
243,1,UPDATE,product_variants,14,"{'"id'": 14, '"sku'": '"B12-AS-12-34.5-24'", '"price'": '"523.00'", '"depth_in'": '"24.00'", '"width_in'": '"12.00'", '"finish_id'": 3, '"height_in'": '"34.50'", '"created_at'": '"2026-06-23T18:17:58.032Z'", '"created_by'": null, '"deleted_at'": null, '"product_id'": 7, '"updated_at'": '"2026-06-26T21:29:57.071Z'", '"updated_by'": null, '"stock_status'": '"in_stock'"}","{'"id'": 14, '"sku'": '"B12-AS-12-34.5-24'", '"price'": '"523.00'", '"depth_in'": '"24.00'", '"width_in'": '"12.00'", '"finish_id'": 3, '"height_in'": '"34.50'", '"created_at'": '"2026-06-23T18:17:58.032Z'", '"created_by'": null, '"deleted_at'": null, '"product_id'": 7, '"updated_at'": '"2026-06-26T22:03:45.913Z'", '"updated_by'": 1, '"stock_status'": '"in_stock'"}",2026-06-26 17:03:45.913689-05,,
244,1,UPDATE,products,7,"{'"id'": 7, '"sku'": '"B12'", '"name'": '"B12'", '"image_url'": '"/uploads/products/13c1443f-ec9b-4cc1-9fc0-dcfe34619c2c.png'", '"created_at'": '"2026-06-20T21:09:11.370Z'", '"created_by'": null, '"deleted_at'": null, '"updated_at'": '"2026-06-26T21:29:57.071Z'", '"updated_by'": null, '"description'": '"1 Door & 1 Drawer'", '"sub_category_id'": 3}","{'"id'": 7, '"sku'": '"B12'", '"name'": '"Base 12\'"'", '"image_url'": '"/uploads/products/13c1443f-ec9b-4cc1-9fc0-dcfe34619c2c.png'", '"created_at'": '"2026-06-20T21:09:11.370Z'", '"created_by'": null, '"deleted_at'": null, '"updated_at'": '"2026-06-26T22:03:45.913Z'", '"updated_by'": 1, '"description'": '"1 Door & 1 Drawer'", '"sub_category_id'": 3}",2026-06-26 17:03:45.913689-05,,
245,1,UPDATE,product_variants,14,"{'"id'": 14, '"sku'": '"B12-AS-12-34.5-24'", '"price'": '"523.00'", '"depth_in'": '"24.00'", '"width_in'": '"12.00'", '"finish_id'": 3, '"height_in'": '"34.50'", '"created_at'": '"2026-06-23T18:17:58.032Z'", '"created_by'": null, '"deleted_at'": null, '"product_id'": 7, '"updated_at'": '"2026-06-26T22:03:45.913Z'", '"updated_by'": 1, '"stock_status'": '"in_stock'"}","{'"id'": 14, '"sku'": '"B12-AS-12-34.5-24'", '"price'": '"523.00'", '"depth_in'": '"24.00'", '"width_in'": '"12.00'", '"finish_id'": 3, '"height_in'": '"34.50'", '"created_at'": '"2026-06-23T18:17:58.032Z'", '"created_by'": null, '"deleted_at'": null, '"product_id'": 7, '"updated_at'": '"2026-06-26T22:06:17.862Z'", '"updated_by'": 1, '"stock_status'": '"in_stock'"}",2026-06-26 17:06:17.862712-05,,
246,1,UPDATE,products,7,"{'"id'": 7, '"sku'": '"B12'", '"name'": '"Base 12\'"'", '"image_url'": '"/uploads/products/13c1443f-ec9b-4cc1-9fc0-dcfe34619c2c.png'", '"created_at'": '"2026-06-20T21:09:11.370Z'", '"created_by'": null, '"deleted_at'": null, '"updated_at'": '"2026-06-26T22:03:45.913Z'", '"updated_by'": 1, '"description'": '"1 Door & 1 Drawer'", '"sub_category_id'": 3}","{'"id'": 7, '"sku'": '"B12'", '"name'": '"Base 12'", '"image_url'": '"/uploads/products/13c1443f-ec9b-4cc1-9fc0-dcfe34619c2c.png'", '"created_at'": '"2026-06-20T21:09:11.370Z'", '"created_by'": null, '"deleted_at'": null, '"updated_at'": '"2026-06-26T22:06:17.862Z'", '"updated_by'": 1, '"description'": '"1 Door & 1 Drawer'", '"sub_category_id'": 3}",2026-06-26 17:06:17.862712-05,,
247,1,UPDATE,product_variants,14,"{'"id'": 14, '"sku'": '"B12-AS-12-34.5-24'", '"price'": '"523.00'", '"depth_in'": '"24.00'", '"width_in'": '"12.00'", '"finish_id'": 3, '"height_in'": '"34.50'", '"created_at'": '"2026-06-23T18:17:58.032Z'", '"created_by'": null, '"deleted_at'": null, '"product_id'": 7, '"updated_at'": '"2026-06-26T22:06:17.862Z'", '"updated_by'": 1, '"stock_status'": '"in_stock'"}","{'"id'": 14, '"sku'": '"B12-AS-12-34.5-24'", '"price'": '"523.00'", '"depth_in'": '"24.00'", '"width_in'": '"12.00'", '"finish_id'": 3, '"height_in'": '"34.50'", '"created_at'": '"2026-06-23T18:17:58.032Z'", '"created_by'": null, '"deleted_at'": null, '"product_id'": 7, '"updated_at'": '"2026-06-26T22:06:51.083Z'", '"updated_by'": 1, '"stock_status'": '"in_stock'"}",2026-06-26 17:06:51.083873-05,,
248,1,UPDATE,products,7,"{'"id'": 7, '"sku'": '"B12'", '"name'": '"Base 12'", '"image_url'": '"/uploads/products/13c1443f-ec9b-4cc1-9fc0-dcfe34619c2c.png'", '"created_at'": '"2026-06-20T21:09:11.370Z'", '"created_by'": null, '"deleted_at'": null, '"updated_at'": '"2026-06-26T22:06:17.862Z'", '"updated_by'": 1, '"description'": '"1 Door & 1 Drawer'", '"sub_category_id'": 3}","{'"id'": 7, '"sku'": '"B12'", '"name'": '"12'", '"image_url'": '"/uploads/products/13c1443f-ec9b-4cc1-9fc0-dcfe34619c2c.png'", '"created_at'": '"2026-06-20T21:09:11.370Z'", '"created_by'": null, '"deleted_at'": null, '"updated_at'": '"2026-06-26T22:06:51.083Z'", '"updated_by'": 1, '"description'": '"1 Door & 1 Drawer'", '"sub_category_id'": 3}",2026-06-26 17:06:51.083873-05,,
249,1,UPDATE,product_variants,10,"{'"id'": 10, '"sku'": '"B21-AS-21-34.5-24'", '"price'": '"523.00'", '"depth_in'": '"24.00'", '"width_in'": '"21.00'", '"finish_id'": 3, '"height_in'": '"34.50'", '"created_at'": '"2026-06-22T16:51:30.132Z'", '"created_by'": null, '"deleted_at'": null, '"product_id'": 4, '"updated_at'": '"2026-06-26T21:29:57.071Z'", '"updated_by'": null, '"stock_status'": '"in_stock'"}","{'"id'": 10, '"sku'": '"B21-AS-21-34.5-24'", '"price'": '"523.00'", '"depth_in'": '"24.00'", '"width_in'": '"21.00'", '"finish_id'": 3, '"height_in'": '"34.50'", '"created_at'": '"2026-06-22T16:51:30.132Z'", '"created_by'": null, '"deleted_at'": null, '"product_id'": 4, '"updated_at'": '"2026-06-26T22:09:39.915Z'", '"updated_by'": 1, '"stock_status'": '"in_stock'"}",2026-06-26 17:09:39.915125-05,,
250,1,UPDATE,products,4,"{'"id'": 4, '"sku'": '"B21'", '"name'": '"B21'", '"image_url'": '"/uploads/products/1dbe66db-50e0-4425-a2eb-c0caa1290398.png'", '"created_at'": '"2026-06-20T21:09:11.370Z'", '"created_by'": null, '"deleted_at'": null, '"updated_at'": '"2026-06-26T21:29:57.071Z'", '"updated_by'": null, '"description'": '"1 Door & 1 Drawer'", '"sub_category_id'": 3}","{'"id'": 4, '"sku'": '"B21'", '"name'": '"B21'", '"image_url'": '"/uploads/products/1dbe66db-50e0-4425-a2eb-c0caa1290398.png'", '"created_at'": '"2026-06-20T21:09:11.370Z'", '"created_by'": null, '"deleted_at'": null, '"updated_at'": '"2026-06-26T22:09:39.915Z'", '"updated_by'": 1, '"description'": '"1 Door & 1 Drawer'", '"sub_category_id'": 3}",2026-06-26 17:09:39.915125-05,,
251,1,UPDATE,door_finishes,3,"{'"id'": 3, '"name'": '"Ash Shaker'", '"slug'": '"ash-shaker'", '"is_active'": true, '"created_at'": '"2026-06-22T16:23:34.677Z'", '"created_by'": null, '"deleted_at'": null, '"sort_order'": 3, '"updated_at'": '"2026-06-22T16:38:58.452Z'", '"updated_by'": null, '"description'": null, '"sample_image_url'": '"/uploads/products/e6e8e8d3-64a1-4965-9ef2-72f80213666f.png'"}","{'"id'": 3, '"name'": '"Ash Shaker'", '"slug'": '"ash-shaker'", '"is_active'": false, '"created_at'": '"2026-06-22T16:23:34.677Z'", '"created_by'": null, '"deleted_at'": null, '"sort_order'": 3, '"updated_at'": '"2026-06-27T16:00:08.979Z'", '"updated_by'": 1, '"description'": null, '"sample_image_url'": '"/uploads/products/e6e8e8d3-64a1-4965-9ef2-72f80213666f.png'"}",2026-06-27 11:00:08.979492-05,,
252,1,UPDATE,door_finishes,3,"{'"id'": 3, '"name'": '"Ash Shaker'", '"slug'": '"ash-shaker'", '"is_active'": false, '"created_at'": '"2026-06-22T16:23:34.677Z'", '"created_by'": null, '"deleted_at'": null, '"sort_order'": 3, '"updated_at'": '"2026-06-27T16:00:08.979Z'", '"updated_by'": 1, '"description'": null, '"sample_image_url'": '"/uploads/products/e6e8e8d3-64a1-4965-9ef2-72f80213666f.png'"}","{'"id'": 3, '"name'": '"Ash Shaker'", '"slug'": '"ash-shaker'", '"is_active'": true, '"created_at'": '"2026-06-22T16:23:34.677Z'", '"created_by'": null, '"deleted_at'": null, '"sort_order'": 3, '"updated_at'": '"2026-06-27T16:00:10.453Z'", '"updated_by'": 1, '"description'": null, '"sample_image_url'": '"/uploads/products/e6e8e8d3-64a1-4965-9ef2-72f80213666f.png'"}",2026-06-27 11:00:10.453256-05,,
253,1,UPDATE,product_variants,14,"{'"id'": 14, '"sku'": '"B12-AS-12-34.5-24'", '"price'": '"523.00'", '"depth_in'": '"24.00'", '"width_in'": '"12.00'", '"finish_id'": 3, '"height_in'": '"34.50'", '"created_at'": '"2026-06-23T18:17:58.032Z'", '"created_by'": null, '"deleted_at'": null, '"product_id'": 7, '"updated_at'": '"2026-06-26T22:06:51.083Z'", '"updated_by'": 1, '"stock_status'": '"in_stock'"}","{'"id'": 14, '"sku'": '"B12-AS-12-34.5-24'", '"price'": '"523.00'", '"depth_in'": '"24.00'", '"width_in'": '"12.00'", '"finish_id'": 3, '"height_in'": '"34.50'", '"created_at'": '"2026-06-23T18:17:58.032Z'", '"created_by'": null, '"deleted_at'": null, '"product_id'": 7, '"updated_at'": '"2026-06-27T16:41:27.909Z'", '"updated_by'": 1, '"stock_status'": '"in_stock'"}",2026-06-27 11:41:27.909826-05,,
254,1,UPDATE,products,7,"{'"id'": 7, '"sku'": '"B12'", '"name'": '"12'", '"image_url'": '"/uploads/products/13c1443f-ec9b-4cc1-9fc0-dcfe34619c2c.png'", '"created_at'": '"2026-06-20T21:09:11.370Z'", '"created_by'": null, '"deleted_at'": null, '"updated_at'": '"2026-06-26T22:06:51.083Z'", '"updated_by'": 1, '"description'": '"1 Door & 1 Drawer'", '"sub_category_id'": 3}","{'"id'": 7, '"sku'": '"B12'", '"name'": '"B12'", '"image_url'": '"/uploads/products/13c1443f-ec9b-4cc1-9fc0-dcfe34619c2c.png'", '"created_at'": '"2026-06-20T21:09:11.370Z'", '"created_by'": null, '"deleted_at'": null, '"updated_at'": '"2026-06-27T16:41:27.909Z'", '"updated_by'": 1, '"description'": '"1 Door & 1 Drawer'", '"sub_category_id'": 3}",2026-06-27 11:41:27.909826-05,,
255,1,UPDATE,door_finishes,3,"{'"id'": 3, '"name'": '"Ash Shaker'", '"slug'": '"ash-shaker'", '"is_active'": true, '"created_at'": '"2026-06-22T16:23:34.677Z'", '"created_by'": null, '"deleted_at'": null, '"sort_order'": 3, '"updated_at'": '"2026-06-27T16:00:10.453Z'", '"updated_by'": 1, '"description'": null, '"sample_image_url'": '"/uploads/products/e6e8e8d3-64a1-4965-9ef2-72f80213666f.png'"}","{'"id'": 3, '"name'": '"Ash Shaker'", '"slug'": '"ash-shaker'", '"is_active'": false, '"created_at'": '"2026-06-22T16:23:34.677Z'", '"created_by'": null, '"deleted_at'": null, '"sort_order'": 3, '"updated_at'": '"2026-06-27T21:32:44.138Z'", '"updated_by'": 1, '"description'": null, '"sample_image_url'": '"/uploads/products/e6e8e8d3-64a1-4965-9ef2-72f80213666f.png'"}",2026-06-27 16:32:44.138458-05,,
256,1,UPDATE,users,3,"{'"email'": '"ahmet@gmail.com'", '"account_status'": '"rejected'"}","{'"email'": '"ahmet@gmail.com'", '"account_status'": '"approved'"}",2026-06-27 16:34:29.530729-05,,
257,2,CREATE,quotes,1,,"{'"item_count'": 5, '"quote_name'": '"asd'", '"total_amount'": 391.6}",2026-06-29 10:07:36.996347-05,,
258,1,UPDATE,quotes,1,,"{'"event'": '"admin_view'", '"quote_name'": '"asd'", '"customer_email'": '"ahmetsakallioglu54@gmail.com'"}",2026-06-29 10:43:16.196433-05,,
259,1,UPDATE,quotes,1,,"{'"event'": '"admin_view'", '"quote_name'": '"asd'", '"customer_email'": '"ahmetsakallioglu54@gmail.com'"}",2026-06-29 17:07:18.246496-05,,
260,1,UPDATE,quotes,1,,"{'"event'": '"admin_view'", '"quote_name'": '"asd'", '"customer_email'": '"ahmetsakallioglu54@gmail.com'"}",2026-06-29 17:07:26.039492-05,,
261,1,UPDATE,door_finishes,3,"{'"id'": 3, '"name'": '"Ash Shaker'", '"slug'": '"ash-shaker'", '"is_active'": false, '"created_at'": '"2026-06-22T16:23:34.677Z'", '"created_by'": null, '"deleted_at'": null, '"sort_order'": 3, '"updated_at'": '"2026-06-27T21:32:44.138Z'", '"updated_by'": 1, '"description'": null, '"sample_image_url'": '"/uploads/products/e6e8e8d3-64a1-4965-9ef2-72f80213666f.png'"}","{'"id'": 3, '"name'": '"Ash Shaker'", '"slug'": '"ash-shaker'", '"is_active'": true, '"created_at'": '"2026-06-22T16:23:34.677Z'", '"created_by'": null, '"deleted_at'": null, '"sort_order'": 3, '"updated_at'": '"2026-06-29T22:08:17.027Z'", '"updated_by'": 1, '"description'": null, '"sample_image_url'": '"/uploads/products/e6e8e8d3-64a1-4965-9ef2-72f80213666f.png'"}",2026-06-29 17:08:17.027336-05,,
262,1,UPDATE,product_variants,14,"{'"id'": 14, '"sku'": '"HA-B12'", '"price'": '"396.50'", '"depth_in'": '"24.00'", '"width_in'": '"12.00'", '"finish_id'": 3, '"height_in'": '"34.50'", '"created_at'": '"2026-06-23T18:17:58.032Z'", '"created_by'": null, '"deleted_at'": null, '"product_id'": 7, '"updated_at'": '"2026-06-30T19:38:45.468Z'", '"updated_by'": null, '"stock_status'": '"in_stock'"}","{'"id'": 14, '"sku'": '"HA-B12'", '"price'": '"396.50'", '"depth_in'": '"24.00'", '"width_in'": '"12.00'", '"finish_id'": 3, '"height_in'": '"34.50'", '"created_at'": '"2026-06-23T18:17:58.032Z'", '"created_by'": null, '"deleted_at'": null, '"product_id'": 7, '"updated_at'": '"2026-06-30T19:41:05.160Z'", '"updated_by'": 1, '"stock_status'": '"out_of_stock'"}",2026-06-30 14:41:05.160774-05,,
263,1,UPDATE,products,7,"{'"id'": 7, '"sku'": '"B12'", '"name'": '"B12'", '"image_url'": '"/uploads/products/13c1443f-ec9b-4cc1-9fc0-dcfe34619c2c.png'", '"created_at'": '"2026-06-20T21:09:11.370Z'", '"created_by'": null, '"deleted_at'": null, '"updated_at'": '"2026-06-30T19:38:45.468Z'", '"updated_by'": null, '"description'": '"1 Door & 1 Drawer'", '"sub_category_id'": 3}","{'"id'": 7, '"sku'": '"B12'", '"name'": '"B12'", '"image_url'": '"/uploads/products/13c1443f-ec9b-4cc1-9fc0-dcfe34619c2c.png'", '"created_at'": '"2026-06-20T21:09:11.370Z'", '"created_by'": null, '"deleted_at'": null, '"updated_at'": '"2026-06-30T19:41:05.160Z'", '"updated_by'": 1, '"description'": '"1 Door & 1 Drawer'", '"sub_category_id'": 3}",2026-06-30 14:41:05.160774-05,,
264,1,UPDATE,product_variants,14,"{'"id'": 14, '"sku'": '"HA-B12'", '"price'": '"396.50'", '"depth_in'": '"24.00'", '"width_in'": '"12.00'", '"finish_id'": 3, '"height_in'": '"34.50'", '"created_at'": '"2026-06-23T18:17:58.032Z'", '"created_by'": null, '"deleted_at'": null, '"product_id'": 7, '"updated_at'": '"2026-06-30T19:41:05.160Z'", '"updated_by'": 1, '"stock_status'": '"out_of_stock'"}","{'"id'": 14, '"sku'": '"HA-B12'", '"price'": '"396.50'", '"depth_in'": '"24.00'", '"width_in'": '"12.00'", '"finish_id'": 3, '"height_in'": '"34.50'", '"created_at'": '"2026-06-23T18:17:58.032Z'", '"created_by'": null, '"deleted_at'": null, '"product_id'": 7, '"updated_at'": '"2026-06-30T19:46:00.824Z'", '"updated_by'": 1, '"stock_status'": '"in_stock'"}",2026-06-30 14:46:00.824498-05,,
265,1,UPDATE,products,7,"{'"id'": 7, '"sku'": '"B12'", '"name'": '"B12'", '"image_url'": '"/uploads/products/13c1443f-ec9b-4cc1-9fc0-dcfe34619c2c.png'", '"created_at'": '"2026-06-20T21:09:11.370Z'", '"created_by'": null, '"deleted_at'": null, '"updated_at'": '"2026-06-30T19:41:05.160Z'", '"updated_by'": 1, '"description'": '"1 Door & 1 Drawer'", '"sub_category_id'": 3}","{'"id'": 7, '"sku'": '"B12'", '"name'": '"B12'", '"image_url'": '"/uploads/products/13c1443f-ec9b-4cc1-9fc0-dcfe34619c2c.png'", '"created_at'": '"2026-06-20T21:09:11.370Z'", '"created_by'": null, '"deleted_at'": null, '"updated_at'": '"2026-06-30T19:46:00.824Z'", '"updated_by'": 1, '"description'": '"1 Door & 1 Drawer'", '"sub_category_id'": 3}",2026-06-30 14:46:00.824498-05,,
266,1,CREATE,door_finishes,19,,"{'"id'": 19, '"name'": '"Hall Mark Frost'", '"slug'": '"hall-mark-frost'", '"is_active'": true, '"created_at'": '"2026-06-30T20:02:23.158Z'", '"created_by'": 1, '"deleted_at'": null, '"sort_order'": 0, '"updated_at'": '"2026-06-30T20:02:23.158Z'", '"updated_by'": 1, '"description'": null, '"sample_image_url'": null}",2026-06-30 15:02:23.166274-05,,
457,2,UPDATE,orders,5,,"{'"code'": '"CAB-LJ7D-DV'", '"event'": '"promo_code_redeemed'", '"summary'": '"Dealer ahmetsakallioglu54@gmail.com redeemed promo code CAB-LJ7D-DV on order ORD-5.'", '"promo_discount'": 33.8}",2026-07-01 12:31:33.980455-05,,
504,1,UPDATE,products,7,,"{'"event'": '"product_image_added'", '"summary'": '"Admin admin@cabinet.local added a product image as cover (product #7).'", '"as_cover'": true, '"image_id'": 105, '"finish_id'": 11}",2026-07-02 16:53:43.363379-05,,
267,1,UPDATE,door_finishes,12,"{'"id'": 12, '"name'": '"Chocolate Glazed'", '"slug'": '"chocolate-glazed'", '"is_active'": true, '"created_at'": '"2026-06-23T21:20:04.742Z'", '"created_by'": null, '"deleted_at'": null, '"sort_order'": 7, '"updated_at'": '"2026-06-24T17:28:43.077Z'", '"updated_by'": 1, '"description'": null, '"sample_image_url'": '"/uploads/products/d4de5c84-c867-4f0d-9e3d-aa3b30c16e86.png'"}","{'"id'": 12, '"name'": '"Chocolate Glazed'", '"slug'": '"chocolate-glazed'", '"is_active'": false, '"created_at'": '"2026-06-23T21:20:04.742Z'", '"created_by'": null, '"deleted_at'": null, '"sort_order'": 7, '"updated_at'": '"2026-06-30T20:02:32.403Z'", '"updated_by'": 1, '"description'": null, '"sample_image_url'": '"/uploads/products/d4de5c84-c867-4f0d-9e3d-aa3b30c16e86.png'"}",2026-06-30 15:02:32.403334-05,,
268,1,UPDATE,door_finishes,17,"{'"id'": 17, '"name'": '"Espresso'", '"slug'": '"espresso'", '"is_active'": true, '"created_at'": '"2026-06-24T17:30:22.831Z'", '"created_by'": 1, '"deleted_at'": null, '"sort_order'": 30, '"updated_at'": '"2026-06-24T17:33:22.440Z'", '"updated_by'": 1, '"description'": null, '"sample_image_url'": '"/uploads/products/afef46cf-eafb-4e8d-981b-a41ef633580c.jpg'"}","{'"id'": 17, '"name'": '"Espresso'", '"slug'": '"espresso'", '"is_active'": false, '"created_at'": '"2026-06-24T17:30:22.831Z'", '"created_by'": 1, '"deleted_at'": null, '"sort_order'": 30, '"updated_at'": '"2026-06-30T20:02:40.338Z'", '"updated_by'": 1, '"description'": null, '"sample_image_url'": '"/uploads/products/afef46cf-eafb-4e8d-981b-a41ef633580c.jpg'"}",2026-06-30 15:02:40.33823-05,,
269,1,UPDATE,door_finishes,17,"{'"id'": 17, '"name'": '"Espresso'", '"slug'": '"espresso'", '"is_active'": false, '"created_at'": '"2026-06-24T17:30:22.831Z'", '"created_by'": 1, '"deleted_at'": null, '"sort_order'": 30, '"updated_at'": '"2026-06-30T20:02:40.338Z'", '"updated_by'": 1, '"description'": null, '"sample_image_url'": '"/uploads/products/afef46cf-eafb-4e8d-981b-a41ef633580c.jpg'"}","{'"id'": 17, '"name'": '"Espresso'", '"slug'": '"espresso'", '"is_active'": true, '"created_at'": '"2026-06-24T17:30:22.831Z'", '"created_by'": 1, '"deleted_at'": null, '"sort_order'": 30, '"updated_at'": '"2026-06-30T20:02:43.073Z'", '"updated_by'": 1, '"description'": null, '"sample_image_url'": '"/uploads/products/afef46cf-eafb-4e8d-981b-a41ef633580c.jpg'"}",2026-06-30 15:02:43.073238-05,,
270,1,CREATE,door_finishes,20,,"{'"id'": 20, '"name'": '"Cinnamon'", '"slug'": '"cinnamon'", '"is_active'": true, '"created_at'": '"2026-06-30T20:02:57.146Z'", '"created_by'": 1, '"deleted_at'": null, '"sort_order'": 0, '"updated_at'": '"2026-06-30T20:02:57.146Z'", '"updated_by'": 1, '"description'": null, '"sample_image_url'": null}",2026-06-30 15:02:57.151263-05,,
271,1,CREATE,door_finishes,21,,"{'"id'": 21, '"name'": '"Ivory'", '"slug'": '"ivory'", '"is_active'": true, '"created_at'": '"2026-06-30T20:03:08.451Z'", '"created_by'": 1, '"deleted_at'": null, '"sort_order'": 0, '"updated_at'": '"2026-06-30T20:03:08.451Z'", '"updated_by'": 1, '"description'": null, '"sample_image_url'": null}",2026-06-30 15:03:08.456102-05,,
272,1,CREATE,door_finishes,22,,"{'"id'": 22, '"name'": '"Sage Green'", '"slug'": '"sage-green'", '"is_active'": true, '"created_at'": '"2026-06-30T20:03:53.794Z'", '"created_by'": 1, '"deleted_at'": null, '"sort_order'": 0, '"updated_at'": '"2026-06-30T20:03:53.794Z'", '"updated_by'": 1, '"description'": null, '"sample_image_url'": null}",2026-06-30 15:03:53.800642-05,,
273,1,SOFT_DELETE,door_finishes,12,"{'"id'": 12, '"name'": '"Chocolate Glazed'", '"slug'": '"chocolate-glazed'", '"is_active'": false, '"created_at'": '"2026-06-23T21:20:04.742Z'", '"created_by'": null, '"deleted_at'": null, '"sort_order'": 7, '"updated_at'": '"2026-06-30T20:02:32.403Z'", '"updated_by'": 1, '"description'": null, '"sample_image_url'": '"/uploads/products/d4de5c84-c867-4f0d-9e3d-aa3b30c16e86.png'"}","{'"id'": 12, '"name'": '"Chocolate Glazed'", '"slug'": '"chocolate-glazed'", '"is_active'": false, '"created_at'": '"2026-06-23T21:20:04.742Z'", '"created_by'": null, '"deleted_at'": '"2026-06-30T20:04:52.984Z'", '"sort_order'": 7, '"updated_at'": '"2026-06-30T20:04:52.984Z'", '"updated_by'": 1, '"description'": null, '"sample_image_url'": '"/uploads/products/d4de5c84-c867-4f0d-9e3d-aa3b30c16e86.png'"}",2026-06-30 15:04:52.984981-05,,
274,1,SOFT_DELETE,product_variants,3074,"{'"id'": 3074, '"sku'": '"LST33-WS-33-34.5-24'", '"price'": '"137.00'", '"depth_in'": '"24.00'", '"width_in'": '"33.00'", '"finish_id'": 1, '"height_in'": '"34.50'", '"created_at'": '"2026-06-26T21:29:57.071Z'", '"created_by'": null, '"deleted_at'": null, '"product_id'": 259, '"updated_at'": '"2026-06-30T14:12:27.011Z'", '"updated_by'": null, '"stock_status'": '"in_stock'"}","{'"id'": 3074, '"sku'": '"LST33-WS-33-34.5-24_deleted_1782850491'", '"price'": '"137.00'", '"depth_in'": '"24.00'", '"width_in'": '"33.00'", '"finish_id'": 1, '"height_in'": '"34.50'", '"created_at'": '"2026-06-26T21:29:57.071Z'", '"created_by'": null, '"deleted_at'": '"2026-06-30T20:14:51.529Z'", '"product_id'": 259, '"updated_at'": '"2026-06-30T20:14:51.529Z'", '"updated_by'": 1, '"stock_status'": '"in_stock'"}",2026-06-30 15:14:51.529745-05,,
275,1,SOFT_DELETE,product_variants,3077,"{'"id'": 3077, '"sku'": '"LST33-ES-33-34.5-24'", '"price'": '"122.00'", '"depth_in'": '"24.00'", '"width_in'": '"33.00'", '"finish_id'": 2, '"height_in'": '"34.50'", '"created_at'": '"2026-06-26T21:29:57.071Z'", '"created_by'": null, '"deleted_at'": null, '"product_id'": 259, '"updated_at'": '"2026-06-30T14:12:27.011Z'", '"updated_by'": null, '"stock_status'": '"in_stock'"}","{'"id'": 3077, '"sku'": '"LST33-ES-33-34.5-24_deleted_1782850491'", '"price'": '"122.00'", '"depth_in'": '"24.00'", '"width_in'": '"33.00'", '"finish_id'": 2, '"height_in'": '"34.50'", '"created_at'": '"2026-06-26T21:29:57.071Z'", '"created_by'": null, '"deleted_at'": '"2026-06-30T20:14:51.529Z'", '"product_id'": 259, '"updated_at'": '"2026-06-30T20:14:51.529Z'", '"updated_by'": 1, '"stock_status'": '"in_stock'"}",2026-06-30 15:14:51.529745-05,,
276,1,SOFT_DELETE,product_variants,3075,"{'"id'": 3075, '"sku'": '"LST33-AS-33-34.5-24'", '"price'": '"112.00'", '"depth_in'": '"24.00'", '"width_in'": '"33.00'", '"finish_id'": 3, '"height_in'": '"34.50'", '"created_at'": '"2026-06-26T21:29:57.071Z'", '"created_by'": null, '"deleted_at'": null, '"product_id'": 259, '"updated_at'": '"2026-06-30T14:12:27.011Z'", '"updated_by'": null, '"stock_status'": '"in_stock'"}","{'"id'": 3075, '"sku'": '"LST33-AS-33-34.5-24_deleted_1782850491'", '"price'": '"112.00'", '"depth_in'": '"24.00'", '"width_in'": '"33.00'", '"finish_id'": 3, '"height_in'": '"34.50'", '"created_at'": '"2026-06-26T21:29:57.071Z'", '"created_by'": null, '"deleted_at'": '"2026-06-30T20:14:51.529Z'", '"product_id'": 259, '"updated_at'": '"2026-06-30T20:14:51.529Z'", '"updated_by'": 1, '"stock_status'": '"in_stock'"}",2026-06-30 15:14:51.529745-05,,
277,1,SOFT_DELETE,product_variants,3076,"{'"id'": 3076, '"sku'": '"LST33-TS-33-34.5-24'", '"price'": '"134.00'", '"depth_in'": '"24.00'", '"width_in'": '"33.00'", '"finish_id'": 9, '"height_in'": '"34.50'", '"created_at'": '"2026-06-26T21:29:57.071Z'", '"created_by'": null, '"deleted_at'": null, '"product_id'": 259, '"updated_at'": '"2026-06-30T14:12:27.011Z'", '"updated_by'": null, '"stock_status'": '"in_stock'"}","{'"id'": 3076, '"sku'": '"LST33-TS-33-34.5-24_deleted_1782850491'", '"price'": '"134.00'", '"depth_in'": '"24.00'", '"width_in'": '"33.00'", '"finish_id'": 9, '"height_in'": '"34.50'", '"created_at'": '"2026-06-26T21:29:57.071Z'", '"created_by'": null, '"deleted_at'": '"2026-06-30T20:14:51.529Z'", '"product_id'": 259, '"updated_at'": '"2026-06-30T20:14:51.529Z'", '"updated_by'": 1, '"stock_status'": '"in_stock'"}",2026-06-30 15:14:51.529745-05,,
458,2,UPDATE,users,2,,"{'"code'": '"CAB-8EVC-TX'", '"event'": '"promo_code_applied'", '"summary'": '"Dealer ahmetsakallioglu54@gmail.com applied promo code CAB-8EVC-TX (17.44 off cart).'", '"subtotal'": 348.72, '"promo_discount'": 17.44}",2026-07-01 12:31:56.578922-05,,
278,1,SOFT_DELETE,product_variants,3078,"{'"id'": 3078, '"sku'": '"LST33-SF-33-34.5-24'", '"price'": '"129.00'", '"depth_in'": '"24.00'", '"width_in'": '"33.00'", '"finish_id'": 10, '"height_in'": '"34.50'", '"created_at'": '"2026-06-26T21:29:57.071Z'", '"created_by'": null, '"deleted_at'": null, '"product_id'": 259, '"updated_at'": '"2026-06-30T14:12:27.011Z'", '"updated_by'": null, '"stock_status'": '"in_stock'"}","{'"id'": 3078, '"sku'": '"LST33-SF-33-34.5-24_deleted_1782850491'", '"price'": '"129.00'", '"depth_in'": '"24.00'", '"width_in'": '"33.00'", '"finish_id'": 10, '"height_in'": '"34.50'", '"created_at'": '"2026-06-26T21:29:57.071Z'", '"created_by'": null, '"deleted_at'": '"2026-06-30T20:14:51.529Z'", '"product_id'": 259, '"updated_at'": '"2026-06-30T20:14:51.529Z'", '"updated_by'": 1, '"stock_status'": '"in_stock'"}",2026-06-30 15:14:51.529745-05,,
279,1,SOFT_DELETE,product_variants,3079,"{'"id'": 3079, '"sku'": '"LST33-BS-33-34.5-24'", '"price'": '"103.00'", '"depth_in'": '"24.00'", '"width_in'": '"33.00'", '"finish_id'": 11, '"height_in'": '"34.50'", '"created_at'": '"2026-06-26T21:29:57.071Z'", '"created_by'": null, '"deleted_at'": null, '"product_id'": 259, '"updated_at'": '"2026-06-30T14:12:27.011Z'", '"updated_by'": null, '"stock_status'": '"in_stock'"}","{'"id'": 3079, '"sku'": '"LST33-BS-33-34.5-24_deleted_1782850491'", '"price'": '"103.00'", '"depth_in'": '"24.00'", '"width_in'": '"33.00'", '"finish_id'": 11, '"height_in'": '"34.50'", '"created_at'": '"2026-06-26T21:29:57.071Z'", '"created_by'": null, '"deleted_at'": '"2026-06-30T20:14:51.529Z'", '"product_id'": 259, '"updated_at'": '"2026-06-30T20:14:51.529Z'", '"updated_by'": 1, '"stock_status'": '"in_stock'"}",2026-06-30 15:14:51.529745-05,,
280,1,SOFT_DELETE,product_variants,3080,"{'"id'": 3080, '"sku'": '"LST33-CS-33-34.5-24'", '"price'": '"142.00'", '"depth_in'": '"24.00'", '"width_in'": '"33.00'", '"finish_id'": 13, '"height_in'": '"34.50'", '"created_at'": '"2026-06-26T21:29:57.071Z'", '"created_by'": null, '"deleted_at'": null, '"product_id'": 259, '"updated_at'": '"2026-06-30T14:12:27.011Z'", '"updated_by'": null, '"stock_status'": '"in_stock'"}","{'"id'": 3080, '"sku'": '"LST33-CS-33-34.5-24_deleted_1782850491'", '"price'": '"142.00'", '"depth_in'": '"24.00'", '"width_in'": '"33.00'", '"finish_id'": 13, '"height_in'": '"34.50'", '"created_at'": '"2026-06-26T21:29:57.071Z'", '"created_by'": null, '"deleted_at'": '"2026-06-30T20:14:51.529Z'", '"product_id'": 259, '"updated_at'": '"2026-06-30T20:14:51.529Z'", '"updated_by'": 1, '"stock_status'": '"in_stock'"}",2026-06-30 15:14:51.529745-05,,
281,1,SOFT_DELETE,product_variants,3081,"{'"id'": 3081, '"sku'": '"LST33-DGS-33-34.5-24'", '"price'": '"132.00'", '"depth_in'": '"24.00'", '"width_in'": '"33.00'", '"finish_id'": 14, '"height_in'": '"34.50'", '"created_at'": '"2026-06-26T21:29:57.071Z'", '"created_by'": null, '"deleted_at'": null, '"product_id'": 259, '"updated_at'": '"2026-06-30T14:12:27.011Z'", '"updated_by'": null, '"stock_status'": '"in_stock'"}","{'"id'": 3081, '"sku'": '"LST33-DGS-33-34.5-24_deleted_1782850491'", '"price'": '"132.00'", '"depth_in'": '"24.00'", '"width_in'": '"33.00'", '"finish_id'": 14, '"height_in'": '"34.50'", '"created_at'": '"2026-06-26T21:29:57.071Z'", '"created_by'": null, '"deleted_at'": '"2026-06-30T20:14:51.529Z'", '"product_id'": 259, '"updated_at'": '"2026-06-30T20:14:51.529Z'", '"updated_by'": 1, '"stock_status'": '"in_stock'"}",2026-06-30 15:14:51.529745-05,,
282,1,SOFT_DELETE,product_variants,3082,"{'"id'": 3082, '"sku'": '"LST33-FGS-33-34.5-24'", '"price'": '"113.00'", '"depth_in'": '"24.00'", '"width_in'": '"33.00'", '"finish_id'": 15, '"height_in'": '"34.50'", '"created_at'": '"2026-06-26T21:29:57.071Z'", '"created_by'": null, '"deleted_at'": null, '"product_id'": 259, '"updated_at'": '"2026-06-30T14:12:27.011Z'", '"updated_by'": null, '"stock_status'": '"in_stock'"}","{'"id'": 3082, '"sku'": '"LST33-FGS-33-34.5-24_deleted_1782850491'", '"price'": '"113.00'", '"depth_in'": '"24.00'", '"width_in'": '"33.00'", '"finish_id'": 15, '"height_in'": '"34.50'", '"created_at'": '"2026-06-26T21:29:57.071Z'", '"created_by'": null, '"deleted_at'": '"2026-06-30T20:14:51.529Z'", '"product_id'": 259, '"updated_at'": '"2026-06-30T20:14:51.529Z'", '"updated_by'": 1, '"stock_status'": '"in_stock'"}",2026-06-30 15:14:51.529745-05,,
283,1,SOFT_DELETE,product_variants,3083,"{'"id'": 3083, '"sku'": '"LST33-LG-33-34.5-24'", '"price'": '"138.00'", '"depth_in'": '"24.00'", '"width_in'": '"33.00'", '"finish_id'": 16, '"height_in'": '"34.50'", '"created_at'": '"2026-06-26T21:29:57.071Z'", '"created_by'": null, '"deleted_at'": null, '"product_id'": 259, '"updated_at'": '"2026-06-30T14:12:27.011Z'", '"updated_by'": null, '"stock_status'": '"in_stock'"}","{'"id'": 3083, '"sku'": '"LST33-LG-33-34.5-24_deleted_1782850491'", '"price'": '"138.00'", '"depth_in'": '"24.00'", '"width_in'": '"33.00'", '"finish_id'": 16, '"height_in'": '"34.50'", '"created_at'": '"2026-06-26T21:29:57.071Z'", '"created_by'": null, '"deleted_at'": '"2026-06-30T20:14:51.529Z'", '"product_id'": 259, '"updated_at'": '"2026-06-30T20:14:51.529Z'", '"updated_by'": 1, '"stock_status'": '"in_stock'"}",2026-06-30 15:14:51.529745-05,,
284,1,SOFT_DELETE,product_variants,3084,"{'"id'": 3084, '"sku'": '"LST33-E-33-34.5-24'", '"price'": '"114.00'", '"depth_in'": '"24.00'", '"width_in'": '"33.00'", '"finish_id'": 17, '"height_in'": '"34.50'", '"created_at'": '"2026-06-26T21:29:57.071Z'", '"created_by'": null, '"deleted_at'": null, '"product_id'": 259, '"updated_at'": '"2026-06-30T14:12:27.011Z'", '"updated_by'": null, '"stock_status'": '"in_stock'"}","{'"id'": 3084, '"sku'": '"LST33-E-33-34.5-24_deleted_1782850491'", '"price'": '"114.00'", '"depth_in'": '"24.00'", '"width_in'": '"33.00'", '"finish_id'": 17, '"height_in'": '"34.50'", '"created_at'": '"2026-06-26T21:29:57.071Z'", '"created_by'": null, '"deleted_at'": '"2026-06-30T20:14:51.529Z'", '"product_id'": 259, '"updated_at'": '"2026-06-30T20:14:51.529Z'", '"updated_by'": 1, '"stock_status'": '"in_stock'"}",2026-06-30 15:14:51.529745-05,,
285,1,SOFT_DELETE,product_variants,3085,"{'"id'": 3085, '"sku'": '"LST33-SM-33-34.5-24'", '"price'": '"118.00'", '"depth_in'": '"24.00'", '"width_in'": '"33.00'", '"finish_id'": 18, '"height_in'": '"34.50'", '"created_at'": '"2026-06-26T21:29:57.071Z'", '"created_by'": null, '"deleted_at'": null, '"product_id'": 259, '"updated_at'": '"2026-06-30T14:12:27.011Z'", '"updated_by'": null, '"stock_status'": '"in_stock'"}","{'"id'": 3085, '"sku'": '"LST33-SM-33-34.5-24_deleted_1782850491'", '"price'": '"118.00'", '"depth_in'": '"24.00'", '"width_in'": '"33.00'", '"finish_id'": 18, '"height_in'": '"34.50'", '"created_at'": '"2026-06-26T21:29:57.071Z'", '"created_by'": null, '"deleted_at'": '"2026-06-30T20:14:51.529Z'", '"product_id'": 259, '"updated_at'": '"2026-06-30T20:14:51.529Z'", '"updated_by'": 1, '"stock_status'": '"in_stock'"}",2026-06-30 15:14:51.529745-05,,
286,1,SOFT_DELETE,products,259,"{'"id'": 259, '"sku'": '"LST33'", '"name'": '"LST33'", '"image_url'": null, '"created_at'": '"2026-06-26T21:29:57.071Z'", '"created_by'": null, '"deleted_at'": null, '"updated_at'": '"2026-06-30T14:12:27.011Z'", '"updated_by'": null, '"description'": '"Lazy Susan 33\'" Wood Basket(w/Turntable)'", '"sub_category_id'": 9}","{'"id'": 259, '"sku'": '"LST33_deleted_1782850491'", '"name'": '"LST33'", '"image_url'": null, '"created_at'": '"2026-06-26T21:29:57.071Z'", '"created_by'": null, '"deleted_at'": '"2026-06-30T20:14:51.529Z'", '"updated_at'": '"2026-06-30T20:14:51.529Z'", '"updated_by'": 1, '"description'": '"Lazy Susan 33\'" Wood Basket(w/Turntable)'", '"sub_category_id'": 9}",2026-06-30 15:14:51.529745-05,,
459,1,UPDATE,users,2,,"{'"code'": '"CAB-8EVC-TX'", '"event'": '"promo_code_deactivated'", '"summary'": '"admin@cabinet.local deactivated coupon CAB-8EVC-TX for dealer ahmetsakallioglu54@gmail.com.'", '"is_active'": false, '"promo_code_id'": '"26c90f5e-4985-4718-9597-0ad187dc7e43'"}",2026-07-01 12:31:57.596226-05,,
505,1,UPDATE,products,7,,"{'"event'": '"product_image_added'", '"summary'": '"Admin admin@cabinet.local added a product image as cover (product #7).'", '"as_cover'": true, '"image_id'": 106, '"finish_id'": 20}",2026-07-02 16:53:49.88895-05,,
287,1,SOFT_DELETE,product_variants,3086,"{'"id'": 3086, '"sku'": '"LST36-WS-36-34.5-24'", '"price'": '"131.00'", '"depth_in'": '"24.00'", '"width_in'": '"36.00'", '"finish_id'": 1, '"height_in'": '"34.50'", '"created_at'": '"2026-06-26T21:29:57.071Z'", '"created_by'": null, '"deleted_at'": null, '"product_id'": 260, '"updated_at'": '"2026-06-30T14:12:27.011Z'", '"updated_by'": null, '"stock_status'": '"in_stock'"}","{'"id'": 3086, '"sku'": '"LST36-WS-36-34.5-24_deleted_1782850495'", '"price'": '"131.00'", '"depth_in'": '"24.00'", '"width_in'": '"36.00'", '"finish_id'": 1, '"height_in'": '"34.50'", '"created_at'": '"2026-06-26T21:29:57.071Z'", '"created_by'": null, '"deleted_at'": '"2026-06-30T20:14:55.834Z'", '"product_id'": 260, '"updated_at'": '"2026-06-30T20:14:55.834Z'", '"updated_by'": 1, '"stock_status'": '"in_stock'"}",2026-06-30 15:14:55.834298-05,,
288,1,SOFT_DELETE,product_variants,3089,"{'"id'": 3089, '"sku'": '"LST36-ES-36-34.5-24'", '"price'": '"113.00'", '"depth_in'": '"24.00'", '"width_in'": '"36.00'", '"finish_id'": 2, '"height_in'": '"34.50'", '"created_at'": '"2026-06-26T21:29:57.071Z'", '"created_by'": null, '"deleted_at'": null, '"product_id'": 260, '"updated_at'": '"2026-06-30T14:12:27.011Z'", '"updated_by'": null, '"stock_status'": '"in_stock'"}","{'"id'": 3089, '"sku'": '"LST36-ES-36-34.5-24_deleted_1782850495'", '"price'": '"113.00'", '"depth_in'": '"24.00'", '"width_in'": '"36.00'", '"finish_id'": 2, '"height_in'": '"34.50'", '"created_at'": '"2026-06-26T21:29:57.071Z'", '"created_by'": null, '"deleted_at'": '"2026-06-30T20:14:55.834Z'", '"product_id'": 260, '"updated_at'": '"2026-06-30T20:14:55.834Z'", '"updated_by'": 1, '"stock_status'": '"in_stock'"}",2026-06-30 15:14:55.834298-05,,
289,1,SOFT_DELETE,product_variants,3087,"{'"id'": 3087, '"sku'": '"LST36-AS-36-34.5-24'", '"price'": '"144.00'", '"depth_in'": '"24.00'", '"width_in'": '"36.00'", '"finish_id'": 3, '"height_in'": '"34.50'", '"created_at'": '"2026-06-26T21:29:57.071Z'", '"created_by'": null, '"deleted_at'": null, '"product_id'": 260, '"updated_at'": '"2026-06-30T14:12:27.011Z'", '"updated_by'": null, '"stock_status'": '"in_stock'"}","{'"id'": 3087, '"sku'": '"LST36-AS-36-34.5-24_deleted_1782850495'", '"price'": '"144.00'", '"depth_in'": '"24.00'", '"width_in'": '"36.00'", '"finish_id'": 3, '"height_in'": '"34.50'", '"created_at'": '"2026-06-26T21:29:57.071Z'", '"created_by'": null, '"deleted_at'": '"2026-06-30T20:14:55.834Z'", '"product_id'": 260, '"updated_at'": '"2026-06-30T20:14:55.834Z'", '"updated_by'": 1, '"stock_status'": '"in_stock'"}",2026-06-30 15:14:55.834298-05,,
290,1,SOFT_DELETE,product_variants,3088,"{'"id'": 3088, '"sku'": '"LST36-TS-36-34.5-24'", '"price'": '"150.00'", '"depth_in'": '"24.00'", '"width_in'": '"36.00'", '"finish_id'": 9, '"height_in'": '"34.50'", '"created_at'": '"2026-06-26T21:29:57.071Z'", '"created_by'": null, '"deleted_at'": null, '"product_id'": 260, '"updated_at'": '"2026-06-30T14:12:27.011Z'", '"updated_by'": null, '"stock_status'": '"in_stock'"}","{'"id'": 3088, '"sku'": '"LST36-TS-36-34.5-24_deleted_1782850495'", '"price'": '"150.00'", '"depth_in'": '"24.00'", '"width_in'": '"36.00'", '"finish_id'": 9, '"height_in'": '"34.50'", '"created_at'": '"2026-06-26T21:29:57.071Z'", '"created_by'": null, '"deleted_at'": '"2026-06-30T20:14:55.834Z'", '"product_id'": 260, '"updated_at'": '"2026-06-30T20:14:55.834Z'", '"updated_by'": 1, '"stock_status'": '"in_stock'"}",2026-06-30 15:14:55.834298-05,,
291,1,SOFT_DELETE,product_variants,3090,"{'"id'": 3090, '"sku'": '"LST36-SF-36-34.5-24'", '"price'": '"121.00'", '"depth_in'": '"24.00'", '"width_in'": '"36.00'", '"finish_id'": 10, '"height_in'": '"34.50'", '"created_at'": '"2026-06-26T21:29:57.071Z'", '"created_by'": null, '"deleted_at'": null, '"product_id'": 260, '"updated_at'": '"2026-06-30T14:12:27.011Z'", '"updated_by'": null, '"stock_status'": '"in_stock'"}","{'"id'": 3090, '"sku'": '"LST36-SF-36-34.5-24_deleted_1782850495'", '"price'": '"121.00'", '"depth_in'": '"24.00'", '"width_in'": '"36.00'", '"finish_id'": 10, '"height_in'": '"34.50'", '"created_at'": '"2026-06-26T21:29:57.071Z'", '"created_by'": null, '"deleted_at'": '"2026-06-30T20:14:55.834Z'", '"product_id'": 260, '"updated_at'": '"2026-06-30T20:14:55.834Z'", '"updated_by'": 1, '"stock_status'": '"in_stock'"}",2026-06-30 15:14:55.834298-05,,
292,1,SOFT_DELETE,product_variants,3091,"{'"id'": 3091, '"sku'": '"LST36-BS-36-34.5-24'", '"price'": '"128.00'", '"depth_in'": '"24.00'", '"width_in'": '"36.00'", '"finish_id'": 11, '"height_in'": '"34.50'", '"created_at'": '"2026-06-26T21:29:57.071Z'", '"created_by'": null, '"deleted_at'": null, '"product_id'": 260, '"updated_at'": '"2026-06-30T14:12:27.011Z'", '"updated_by'": null, '"stock_status'": '"in_stock'"}","{'"id'": 3091, '"sku'": '"LST36-BS-36-34.5-24_deleted_1782850495'", '"price'": '"128.00'", '"depth_in'": '"24.00'", '"width_in'": '"36.00'", '"finish_id'": 11, '"height_in'": '"34.50'", '"created_at'": '"2026-06-26T21:29:57.071Z'", '"created_by'": null, '"deleted_at'": '"2026-06-30T20:14:55.834Z'", '"product_id'": 260, '"updated_at'": '"2026-06-30T20:14:55.834Z'", '"updated_by'": 1, '"stock_status'": '"in_stock'"}",2026-06-30 15:14:55.834298-05,,
293,1,SOFT_DELETE,product_variants,3092,"{'"id'": 3092, '"sku'": '"LST36-CS-36-34.5-24'", '"price'": '"104.00'", '"depth_in'": '"24.00'", '"width_in'": '"36.00'", '"finish_id'": 13, '"height_in'": '"34.50'", '"created_at'": '"2026-06-26T21:29:57.071Z'", '"created_by'": null, '"deleted_at'": null, '"product_id'": 260, '"updated_at'": '"2026-06-30T14:12:27.011Z'", '"updated_by'": null, '"stock_status'": '"in_stock'"}","{'"id'": 3092, '"sku'": '"LST36-CS-36-34.5-24_deleted_1782850495'", '"price'": '"104.00'", '"depth_in'": '"24.00'", '"width_in'": '"36.00'", '"finish_id'": 13, '"height_in'": '"34.50'", '"created_at'": '"2026-06-26T21:29:57.071Z'", '"created_by'": null, '"deleted_at'": '"2026-06-30T20:14:55.834Z'", '"product_id'": 260, '"updated_at'": '"2026-06-30T20:14:55.834Z'", '"updated_by'": 1, '"stock_status'": '"in_stock'"}",2026-06-30 15:14:55.834298-05,,
294,1,SOFT_DELETE,product_variants,3093,"{'"id'": 3093, '"sku'": '"LST36-DGS-36-34.5-24'", '"price'": '"116.00'", '"depth_in'": '"24.00'", '"width_in'": '"36.00'", '"finish_id'": 14, '"height_in'": '"34.50'", '"created_at'": '"2026-06-26T21:29:57.071Z'", '"created_by'": null, '"deleted_at'": null, '"product_id'": 260, '"updated_at'": '"2026-06-30T14:12:27.011Z'", '"updated_by'": null, '"stock_status'": '"in_stock'"}","{'"id'": 3093, '"sku'": '"LST36-DGS-36-34.5-24_deleted_1782850495'", '"price'": '"116.00'", '"depth_in'": '"24.00'", '"width_in'": '"36.00'", '"finish_id'": 14, '"height_in'": '"34.50'", '"created_at'": '"2026-06-26T21:29:57.071Z'", '"created_by'": null, '"deleted_at'": '"2026-06-30T20:14:55.834Z'", '"product_id'": 260, '"updated_at'": '"2026-06-30T20:14:55.834Z'", '"updated_by'": 1, '"stock_status'": '"in_stock'"}",2026-06-30 15:14:55.834298-05,,
295,1,SOFT_DELETE,product_variants,3094,"{'"id'": 3094, '"sku'": '"LST36-FGS-36-34.5-24'", '"price'": '"112.00'", '"depth_in'": '"24.00'", '"width_in'": '"36.00'", '"finish_id'": 15, '"height_in'": '"34.50'", '"created_at'": '"2026-06-26T21:29:57.071Z'", '"created_by'": null, '"deleted_at'": null, '"product_id'": 260, '"updated_at'": '"2026-06-30T14:12:27.011Z'", '"updated_by'": null, '"stock_status'": '"in_stock'"}","{'"id'": 3094, '"sku'": '"LST36-FGS-36-34.5-24_deleted_1782850495'", '"price'": '"112.00'", '"depth_in'": '"24.00'", '"width_in'": '"36.00'", '"finish_id'": 15, '"height_in'": '"34.50'", '"created_at'": '"2026-06-26T21:29:57.071Z'", '"created_by'": null, '"deleted_at'": '"2026-06-30T20:14:55.834Z'", '"product_id'": 260, '"updated_at'": '"2026-06-30T20:14:55.834Z'", '"updated_by'": 1, '"stock_status'": '"in_stock'"}",2026-06-30 15:14:55.834298-05,,
460,2,UPDATE,users,2,,"{'"code'": '"CAB-ZWGD-H8'", '"event'": '"promo_code_applied'", '"summary'": '"Dealer ahmetsakallioglu54@gmail.com applied promo code CAB-ZWGD-H8 (17.44 off cart).'", '"subtotal'": 348.72, '"promo_discount'": 17.44}",2026-07-01 12:32:25.262534-05,,
296,1,SOFT_DELETE,product_variants,3095,"{'"id'": 3095, '"sku'": '"LST36-LG-36-34.5-24'", '"price'": '"110.00'", '"depth_in'": '"24.00'", '"width_in'": '"36.00'", '"finish_id'": 16, '"height_in'": '"34.50'", '"created_at'": '"2026-06-26T21:29:57.071Z'", '"created_by'": null, '"deleted_at'": null, '"product_id'": 260, '"updated_at'": '"2026-06-30T14:12:27.011Z'", '"updated_by'": null, '"stock_status'": '"in_stock'"}","{'"id'": 3095, '"sku'": '"LST36-LG-36-34.5-24_deleted_1782850495'", '"price'": '"110.00'", '"depth_in'": '"24.00'", '"width_in'": '"36.00'", '"finish_id'": 16, '"height_in'": '"34.50'", '"created_at'": '"2026-06-26T21:29:57.071Z'", '"created_by'": null, '"deleted_at'": '"2026-06-30T20:14:55.834Z'", '"product_id'": 260, '"updated_at'": '"2026-06-30T20:14:55.834Z'", '"updated_by'": 1, '"stock_status'": '"in_stock'"}",2026-06-30 15:14:55.834298-05,,
297,1,SOFT_DELETE,product_variants,3096,"{'"id'": 3096, '"sku'": '"LST36-E-36-34.5-24'", '"price'": '"105.00'", '"depth_in'": '"24.00'", '"width_in'": '"36.00'", '"finish_id'": 17, '"height_in'": '"34.50'", '"created_at'": '"2026-06-26T21:29:57.071Z'", '"created_by'": null, '"deleted_at'": null, '"product_id'": 260, '"updated_at'": '"2026-06-30T14:12:27.011Z'", '"updated_by'": null, '"stock_status'": '"in_stock'"}","{'"id'": 3096, '"sku'": '"LST36-E-36-34.5-24_deleted_1782850495'", '"price'": '"105.00'", '"depth_in'": '"24.00'", '"width_in'": '"36.00'", '"finish_id'": 17, '"height_in'": '"34.50'", '"created_at'": '"2026-06-26T21:29:57.071Z'", '"created_by'": null, '"deleted_at'": '"2026-06-30T20:14:55.834Z'", '"product_id'": 260, '"updated_at'": '"2026-06-30T20:14:55.834Z'", '"updated_by'": 1, '"stock_status'": '"in_stock'"}",2026-06-30 15:14:55.834298-05,,
298,1,SOFT_DELETE,product_variants,3097,"{'"id'": 3097, '"sku'": '"LST36-SM-36-34.5-24'", '"price'": '"128.00'", '"depth_in'": '"24.00'", '"width_in'": '"36.00'", '"finish_id'": 18, '"height_in'": '"34.50'", '"created_at'": '"2026-06-26T21:29:57.071Z'", '"created_by'": null, '"deleted_at'": null, '"product_id'": 260, '"updated_at'": '"2026-06-30T14:12:27.011Z'", '"updated_by'": null, '"stock_status'": '"in_stock'"}","{'"id'": 3097, '"sku'": '"LST36-SM-36-34.5-24_deleted_1782850495'", '"price'": '"128.00'", '"depth_in'": '"24.00'", '"width_in'": '"36.00'", '"finish_id'": 18, '"height_in'": '"34.50'", '"created_at'": '"2026-06-26T21:29:57.071Z'", '"created_by'": null, '"deleted_at'": '"2026-06-30T20:14:55.834Z'", '"product_id'": 260, '"updated_at'": '"2026-06-30T20:14:55.834Z'", '"updated_by'": 1, '"stock_status'": '"in_stock'"}",2026-06-30 15:14:55.834298-05,,
299,1,SOFT_DELETE,products,260,"{'"id'": 260, '"sku'": '"LST36'", '"name'": '"LST36'", '"image_url'": null, '"created_at'": '"2026-06-26T21:29:57.071Z'", '"created_by'": null, '"deleted_at'": null, '"updated_at'": '"2026-06-30T14:12:27.011Z'", '"updated_by'": null, '"description'": '"Lazy Susan 36\'" Wood Basket(w/Turntable)'", '"sub_category_id'": 9}","{'"id'": 260, '"sku'": '"LST36_deleted_1782850495'", '"name'": '"LST36'", '"image_url'": null, '"created_at'": '"2026-06-26T21:29:57.071Z'", '"created_by'": null, '"deleted_at'": '"2026-06-30T20:14:55.834Z'", '"updated_at'": '"2026-06-30T20:14:55.834Z'", '"updated_by'": 1, '"description'": '"Lazy Susan 36\'" Wood Basket(w/Turntable)'", '"sub_category_id'": 9}",2026-06-30 15:14:55.834298-05,,
300,1,SOFT_DELETE,product_variants,2318,"{'"id'": 2318, '"sku'": '"RHA3030-WS-30-30-22'", '"price'": '"435.00'", '"depth_in'": '"22.00'", '"width_in'": '"30.00'", '"finish_id'": 1, '"height_in'": '"30.00'", '"created_at'": '"2026-06-26T20:14:28.016Z'", '"created_by'": null, '"deleted_at'": null, '"product_id'": 197, '"updated_at'": '"2026-06-30T14:12:27.011Z'", '"updated_by'": null, '"stock_status'": '"in_stock'"}","{'"id'": 2318, '"sku'": '"RHA3030-WS-30-30-22_deleted_1782850501'", '"price'": '"435.00'", '"depth_in'": '"22.00'", '"width_in'": '"30.00'", '"finish_id'": 1, '"height_in'": '"30.00'", '"created_at'": '"2026-06-26T20:14:28.016Z'", '"created_by'": null, '"deleted_at'": '"2026-06-30T20:15:01.127Z'", '"product_id'": 197, '"updated_at'": '"2026-06-30T20:15:01.127Z'", '"updated_by'": 1, '"stock_status'": '"in_stock'"}",2026-06-30 15:15:01.127803-05,,
301,1,SOFT_DELETE,product_variants,2321,"{'"id'": 2321, '"sku'": '"RHA3030-ES-30-30-22'", '"price'": '"953.00'", '"depth_in'": '"22.00'", '"width_in'": '"30.00'", '"finish_id'": 2, '"height_in'": '"30.00'", '"created_at'": '"2026-06-26T20:14:28.016Z'", '"created_by'": null, '"deleted_at'": null, '"product_id'": 197, '"updated_at'": '"2026-06-30T14:12:27.011Z'", '"updated_by'": null, '"stock_status'": '"in_stock'"}","{'"id'": 2321, '"sku'": '"RHA3030-ES-30-30-22_deleted_1782850501'", '"price'": '"953.00'", '"depth_in'": '"22.00'", '"width_in'": '"30.00'", '"finish_id'": 2, '"height_in'": '"30.00'", '"created_at'": '"2026-06-26T20:14:28.016Z'", '"created_by'": null, '"deleted_at'": '"2026-06-30T20:15:01.127Z'", '"product_id'": 197, '"updated_at'": '"2026-06-30T20:15:01.127Z'", '"updated_by'": 1, '"stock_status'": '"in_stock'"}",2026-06-30 15:15:01.127803-05,,
302,1,SOFT_DELETE,product_variants,2319,"{'"id'": 2319, '"sku'": '"RHA3030-AS-30-30-22'", '"price'": '"435.00'", '"depth_in'": '"22.00'", '"width_in'": '"30.00'", '"finish_id'": 3, '"height_in'": '"30.00'", '"created_at'": '"2026-06-26T20:14:28.016Z'", '"created_by'": null, '"deleted_at'": null, '"product_id'": 197, '"updated_at'": '"2026-06-30T14:12:27.011Z'", '"updated_by'": null, '"stock_status'": '"in_stock'"}","{'"id'": 2319, '"sku'": '"RHA3030-AS-30-30-22_deleted_1782850501'", '"price'": '"435.00'", '"depth_in'": '"22.00'", '"width_in'": '"30.00'", '"finish_id'": 3, '"height_in'": '"30.00'", '"created_at'": '"2026-06-26T20:14:28.016Z'", '"created_by'": null, '"deleted_at'": '"2026-06-30T20:15:01.127Z'", '"product_id'": 197, '"updated_at'": '"2026-06-30T20:15:01.127Z'", '"updated_by'": 1, '"stock_status'": '"in_stock'"}",2026-06-30 15:15:01.127803-05,,
303,1,SOFT_DELETE,product_variants,2320,"{'"id'": 2320, '"sku'": '"RHA3030-TS-30-30-22'", '"price'": '"435.00'", '"depth_in'": '"22.00'", '"width_in'": '"30.00'", '"finish_id'": 9, '"height_in'": '"30.00'", '"created_at'": '"2026-06-26T20:14:28.016Z'", '"created_by'": null, '"deleted_at'": null, '"product_id'": 197, '"updated_at'": '"2026-06-30T14:12:27.011Z'", '"updated_by'": null, '"stock_status'": '"in_stock'"}","{'"id'": 2320, '"sku'": '"RHA3030-TS-30-30-22_deleted_1782850501'", '"price'": '"435.00'", '"depth_in'": '"22.00'", '"width_in'": '"30.00'", '"finish_id'": 9, '"height_in'": '"30.00'", '"created_at'": '"2026-06-26T20:14:28.016Z'", '"created_by'": null, '"deleted_at'": '"2026-06-30T20:15:01.127Z'", '"product_id'": 197, '"updated_at'": '"2026-06-30T20:15:01.127Z'", '"updated_by'": 1, '"stock_status'": '"in_stock'"}",2026-06-30 15:15:01.127803-05,,
304,1,SOFT_DELETE,product_variants,2322,"{'"id'": 2322, '"sku'": '"RHA3030-SF-30-30-22'", '"price'": '"923.00'", '"depth_in'": '"22.00'", '"width_in'": '"30.00'", '"finish_id'": 10, '"height_in'": '"30.00'", '"created_at'": '"2026-06-26T20:14:28.016Z'", '"created_by'": null, '"deleted_at'": null, '"product_id'": 197, '"updated_at'": '"2026-06-30T14:12:27.011Z'", '"updated_by'": null, '"stock_status'": '"in_stock'"}","{'"id'": 2322, '"sku'": '"RHA3030-SF-30-30-22_deleted_1782850501'", '"price'": '"923.00'", '"depth_in'": '"22.00'", '"width_in'": '"30.00'", '"finish_id'": 10, '"height_in'": '"30.00'", '"created_at'": '"2026-06-26T20:14:28.016Z'", '"created_by'": null, '"deleted_at'": '"2026-06-30T20:15:01.127Z'", '"product_id'": 197, '"updated_at'": '"2026-06-30T20:15:01.127Z'", '"updated_by'": 1, '"stock_status'": '"in_stock'"}",2026-06-30 15:15:01.127803-05,,
462,1,UPDATE,email_templates,2,,"{'"event'": '"automation_step_updated'", '"summary'": '"admin@cabinet.local updated abandoned cart automation step 2.'", '"is_active'": false, '"step_number'": 2}",2026-07-01 12:35:55.311908-05,,
463,1,UPDATE,email_templates,3,,"{'"event'": '"automation_step_updated'", '"summary'": '"admin@cabinet.local updated abandoned cart automation step 3.'", '"is_active'": false, '"step_number'": 3}",2026-07-01 12:35:55.993164-05,,
305,1,SOFT_DELETE,product_variants,2323,"{'"id'": 2323, '"sku'": '"RHA3030-BS-30-30-22'", '"price'": '"823.00'", '"depth_in'": '"22.00'", '"width_in'": '"30.00'", '"finish_id'": 11, '"height_in'": '"30.00'", '"created_at'": '"2026-06-26T20:14:28.016Z'", '"created_by'": null, '"deleted_at'": null, '"product_id'": 197, '"updated_at'": '"2026-06-30T14:12:27.011Z'", '"updated_by'": null, '"stock_status'": '"in_stock'"}","{'"id'": 2323, '"sku'": '"RHA3030-BS-30-30-22_deleted_1782850501'", '"price'": '"823.00'", '"depth_in'": '"22.00'", '"width_in'": '"30.00'", '"finish_id'": 11, '"height_in'": '"30.00'", '"created_at'": '"2026-06-26T20:14:28.016Z'", '"created_by'": null, '"deleted_at'": '"2026-06-30T20:15:01.127Z'", '"product_id'": 197, '"updated_at'": '"2026-06-30T20:15:01.127Z'", '"updated_by'": 1, '"stock_status'": '"in_stock'"}",2026-06-30 15:15:01.127803-05,,
306,1,SOFT_DELETE,product_variants,2324,"{'"id'": 2324, '"sku'": '"RHA3030-CS-30-30-22'", '"price'": '"723.00'", '"depth_in'": '"22.00'", '"width_in'": '"30.00'", '"finish_id'": 13, '"height_in'": '"30.00'", '"created_at'": '"2026-06-26T20:14:28.016Z'", '"created_by'": null, '"deleted_at'": null, '"product_id'": 197, '"updated_at'": '"2026-06-30T14:12:27.011Z'", '"updated_by'": null, '"stock_status'": '"in_stock'"}","{'"id'": 2324, '"sku'": '"RHA3030-CS-30-30-22_deleted_1782850501'", '"price'": '"723.00'", '"depth_in'": '"22.00'", '"width_in'": '"30.00'", '"finish_id'": 13, '"height_in'": '"30.00'", '"created_at'": '"2026-06-26T20:14:28.016Z'", '"created_by'": null, '"deleted_at'": '"2026-06-30T20:15:01.127Z'", '"product_id'": 197, '"updated_at'": '"2026-06-30T20:15:01.127Z'", '"updated_by'": 1, '"stock_status'": '"in_stock'"}",2026-06-30 15:15:01.127803-05,,
307,1,SOFT_DELETE,product_variants,2325,"{'"id'": 2325, '"sku'": '"RHA3030-DGS-30-30-22'", '"price'": '"853.00'", '"depth_in'": '"22.00'", '"width_in'": '"30.00'", '"finish_id'": 14, '"height_in'": '"30.00'", '"created_at'": '"2026-06-26T20:14:28.016Z'", '"created_by'": null, '"deleted_at'": null, '"product_id'": 197, '"updated_at'": '"2026-06-30T14:12:27.011Z'", '"updated_by'": null, '"stock_status'": '"in_stock'"}","{'"id'": 2325, '"sku'": '"RHA3030-DGS-30-30-22_deleted_1782850501'", '"price'": '"853.00'", '"depth_in'": '"22.00'", '"width_in'": '"30.00'", '"finish_id'": 14, '"height_in'": '"30.00'", '"created_at'": '"2026-06-26T20:14:28.016Z'", '"created_by'": null, '"deleted_at'": '"2026-06-30T20:15:01.127Z'", '"product_id'": 197, '"updated_at'": '"2026-06-30T20:15:01.127Z'", '"updated_by'": 1, '"stock_status'": '"in_stock'"}",2026-06-30 15:15:01.127803-05,,
308,1,SOFT_DELETE,product_variants,2326,"{'"id'": 2326, '"sku'": '"RHA3030-FGS-30-30-22'", '"price'": '"623.00'", '"depth_in'": '"22.00'", '"width_in'": '"30.00'", '"finish_id'": 15, '"height_in'": '"30.00'", '"created_at'": '"2026-06-26T20:14:28.016Z'", '"created_by'": null, '"deleted_at'": null, '"product_id'": 197, '"updated_at'": '"2026-06-30T14:12:27.011Z'", '"updated_by'": null, '"stock_status'": '"in_stock'"}","{'"id'": 2326, '"sku'": '"RHA3030-FGS-30-30-22_deleted_1782850501'", '"price'": '"623.00'", '"depth_in'": '"22.00'", '"width_in'": '"30.00'", '"finish_id'": 15, '"height_in'": '"30.00'", '"created_at'": '"2026-06-26T20:14:28.016Z'", '"created_by'": null, '"deleted_at'": '"2026-06-30T20:15:01.127Z'", '"product_id'": 197, '"updated_at'": '"2026-06-30T20:15:01.127Z'", '"updated_by'": 1, '"stock_status'": '"in_stock'"}",2026-06-30 15:15:01.127803-05,,
309,1,SOFT_DELETE,product_variants,2327,"{'"id'": 2327, '"sku'": '"RHA3030-LG-30-30-22'", '"price'": '"345.00'", '"depth_in'": '"22.00'", '"width_in'": '"30.00'", '"finish_id'": 16, '"height_in'": '"30.00'", '"created_at'": '"2026-06-26T20:14:28.016Z'", '"created_by'": null, '"deleted_at'": null, '"product_id'": 197, '"updated_at'": '"2026-06-30T14:12:27.011Z'", '"updated_by'": null, '"stock_status'": '"in_stock'"}","{'"id'": 2327, '"sku'": '"RHA3030-LG-30-30-22_deleted_1782850501'", '"price'": '"345.00'", '"depth_in'": '"22.00'", '"width_in'": '"30.00'", '"finish_id'": 16, '"height_in'": '"30.00'", '"created_at'": '"2026-06-26T20:14:28.016Z'", '"created_by'": null, '"deleted_at'": '"2026-06-30T20:15:01.127Z'", '"product_id'": 197, '"updated_at'": '"2026-06-30T20:15:01.127Z'", '"updated_by'": 1, '"stock_status'": '"in_stock'"}",2026-06-30 15:15:01.127803-05,,
310,1,SOFT_DELETE,product_variants,2328,"{'"id'": 2328, '"sku'": '"RHA3030-E-30-30-22'", '"price'": '"343.00'", '"depth_in'": '"22.00'", '"width_in'": '"30.00'", '"finish_id'": 17, '"height_in'": '"30.00'", '"created_at'": '"2026-06-26T20:14:28.016Z'", '"created_by'": null, '"deleted_at'": null, '"product_id'": 197, '"updated_at'": '"2026-06-30T14:12:27.011Z'", '"updated_by'": null, '"stock_status'": '"in_stock'"}","{'"id'": 2328, '"sku'": '"RHA3030-E-30-30-22_deleted_1782850501'", '"price'": '"343.00'", '"depth_in'": '"22.00'", '"width_in'": '"30.00'", '"finish_id'": 17, '"height_in'": '"30.00'", '"created_at'": '"2026-06-26T20:14:28.016Z'", '"created_by'": null, '"deleted_at'": '"2026-06-30T20:15:01.127Z'", '"product_id'": 197, '"updated_at'": '"2026-06-30T20:15:01.127Z'", '"updated_by'": 1, '"stock_status'": '"in_stock'"}",2026-06-30 15:15:01.127803-05,,
311,1,SOFT_DELETE,product_variants,2329,"{'"id'": 2329, '"sku'": '"RHA3030-SM-30-30-22'", '"price'": '"435.00'", '"depth_in'": '"22.00'", '"width_in'": '"30.00'", '"finish_id'": 18, '"height_in'": '"30.00'", '"created_at'": '"2026-06-26T20:14:28.016Z'", '"created_by'": null, '"deleted_at'": null, '"product_id'": 197, '"updated_at'": '"2026-06-30T14:12:27.011Z'", '"updated_by'": null, '"stock_status'": '"in_stock'"}","{'"id'": 2329, '"sku'": '"RHA3030-SM-30-30-22_deleted_1782850501'", '"price'": '"435.00'", '"depth_in'": '"22.00'", '"width_in'": '"30.00'", '"finish_id'": 18, '"height_in'": '"30.00'", '"created_at'": '"2026-06-26T20:14:28.016Z'", '"created_by'": null, '"deleted_at'": '"2026-06-30T20:15:01.127Z'", '"product_id'": 197, '"updated_at'": '"2026-06-30T20:15:01.127Z'", '"updated_by'": 1, '"stock_status'": '"in_stock'"}",2026-06-30 15:15:01.127803-05,,
312,1,SOFT_DELETE,products,197,"{'"id'": 197, '"sku'": '"RHA3030'", '"name'": '"RHA3030'", '"image_url'": null, '"created_at'": '"2026-06-26T20:14:28.016Z'", '"created_by'": null, '"deleted_at'": null, '"updated_at'": '"2026-06-30T14:12:27.011Z'", '"updated_by'": null, '"description'": '"Wall Wood Range Hood'", '"sub_category_id'": 39}","{'"id'": 197, '"sku'": '"RHA3030_deleted_1782850501'", '"name'": '"RHA3030'", '"image_url'": null, '"created_at'": '"2026-06-26T20:14:28.016Z'", '"created_by'": null, '"deleted_at'": '"2026-06-30T20:15:01.127Z'", '"updated_at'": '"2026-06-30T20:15:01.127Z'", '"updated_by'": 1, '"description'": '"Wall Wood Range Hood'", '"sub_category_id'": 39}",2026-06-30 15:15:01.127803-05,,
313,1,SOFT_DELETE,product_variants,3158,"{'"id'": 3158, '"sku'": '"RHA3630-WS-36-30-22'", '"price'": '"435.00'", '"depth_in'": '"22.00'", '"width_in'": '"36.00'", '"finish_id'": 1, '"height_in'": '"30.00'", '"created_at'": '"2026-06-26T21:29:57.071Z'", '"created_by'": null, '"deleted_at'": null, '"product_id'": 266, '"updated_at'": '"2026-06-30T14:12:27.011Z'", '"updated_by'": null, '"stock_status'": '"in_stock'"}","{'"id'": 3158, '"sku'": '"RHA3630-WS-36-30-22_deleted_1782850504'", '"price'": '"435.00'", '"depth_in'": '"22.00'", '"width_in'": '"36.00'", '"finish_id'": 1, '"height_in'": '"30.00'", '"created_at'": '"2026-06-26T21:29:57.071Z'", '"created_by'": null, '"deleted_at'": '"2026-06-30T20:15:04.896Z'", '"product_id'": 266, '"updated_at'": '"2026-06-30T20:15:04.896Z'", '"updated_by'": 1, '"stock_status'": '"in_stock'"}",2026-06-30 15:15:04.896339-05,,
464,1,UPDATE,email_templates,1,,"{'"event'": '"email_template_updated'", '"summary'": '"admin@cabinet.local updated email template \'"Template 1 - Initial Reminder\'".'", '"is_active'": true, '"template_name'": '"Template 1 - Initial Reminder'"}",2026-07-01 12:36:26.013614-05,,
466,1,CREATE,users,2,,"{'"event'": '"dealer_email_sent'", '"summary'": '"admin@cabinet.local sent \'"Template 1 - Initial Reminder\'" to ahmetsakallioglu54@gmail.com.'", '"send_type'": '"manual'", '"template_id'": 1, '"template_name'": '"Template 1 - Initial Reminder'", '"recipient_email'": '"ahmetsakallioglu54@gmail.com'"}",2026-07-01 12:36:37.264666-05,,
314,1,SOFT_DELETE,product_variants,3161,"{'"id'": 3161, '"sku'": '"RHA3630-ES-36-30-22'", '"price'": '"953.00'", '"depth_in'": '"22.00'", '"width_in'": '"36.00'", '"finish_id'": 2, '"height_in'": '"30.00'", '"created_at'": '"2026-06-26T21:29:57.071Z'", '"created_by'": null, '"deleted_at'": null, '"product_id'": 266, '"updated_at'": '"2026-06-30T14:12:27.011Z'", '"updated_by'": null, '"stock_status'": '"in_stock'"}","{'"id'": 3161, '"sku'": '"RHA3630-ES-36-30-22_deleted_1782850504'", '"price'": '"953.00'", '"depth_in'": '"22.00'", '"width_in'": '"36.00'", '"finish_id'": 2, '"height_in'": '"30.00'", '"created_at'": '"2026-06-26T21:29:57.071Z'", '"created_by'": null, '"deleted_at'": '"2026-06-30T20:15:04.896Z'", '"product_id'": 266, '"updated_at'": '"2026-06-30T20:15:04.896Z'", '"updated_by'": 1, '"stock_status'": '"in_stock'"}",2026-06-30 15:15:04.896339-05,,
315,1,SOFT_DELETE,product_variants,3159,"{'"id'": 3159, '"sku'": '"RHA3630-AS-36-30-22'", '"price'": '"435.00'", '"depth_in'": '"22.00'", '"width_in'": '"36.00'", '"finish_id'": 3, '"height_in'": '"30.00'", '"created_at'": '"2026-06-26T21:29:57.071Z'", '"created_by'": null, '"deleted_at'": null, '"product_id'": 266, '"updated_at'": '"2026-06-30T14:12:27.011Z'", '"updated_by'": null, '"stock_status'": '"in_stock'"}","{'"id'": 3159, '"sku'": '"RHA3630-AS-36-30-22_deleted_1782850504'", '"price'": '"435.00'", '"depth_in'": '"22.00'", '"width_in'": '"36.00'", '"finish_id'": 3, '"height_in'": '"30.00'", '"created_at'": '"2026-06-26T21:29:57.071Z'", '"created_by'": null, '"deleted_at'": '"2026-06-30T20:15:04.896Z'", '"product_id'": 266, '"updated_at'": '"2026-06-30T20:15:04.896Z'", '"updated_by'": 1, '"stock_status'": '"in_stock'"}",2026-06-30 15:15:04.896339-05,,
316,1,SOFT_DELETE,product_variants,3160,"{'"id'": 3160, '"sku'": '"RHA3630-TS-36-30-22'", '"price'": '"435.00'", '"depth_in'": '"22.00'", '"width_in'": '"36.00'", '"finish_id'": 9, '"height_in'": '"30.00'", '"created_at'": '"2026-06-26T21:29:57.071Z'", '"created_by'": null, '"deleted_at'": null, '"product_id'": 266, '"updated_at'": '"2026-06-30T14:12:27.011Z'", '"updated_by'": null, '"stock_status'": '"in_stock'"}","{'"id'": 3160, '"sku'": '"RHA3630-TS-36-30-22_deleted_1782850504'", '"price'": '"435.00'", '"depth_in'": '"22.00'", '"width_in'": '"36.00'", '"finish_id'": 9, '"height_in'": '"30.00'", '"created_at'": '"2026-06-26T21:29:57.071Z'", '"created_by'": null, '"deleted_at'": '"2026-06-30T20:15:04.896Z'", '"product_id'": 266, '"updated_at'": '"2026-06-30T20:15:04.896Z'", '"updated_by'": 1, '"stock_status'": '"in_stock'"}",2026-06-30 15:15:04.896339-05,,
317,1,SOFT_DELETE,product_variants,3162,"{'"id'": 3162, '"sku'": '"RHA3630-SF-36-30-22'", '"price'": '"923.00'", '"depth_in'": '"22.00'", '"width_in'": '"36.00'", '"finish_id'": 10, '"height_in'": '"30.00'", '"created_at'": '"2026-06-26T21:29:57.071Z'", '"created_by'": null, '"deleted_at'": null, '"product_id'": 266, '"updated_at'": '"2026-06-30T14:12:27.011Z'", '"updated_by'": null, '"stock_status'": '"in_stock'"}","{'"id'": 3162, '"sku'": '"RHA3630-SF-36-30-22_deleted_1782850504'", '"price'": '"923.00'", '"depth_in'": '"22.00'", '"width_in'": '"36.00'", '"finish_id'": 10, '"height_in'": '"30.00'", '"created_at'": '"2026-06-26T21:29:57.071Z'", '"created_by'": null, '"deleted_at'": '"2026-06-30T20:15:04.896Z'", '"product_id'": 266, '"updated_at'": '"2026-06-30T20:15:04.896Z'", '"updated_by'": 1, '"stock_status'": '"in_stock'"}",2026-06-30 15:15:04.896339-05,,
318,1,SOFT_DELETE,product_variants,3163,"{'"id'": 3163, '"sku'": '"RHA3630-BS-36-30-22'", '"price'": '"823.00'", '"depth_in'": '"22.00'", '"width_in'": '"36.00'", '"finish_id'": 11, '"height_in'": '"30.00'", '"created_at'": '"2026-06-26T21:29:57.071Z'", '"created_by'": null, '"deleted_at'": null, '"product_id'": 266, '"updated_at'": '"2026-06-30T14:12:27.011Z'", '"updated_by'": null, '"stock_status'": '"in_stock'"}","{'"id'": 3163, '"sku'": '"RHA3630-BS-36-30-22_deleted_1782850504'", '"price'": '"823.00'", '"depth_in'": '"22.00'", '"width_in'": '"36.00'", '"finish_id'": 11, '"height_in'": '"30.00'", '"created_at'": '"2026-06-26T21:29:57.071Z'", '"created_by'": null, '"deleted_at'": '"2026-06-30T20:15:04.896Z'", '"product_id'": 266, '"updated_at'": '"2026-06-30T20:15:04.896Z'", '"updated_by'": 1, '"stock_status'": '"in_stock'"}",2026-06-30 15:15:04.896339-05,,
319,1,SOFT_DELETE,product_variants,3164,"{'"id'": 3164, '"sku'": '"RHA3630-CS-36-30-22'", '"price'": '"723.00'", '"depth_in'": '"22.00'", '"width_in'": '"36.00'", '"finish_id'": 13, '"height_in'": '"30.00'", '"created_at'": '"2026-06-26T21:29:57.071Z'", '"created_by'": null, '"deleted_at'": null, '"product_id'": 266, '"updated_at'": '"2026-06-30T14:12:27.011Z'", '"updated_by'": null, '"stock_status'": '"in_stock'"}","{'"id'": 3164, '"sku'": '"RHA3630-CS-36-30-22_deleted_1782850504'", '"price'": '"723.00'", '"depth_in'": '"22.00'", '"width_in'": '"36.00'", '"finish_id'": 13, '"height_in'": '"30.00'", '"created_at'": '"2026-06-26T21:29:57.071Z'", '"created_by'": null, '"deleted_at'": '"2026-06-30T20:15:04.896Z'", '"product_id'": 266, '"updated_at'": '"2026-06-30T20:15:04.896Z'", '"updated_by'": 1, '"stock_status'": '"in_stock'"}",2026-06-30 15:15:04.896339-05,,
320,1,SOFT_DELETE,product_variants,3165,"{'"id'": 3165, '"sku'": '"RHA3630-DGS-36-30-22'", '"price'": '"853.00'", '"depth_in'": '"22.00'", '"width_in'": '"36.00'", '"finish_id'": 14, '"height_in'": '"30.00'", '"created_at'": '"2026-06-26T21:29:57.071Z'", '"created_by'": null, '"deleted_at'": null, '"product_id'": 266, '"updated_at'": '"2026-06-30T14:12:27.011Z'", '"updated_by'": null, '"stock_status'": '"in_stock'"}","{'"id'": 3165, '"sku'": '"RHA3630-DGS-36-30-22_deleted_1782850504'", '"price'": '"853.00'", '"depth_in'": '"22.00'", '"width_in'": '"36.00'", '"finish_id'": 14, '"height_in'": '"30.00'", '"created_at'": '"2026-06-26T21:29:57.071Z'", '"created_by'": null, '"deleted_at'": '"2026-06-30T20:15:04.896Z'", '"product_id'": 266, '"updated_at'": '"2026-06-30T20:15:04.896Z'", '"updated_by'": 1, '"stock_status'": '"in_stock'"}",2026-06-30 15:15:04.896339-05,,
321,1,SOFT_DELETE,product_variants,3166,"{'"id'": 3166, '"sku'": '"RHA3630-FGS-36-30-22'", '"price'": '"623.00'", '"depth_in'": '"22.00'", '"width_in'": '"36.00'", '"finish_id'": 15, '"height_in'": '"30.00'", '"created_at'": '"2026-06-26T21:29:57.071Z'", '"created_by'": null, '"deleted_at'": null, '"product_id'": 266, '"updated_at'": '"2026-06-30T14:12:27.011Z'", '"updated_by'": null, '"stock_status'": '"in_stock'"}","{'"id'": 3166, '"sku'": '"RHA3630-FGS-36-30-22_deleted_1782850504'", '"price'": '"623.00'", '"depth_in'": '"22.00'", '"width_in'": '"36.00'", '"finish_id'": 15, '"height_in'": '"30.00'", '"created_at'": '"2026-06-26T21:29:57.071Z'", '"created_by'": null, '"deleted_at'": '"2026-06-30T20:15:04.896Z'", '"product_id'": 266, '"updated_at'": '"2026-06-30T20:15:04.896Z'", '"updated_by'": 1, '"stock_status'": '"in_stock'"}",2026-06-30 15:15:04.896339-05,,
322,1,SOFT_DELETE,product_variants,3167,"{'"id'": 3167, '"sku'": '"RHA3630-LG-36-30-22'", '"price'": '"345.00'", '"depth_in'": '"22.00'", '"width_in'": '"36.00'", '"finish_id'": 16, '"height_in'": '"30.00'", '"created_at'": '"2026-06-26T21:29:57.071Z'", '"created_by'": null, '"deleted_at'": null, '"product_id'": 266, '"updated_at'": '"2026-06-30T14:12:27.011Z'", '"updated_by'": null, '"stock_status'": '"in_stock'"}","{'"id'": 3167, '"sku'": '"RHA3630-LG-36-30-22_deleted_1782850504'", '"price'": '"345.00'", '"depth_in'": '"22.00'", '"width_in'": '"36.00'", '"finish_id'": 16, '"height_in'": '"30.00'", '"created_at'": '"2026-06-26T21:29:57.071Z'", '"created_by'": null, '"deleted_at'": '"2026-06-30T20:15:04.896Z'", '"product_id'": 266, '"updated_at'": '"2026-06-30T20:15:04.896Z'", '"updated_by'": 1, '"stock_status'": '"in_stock'"}",2026-06-30 15:15:04.896339-05,,
465,1,UPDATE,email_templates,2,,"{'"event'": '"email_template_updated'", '"summary'": '"admin@cabinet.local updated email template \'"Template 2 - Design Support\'".'", '"is_active'": true, '"template_name'": '"Template 2 - Design Support'"}",2026-07-01 12:36:26.744491-05,,
323,1,SOFT_DELETE,product_variants,3168,"{'"id'": 3168, '"sku'": '"RHA3630-E-36-30-22'", '"price'": '"343.00'", '"depth_in'": '"22.00'", '"width_in'": '"36.00'", '"finish_id'": 17, '"height_in'": '"30.00'", '"created_at'": '"2026-06-26T21:29:57.071Z'", '"created_by'": null, '"deleted_at'": null, '"product_id'": 266, '"updated_at'": '"2026-06-30T14:12:27.011Z'", '"updated_by'": null, '"stock_status'": '"in_stock'"}","{'"id'": 3168, '"sku'": '"RHA3630-E-36-30-22_deleted_1782850504'", '"price'": '"343.00'", '"depth_in'": '"22.00'", '"width_in'": '"36.00'", '"finish_id'": 17, '"height_in'": '"30.00'", '"created_at'": '"2026-06-26T21:29:57.071Z'", '"created_by'": null, '"deleted_at'": '"2026-06-30T20:15:04.896Z'", '"product_id'": 266, '"updated_at'": '"2026-06-30T20:15:04.896Z'", '"updated_by'": 1, '"stock_status'": '"in_stock'"}",2026-06-30 15:15:04.896339-05,,
324,1,SOFT_DELETE,product_variants,3169,"{'"id'": 3169, '"sku'": '"RHA3630-SM-36-30-22'", '"price'": '"435.00'", '"depth_in'": '"22.00'", '"width_in'": '"36.00'", '"finish_id'": 18, '"height_in'": '"30.00'", '"created_at'": '"2026-06-26T21:29:57.071Z'", '"created_by'": null, '"deleted_at'": null, '"product_id'": 266, '"updated_at'": '"2026-06-30T14:12:27.011Z'", '"updated_by'": null, '"stock_status'": '"in_stock'"}","{'"id'": 3169, '"sku'": '"RHA3630-SM-36-30-22_deleted_1782850504'", '"price'": '"435.00'", '"depth_in'": '"22.00'", '"width_in'": '"36.00'", '"finish_id'": 18, '"height_in'": '"30.00'", '"created_at'": '"2026-06-26T21:29:57.071Z'", '"created_by'": null, '"deleted_at'": '"2026-06-30T20:15:04.896Z'", '"product_id'": 266, '"updated_at'": '"2026-06-30T20:15:04.896Z'", '"updated_by'": 1, '"stock_status'": '"in_stock'"}",2026-06-30 15:15:04.896339-05,,
325,1,SOFT_DELETE,products,266,"{'"id'": 266, '"sku'": '"RHA3630'", '"name'": '"RHA3630'", '"image_url'": null, '"created_at'": '"2026-06-26T21:29:57.071Z'", '"created_by'": null, '"deleted_at'": null, '"updated_at'": '"2026-06-30T14:12:27.011Z'", '"updated_by'": null, '"description'": '"Wall Wood Range Hood'", '"sub_category_id'": 39}","{'"id'": 266, '"sku'": '"RHA3630_deleted_1782850504'", '"name'": '"RHA3630'", '"image_url'": null, '"created_at'": '"2026-06-26T21:29:57.071Z'", '"created_by'": null, '"deleted_at'": '"2026-06-30T20:15:04.896Z'", '"updated_at'": '"2026-06-30T20:15:04.896Z'", '"updated_by'": 1, '"description'": '"Wall Wood Range Hood'", '"sub_category_id'": 39}",2026-06-30 15:15:04.896339-05,,
326,1,SOFT_DELETE,product_variants,3170,"{'"id'": 3170, '"sku'": '"RHA4230-WS-42-30-22'", '"price'": '"435.00'", '"depth_in'": '"22.00'", '"width_in'": '"42.00'", '"finish_id'": 1, '"height_in'": '"30.00'", '"created_at'": '"2026-06-26T21:29:57.071Z'", '"created_by'": null, '"deleted_at'": null, '"product_id'": 267, '"updated_at'": '"2026-06-30T14:12:27.011Z'", '"updated_by'": null, '"stock_status'": '"in_stock'"}","{'"id'": 3170, '"sku'": '"RHA4230-WS-42-30-22_deleted_1782850511'", '"price'": '"435.00'", '"depth_in'": '"22.00'", '"width_in'": '"42.00'", '"finish_id'": 1, '"height_in'": '"30.00'", '"created_at'": '"2026-06-26T21:29:57.071Z'", '"created_by'": null, '"deleted_at'": '"2026-06-30T20:15:11.651Z'", '"product_id'": 267, '"updated_at'": '"2026-06-30T20:15:11.651Z'", '"updated_by'": 1, '"stock_status'": '"in_stock'"}",2026-06-30 15:15:11.651338-05,,
327,1,SOFT_DELETE,product_variants,3173,"{'"id'": 3173, '"sku'": '"RHA4230-ES-42-30-22'", '"price'": '"953.00'", '"depth_in'": '"22.00'", '"width_in'": '"42.00'", '"finish_id'": 2, '"height_in'": '"30.00'", '"created_at'": '"2026-06-26T21:29:57.071Z'", '"created_by'": null, '"deleted_at'": null, '"product_id'": 267, '"updated_at'": '"2026-06-30T14:12:27.011Z'", '"updated_by'": null, '"stock_status'": '"in_stock'"}","{'"id'": 3173, '"sku'": '"RHA4230-ES-42-30-22_deleted_1782850511'", '"price'": '"953.00'", '"depth_in'": '"22.00'", '"width_in'": '"42.00'", '"finish_id'": 2, '"height_in'": '"30.00'", '"created_at'": '"2026-06-26T21:29:57.071Z'", '"created_by'": null, '"deleted_at'": '"2026-06-30T20:15:11.651Z'", '"product_id'": 267, '"updated_at'": '"2026-06-30T20:15:11.651Z'", '"updated_by'": 1, '"stock_status'": '"in_stock'"}",2026-06-30 15:15:11.651338-05,,
328,1,SOFT_DELETE,product_variants,3171,"{'"id'": 3171, '"sku'": '"RHA4230-AS-42-30-22'", '"price'": '"435.00'", '"depth_in'": '"22.00'", '"width_in'": '"42.00'", '"finish_id'": 3, '"height_in'": '"30.00'", '"created_at'": '"2026-06-26T21:29:57.071Z'", '"created_by'": null, '"deleted_at'": null, '"product_id'": 267, '"updated_at'": '"2026-06-30T14:12:27.011Z'", '"updated_by'": null, '"stock_status'": '"in_stock'"}","{'"id'": 3171, '"sku'": '"RHA4230-AS-42-30-22_deleted_1782850511'", '"price'": '"435.00'", '"depth_in'": '"22.00'", '"width_in'": '"42.00'", '"finish_id'": 3, '"height_in'": '"30.00'", '"created_at'": '"2026-06-26T21:29:57.071Z'", '"created_by'": null, '"deleted_at'": '"2026-06-30T20:15:11.651Z'", '"product_id'": 267, '"updated_at'": '"2026-06-30T20:15:11.651Z'", '"updated_by'": 1, '"stock_status'": '"in_stock'"}",2026-06-30 15:15:11.651338-05,,
329,1,SOFT_DELETE,product_variants,3172,"{'"id'": 3172, '"sku'": '"RHA4230-TS-42-30-22'", '"price'": '"435.00'", '"depth_in'": '"22.00'", '"width_in'": '"42.00'", '"finish_id'": 9, '"height_in'": '"30.00'", '"created_at'": '"2026-06-26T21:29:57.071Z'", '"created_by'": null, '"deleted_at'": null, '"product_id'": 267, '"updated_at'": '"2026-06-30T14:12:27.011Z'", '"updated_by'": null, '"stock_status'": '"in_stock'"}","{'"id'": 3172, '"sku'": '"RHA4230-TS-42-30-22_deleted_1782850511'", '"price'": '"435.00'", '"depth_in'": '"22.00'", '"width_in'": '"42.00'", '"finish_id'": 9, '"height_in'": '"30.00'", '"created_at'": '"2026-06-26T21:29:57.071Z'", '"created_by'": null, '"deleted_at'": '"2026-06-30T20:15:11.651Z'", '"product_id'": 267, '"updated_at'": '"2026-06-30T20:15:11.651Z'", '"updated_by'": 1, '"stock_status'": '"in_stock'"}",2026-06-30 15:15:11.651338-05,,
330,1,SOFT_DELETE,product_variants,3174,"{'"id'": 3174, '"sku'": '"RHA4230-SF-42-30-22'", '"price'": '"923.00'", '"depth_in'": '"22.00'", '"width_in'": '"42.00'", '"finish_id'": 10, '"height_in'": '"30.00'", '"created_at'": '"2026-06-26T21:29:57.071Z'", '"created_by'": null, '"deleted_at'": null, '"product_id'": 267, '"updated_at'": '"2026-06-30T14:12:27.011Z'", '"updated_by'": null, '"stock_status'": '"in_stock'"}","{'"id'": 3174, '"sku'": '"RHA4230-SF-42-30-22_deleted_1782850511'", '"price'": '"923.00'", '"depth_in'": '"22.00'", '"width_in'": '"42.00'", '"finish_id'": 10, '"height_in'": '"30.00'", '"created_at'": '"2026-06-26T21:29:57.071Z'", '"created_by'": null, '"deleted_at'": '"2026-06-30T20:15:11.651Z'", '"product_id'": 267, '"updated_at'": '"2026-06-30T20:15:11.651Z'", '"updated_by'": 1, '"stock_status'": '"in_stock'"}",2026-06-30 15:15:11.651338-05,,
331,1,SOFT_DELETE,product_variants,3175,"{'"id'": 3175, '"sku'": '"RHA4230-BS-42-30-22'", '"price'": '"823.00'", '"depth_in'": '"22.00'", '"width_in'": '"42.00'", '"finish_id'": 11, '"height_in'": '"30.00'", '"created_at'": '"2026-06-26T21:29:57.071Z'", '"created_by'": null, '"deleted_at'": null, '"product_id'": 267, '"updated_at'": '"2026-06-30T14:12:27.011Z'", '"updated_by'": null, '"stock_status'": '"in_stock'"}","{'"id'": 3175, '"sku'": '"RHA4230-BS-42-30-22_deleted_1782850511'", '"price'": '"823.00'", '"depth_in'": '"22.00'", '"width_in'": '"42.00'", '"finish_id'": 11, '"height_in'": '"30.00'", '"created_at'": '"2026-06-26T21:29:57.071Z'", '"created_by'": null, '"deleted_at'": '"2026-06-30T20:15:11.651Z'", '"product_id'": 267, '"updated_at'": '"2026-06-30T20:15:11.651Z'", '"updated_by'": 1, '"stock_status'": '"in_stock'"}",2026-06-30 15:15:11.651338-05,,
467,1,CREATE,users,2,,"{'"event'": '"dealer_email_sent'", '"summary'": '"admin@cabinet.local sent \'"Template 3 - Closing Offer\'" to ahmetsakallioglu54@gmail.com.'", '"send_type'": '"manual'", '"template_id'": 3, '"template_name'": '"Template 3 - Closing Offer'", '"recipient_email'": '"ahmetsakallioglu54@gmail.com'"}",2026-07-01 12:36:52.492446-05,,
332,1,SOFT_DELETE,product_variants,3176,"{'"id'": 3176, '"sku'": '"RHA4230-CS-42-30-22'", '"price'": '"723.00'", '"depth_in'": '"22.00'", '"width_in'": '"42.00'", '"finish_id'": 13, '"height_in'": '"30.00'", '"created_at'": '"2026-06-26T21:29:57.071Z'", '"created_by'": null, '"deleted_at'": null, '"product_id'": 267, '"updated_at'": '"2026-06-30T14:12:27.011Z'", '"updated_by'": null, '"stock_status'": '"in_stock'"}","{'"id'": 3176, '"sku'": '"RHA4230-CS-42-30-22_deleted_1782850511'", '"price'": '"723.00'", '"depth_in'": '"22.00'", '"width_in'": '"42.00'", '"finish_id'": 13, '"height_in'": '"30.00'", '"created_at'": '"2026-06-26T21:29:57.071Z'", '"created_by'": null, '"deleted_at'": '"2026-06-30T20:15:11.651Z'", '"product_id'": 267, '"updated_at'": '"2026-06-30T20:15:11.651Z'", '"updated_by'": 1, '"stock_status'": '"in_stock'"}",2026-06-30 15:15:11.651338-05,,
333,1,SOFT_DELETE,product_variants,3177,"{'"id'": 3177, '"sku'": '"RHA4230-DGS-42-30-22'", '"price'": '"853.00'", '"depth_in'": '"22.00'", '"width_in'": '"42.00'", '"finish_id'": 14, '"height_in'": '"30.00'", '"created_at'": '"2026-06-26T21:29:57.071Z'", '"created_by'": null, '"deleted_at'": null, '"product_id'": 267, '"updated_at'": '"2026-06-30T14:12:27.011Z'", '"updated_by'": null, '"stock_status'": '"in_stock'"}","{'"id'": 3177, '"sku'": '"RHA4230-DGS-42-30-22_deleted_1782850511'", '"price'": '"853.00'", '"depth_in'": '"22.00'", '"width_in'": '"42.00'", '"finish_id'": 14, '"height_in'": '"30.00'", '"created_at'": '"2026-06-26T21:29:57.071Z'", '"created_by'": null, '"deleted_at'": '"2026-06-30T20:15:11.651Z'", '"product_id'": 267, '"updated_at'": '"2026-06-30T20:15:11.651Z'", '"updated_by'": 1, '"stock_status'": '"in_stock'"}",2026-06-30 15:15:11.651338-05,,
334,1,SOFT_DELETE,product_variants,3178,"{'"id'": 3178, '"sku'": '"RHA4230-FGS-42-30-22'", '"price'": '"623.00'", '"depth_in'": '"22.00'", '"width_in'": '"42.00'", '"finish_id'": 15, '"height_in'": '"30.00'", '"created_at'": '"2026-06-26T21:29:57.071Z'", '"created_by'": null, '"deleted_at'": null, '"product_id'": 267, '"updated_at'": '"2026-06-30T14:12:27.011Z'", '"updated_by'": null, '"stock_status'": '"in_stock'"}","{'"id'": 3178, '"sku'": '"RHA4230-FGS-42-30-22_deleted_1782850511'", '"price'": '"623.00'", '"depth_in'": '"22.00'", '"width_in'": '"42.00'", '"finish_id'": 15, '"height_in'": '"30.00'", '"created_at'": '"2026-06-26T21:29:57.071Z'", '"created_by'": null, '"deleted_at'": '"2026-06-30T20:15:11.651Z'", '"product_id'": 267, '"updated_at'": '"2026-06-30T20:15:11.651Z'", '"updated_by'": 1, '"stock_status'": '"in_stock'"}",2026-06-30 15:15:11.651338-05,,
335,1,SOFT_DELETE,product_variants,3179,"{'"id'": 3179, '"sku'": '"RHA4230-LG-42-30-22'", '"price'": '"345.00'", '"depth_in'": '"22.00'", '"width_in'": '"42.00'", '"finish_id'": 16, '"height_in'": '"30.00'", '"created_at'": '"2026-06-26T21:29:57.071Z'", '"created_by'": null, '"deleted_at'": null, '"product_id'": 267, '"updated_at'": '"2026-06-30T14:12:27.011Z'", '"updated_by'": null, '"stock_status'": '"in_stock'"}","{'"id'": 3179, '"sku'": '"RHA4230-LG-42-30-22_deleted_1782850511'", '"price'": '"345.00'", '"depth_in'": '"22.00'", '"width_in'": '"42.00'", '"finish_id'": 16, '"height_in'": '"30.00'", '"created_at'": '"2026-06-26T21:29:57.071Z'", '"created_by'": null, '"deleted_at'": '"2026-06-30T20:15:11.651Z'", '"product_id'": 267, '"updated_at'": '"2026-06-30T20:15:11.651Z'", '"updated_by'": 1, '"stock_status'": '"in_stock'"}",2026-06-30 15:15:11.651338-05,,
336,1,SOFT_DELETE,product_variants,3180,"{'"id'": 3180, '"sku'": '"RHA4230-E-42-30-22'", '"price'": '"343.00'", '"depth_in'": '"22.00'", '"width_in'": '"42.00'", '"finish_id'": 17, '"height_in'": '"30.00'", '"created_at'": '"2026-06-26T21:29:57.071Z'", '"created_by'": null, '"deleted_at'": null, '"product_id'": 267, '"updated_at'": '"2026-06-30T14:12:27.011Z'", '"updated_by'": null, '"stock_status'": '"in_stock'"}","{'"id'": 3180, '"sku'": '"RHA4230-E-42-30-22_deleted_1782850511'", '"price'": '"343.00'", '"depth_in'": '"22.00'", '"width_in'": '"42.00'", '"finish_id'": 17, '"height_in'": '"30.00'", '"created_at'": '"2026-06-26T21:29:57.071Z'", '"created_by'": null, '"deleted_at'": '"2026-06-30T20:15:11.651Z'", '"product_id'": 267, '"updated_at'": '"2026-06-30T20:15:11.651Z'", '"updated_by'": 1, '"stock_status'": '"in_stock'"}",2026-06-30 15:15:11.651338-05,,
337,1,SOFT_DELETE,product_variants,3181,"{'"id'": 3181, '"sku'": '"RHA4230-SM-42-30-22'", '"price'": '"435.00'", '"depth_in'": '"22.00'", '"width_in'": '"42.00'", '"finish_id'": 18, '"height_in'": '"30.00'", '"created_at'": '"2026-06-26T21:29:57.071Z'", '"created_by'": null, '"deleted_at'": null, '"product_id'": 267, '"updated_at'": '"2026-06-30T14:12:27.011Z'", '"updated_by'": null, '"stock_status'": '"in_stock'"}","{'"id'": 3181, '"sku'": '"RHA4230-SM-42-30-22_deleted_1782850511'", '"price'": '"435.00'", '"depth_in'": '"22.00'", '"width_in'": '"42.00'", '"finish_id'": 18, '"height_in'": '"30.00'", '"created_at'": '"2026-06-26T21:29:57.071Z'", '"created_by'": null, '"deleted_at'": '"2026-06-30T20:15:11.651Z'", '"product_id'": 267, '"updated_at'": '"2026-06-30T20:15:11.651Z'", '"updated_by'": 1, '"stock_status'": '"in_stock'"}",2026-06-30 15:15:11.651338-05,,
338,1,SOFT_DELETE,products,267,"{'"id'": 267, '"sku'": '"RHA4230'", '"name'": '"RHA4230'", '"image_url'": null, '"created_at'": '"2026-06-26T21:29:57.071Z'", '"created_by'": null, '"deleted_at'": null, '"updated_at'": '"2026-06-30T14:12:27.011Z'", '"updated_by'": null, '"description'": '"Wall Wood Range Hood'", '"sub_category_id'": 39}","{'"id'": 267, '"sku'": '"RHA4230_deleted_1782850511'", '"name'": '"RHA4230'", '"image_url'": null, '"created_at'": '"2026-06-26T21:29:57.071Z'", '"created_by'": null, '"deleted_at'": '"2026-06-30T20:15:11.651Z'", '"updated_at'": '"2026-06-30T20:15:11.651Z'", '"updated_by'": 1, '"description'": '"Wall Wood Range Hood'", '"sub_category_id'": 39}",2026-06-30 15:15:11.651338-05,,
339,1,SOFT_DELETE,product_variants,3182,"{'"id'": 3182, '"sku'": '"RHA4236-WS-42-36-22'", '"price'": '"435.00'", '"depth_in'": '"22.00'", '"width_in'": '"42.00'", '"finish_id'": 1, '"height_in'": '"36.00'", '"created_at'": '"2026-06-26T21:29:57.071Z'", '"created_by'": null, '"deleted_at'": null, '"product_id'": 268, '"updated_at'": '"2026-06-30T14:12:27.011Z'", '"updated_by'": null, '"stock_status'": '"in_stock'"}","{'"id'": 3182, '"sku'": '"RHA4236-WS-42-36-22_deleted_1782850516'", '"price'": '"435.00'", '"depth_in'": '"22.00'", '"width_in'": '"42.00'", '"finish_id'": 1, '"height_in'": '"36.00'", '"created_at'": '"2026-06-26T21:29:57.071Z'", '"created_by'": null, '"deleted_at'": '"2026-06-30T20:15:16.368Z'", '"product_id'": 268, '"updated_at'": '"2026-06-30T20:15:16.368Z'", '"updated_by'": 1, '"stock_status'": '"in_stock'"}",2026-06-30 15:15:16.368592-05,,
340,1,SOFT_DELETE,product_variants,3185,"{'"id'": 3185, '"sku'": '"RHA4236-ES-42-36-22'", '"price'": '"953.00'", '"depth_in'": '"22.00'", '"width_in'": '"42.00'", '"finish_id'": 2, '"height_in'": '"36.00'", '"created_at'": '"2026-06-26T21:29:57.071Z'", '"created_by'": null, '"deleted_at'": null, '"product_id'": 268, '"updated_at'": '"2026-06-30T14:12:27.011Z'", '"updated_by'": null, '"stock_status'": '"in_stock'"}","{'"id'": 3185, '"sku'": '"RHA4236-ES-42-36-22_deleted_1782850516'", '"price'": '"953.00'", '"depth_in'": '"22.00'", '"width_in'": '"42.00'", '"finish_id'": 2, '"height_in'": '"36.00'", '"created_at'": '"2026-06-26T21:29:57.071Z'", '"created_by'": null, '"deleted_at'": '"2026-06-30T20:15:16.368Z'", '"product_id'": 268, '"updated_at'": '"2026-06-30T20:15:16.368Z'", '"updated_by'": 1, '"stock_status'": '"in_stock'"}",2026-06-30 15:15:16.368592-05,,
468,1,CREATE,users,2,,"{'"code'": '"CAB-P3RJ-FN'", '"event'": '"promo_code_issued'", '"source'": '"manual'", '"summary'": '"admin@cabinet.local created manual coupon CAB-P3RJ-FN (5% off, expires Jul 8, 2026) for dealer ahmetsakallioglu54@gmail.com.'", '"discount_type'": '"percentage'", '"promo_code_id'": '"4df1f050-0ddd-4e77-bbc2-7986bc6f4366'", '"discount_value'": 5}",2026-07-01 12:37:38.187909-05,,
341,1,SOFT_DELETE,product_variants,3183,"{'"id'": 3183, '"sku'": '"RHA4236-AS-42-36-22'", '"price'": '"435.00'", '"depth_in'": '"22.00'", '"width_in'": '"42.00'", '"finish_id'": 3, '"height_in'": '"36.00'", '"created_at'": '"2026-06-26T21:29:57.071Z'", '"created_by'": null, '"deleted_at'": null, '"product_id'": 268, '"updated_at'": '"2026-06-30T14:12:27.011Z'", '"updated_by'": null, '"stock_status'": '"in_stock'"}","{'"id'": 3183, '"sku'": '"RHA4236-AS-42-36-22_deleted_1782850516'", '"price'": '"435.00'", '"depth_in'": '"22.00'", '"width_in'": '"42.00'", '"finish_id'": 3, '"height_in'": '"36.00'", '"created_at'": '"2026-06-26T21:29:57.071Z'", '"created_by'": null, '"deleted_at'": '"2026-06-30T20:15:16.368Z'", '"product_id'": 268, '"updated_at'": '"2026-06-30T20:15:16.368Z'", '"updated_by'": 1, '"stock_status'": '"in_stock'"}",2026-06-30 15:15:16.368592-05,,
342,1,SOFT_DELETE,product_variants,3184,"{'"id'": 3184, '"sku'": '"RHA4236-TS-42-36-22'", '"price'": '"435.00'", '"depth_in'": '"22.00'", '"width_in'": '"42.00'", '"finish_id'": 9, '"height_in'": '"36.00'", '"created_at'": '"2026-06-26T21:29:57.071Z'", '"created_by'": null, '"deleted_at'": null, '"product_id'": 268, '"updated_at'": '"2026-06-30T14:12:27.011Z'", '"updated_by'": null, '"stock_status'": '"in_stock'"}","{'"id'": 3184, '"sku'": '"RHA4236-TS-42-36-22_deleted_1782850516'", '"price'": '"435.00'", '"depth_in'": '"22.00'", '"width_in'": '"42.00'", '"finish_id'": 9, '"height_in'": '"36.00'", '"created_at'": '"2026-06-26T21:29:57.071Z'", '"created_by'": null, '"deleted_at'": '"2026-06-30T20:15:16.368Z'", '"product_id'": 268, '"updated_at'": '"2026-06-30T20:15:16.368Z'", '"updated_by'": 1, '"stock_status'": '"in_stock'"}",2026-06-30 15:15:16.368592-05,,
343,1,SOFT_DELETE,product_variants,3186,"{'"id'": 3186, '"sku'": '"RHA4236-SF-42-36-22'", '"price'": '"923.00'", '"depth_in'": '"22.00'", '"width_in'": '"42.00'", '"finish_id'": 10, '"height_in'": '"36.00'", '"created_at'": '"2026-06-26T21:29:57.071Z'", '"created_by'": null, '"deleted_at'": null, '"product_id'": 268, '"updated_at'": '"2026-06-30T14:12:27.011Z'", '"updated_by'": null, '"stock_status'": '"in_stock'"}","{'"id'": 3186, '"sku'": '"RHA4236-SF-42-36-22_deleted_1782850516'", '"price'": '"923.00'", '"depth_in'": '"22.00'", '"width_in'": '"42.00'", '"finish_id'": 10, '"height_in'": '"36.00'", '"created_at'": '"2026-06-26T21:29:57.071Z'", '"created_by'": null, '"deleted_at'": '"2026-06-30T20:15:16.368Z'", '"product_id'": 268, '"updated_at'": '"2026-06-30T20:15:16.368Z'", '"updated_by'": 1, '"stock_status'": '"in_stock'"}",2026-06-30 15:15:16.368592-05,,
344,1,SOFT_DELETE,product_variants,3187,"{'"id'": 3187, '"sku'": '"RHA4236-BS-42-36-22'", '"price'": '"823.00'", '"depth_in'": '"22.00'", '"width_in'": '"42.00'", '"finish_id'": 11, '"height_in'": '"36.00'", '"created_at'": '"2026-06-26T21:29:57.071Z'", '"created_by'": null, '"deleted_at'": null, '"product_id'": 268, '"updated_at'": '"2026-06-30T14:12:27.011Z'", '"updated_by'": null, '"stock_status'": '"in_stock'"}","{'"id'": 3187, '"sku'": '"RHA4236-BS-42-36-22_deleted_1782850516'", '"price'": '"823.00'", '"depth_in'": '"22.00'", '"width_in'": '"42.00'", '"finish_id'": 11, '"height_in'": '"36.00'", '"created_at'": '"2026-06-26T21:29:57.071Z'", '"created_by'": null, '"deleted_at'": '"2026-06-30T20:15:16.368Z'", '"product_id'": 268, '"updated_at'": '"2026-06-30T20:15:16.368Z'", '"updated_by'": 1, '"stock_status'": '"in_stock'"}",2026-06-30 15:15:16.368592-05,,
345,1,SOFT_DELETE,product_variants,3188,"{'"id'": 3188, '"sku'": '"RHA4236-CS-42-36-22'", '"price'": '"723.00'", '"depth_in'": '"22.00'", '"width_in'": '"42.00'", '"finish_id'": 13, '"height_in'": '"36.00'", '"created_at'": '"2026-06-26T21:29:57.071Z'", '"created_by'": null, '"deleted_at'": null, '"product_id'": 268, '"updated_at'": '"2026-06-30T14:12:27.011Z'", '"updated_by'": null, '"stock_status'": '"in_stock'"}","{'"id'": 3188, '"sku'": '"RHA4236-CS-42-36-22_deleted_1782850516'", '"price'": '"723.00'", '"depth_in'": '"22.00'", '"width_in'": '"42.00'", '"finish_id'": 13, '"height_in'": '"36.00'", '"created_at'": '"2026-06-26T21:29:57.071Z'", '"created_by'": null, '"deleted_at'": '"2026-06-30T20:15:16.368Z'", '"product_id'": 268, '"updated_at'": '"2026-06-30T20:15:16.368Z'", '"updated_by'": 1, '"stock_status'": '"in_stock'"}",2026-06-30 15:15:16.368592-05,,
346,1,SOFT_DELETE,product_variants,3189,"{'"id'": 3189, '"sku'": '"RHA4236-DGS-42-36-22'", '"price'": '"853.00'", '"depth_in'": '"22.00'", '"width_in'": '"42.00'", '"finish_id'": 14, '"height_in'": '"36.00'", '"created_at'": '"2026-06-26T21:29:57.071Z'", '"created_by'": null, '"deleted_at'": null, '"product_id'": 268, '"updated_at'": '"2026-06-30T14:12:27.011Z'", '"updated_by'": null, '"stock_status'": '"in_stock'"}","{'"id'": 3189, '"sku'": '"RHA4236-DGS-42-36-22_deleted_1782850516'", '"price'": '"853.00'", '"depth_in'": '"22.00'", '"width_in'": '"42.00'", '"finish_id'": 14, '"height_in'": '"36.00'", '"created_at'": '"2026-06-26T21:29:57.071Z'", '"created_by'": null, '"deleted_at'": '"2026-06-30T20:15:16.368Z'", '"product_id'": 268, '"updated_at'": '"2026-06-30T20:15:16.368Z'", '"updated_by'": 1, '"stock_status'": '"in_stock'"}",2026-06-30 15:15:16.368592-05,,
347,1,SOFT_DELETE,product_variants,3190,"{'"id'": 3190, '"sku'": '"RHA4236-FGS-42-36-22'", '"price'": '"623.00'", '"depth_in'": '"22.00'", '"width_in'": '"42.00'", '"finish_id'": 15, '"height_in'": '"36.00'", '"created_at'": '"2026-06-26T21:29:57.071Z'", '"created_by'": null, '"deleted_at'": null, '"product_id'": 268, '"updated_at'": '"2026-06-30T14:12:27.011Z'", '"updated_by'": null, '"stock_status'": '"in_stock'"}","{'"id'": 3190, '"sku'": '"RHA4236-FGS-42-36-22_deleted_1782850516'", '"price'": '"623.00'", '"depth_in'": '"22.00'", '"width_in'": '"42.00'", '"finish_id'": 15, '"height_in'": '"36.00'", '"created_at'": '"2026-06-26T21:29:57.071Z'", '"created_by'": null, '"deleted_at'": '"2026-06-30T20:15:16.368Z'", '"product_id'": 268, '"updated_at'": '"2026-06-30T20:15:16.368Z'", '"updated_by'": 1, '"stock_status'": '"in_stock'"}",2026-06-30 15:15:16.368592-05,,
348,1,SOFT_DELETE,product_variants,3191,"{'"id'": 3191, '"sku'": '"RHA4236-LG-42-36-22'", '"price'": '"345.00'", '"depth_in'": '"22.00'", '"width_in'": '"42.00'", '"finish_id'": 16, '"height_in'": '"36.00'", '"created_at'": '"2026-06-26T21:29:57.071Z'", '"created_by'": null, '"deleted_at'": null, '"product_id'": 268, '"updated_at'": '"2026-06-30T14:12:27.011Z'", '"updated_by'": null, '"stock_status'": '"in_stock'"}","{'"id'": 3191, '"sku'": '"RHA4236-LG-42-36-22_deleted_1782850516'", '"price'": '"345.00'", '"depth_in'": '"22.00'", '"width_in'": '"42.00'", '"finish_id'": 16, '"height_in'": '"36.00'", '"created_at'": '"2026-06-26T21:29:57.071Z'", '"created_by'": null, '"deleted_at'": '"2026-06-30T20:15:16.368Z'", '"product_id'": 268, '"updated_at'": '"2026-06-30T20:15:16.368Z'", '"updated_by'": 1, '"stock_status'": '"in_stock'"}",2026-06-30 15:15:16.368592-05,,
349,1,SOFT_DELETE,product_variants,3192,"{'"id'": 3192, '"sku'": '"RHA4236-E-42-36-22'", '"price'": '"343.00'", '"depth_in'": '"22.00'", '"width_in'": '"42.00'", '"finish_id'": 17, '"height_in'": '"36.00'", '"created_at'": '"2026-06-26T21:29:57.071Z'", '"created_by'": null, '"deleted_at'": null, '"product_id'": 268, '"updated_at'": '"2026-06-30T14:12:27.011Z'", '"updated_by'": null, '"stock_status'": '"in_stock'"}","{'"id'": 3192, '"sku'": '"RHA4236-E-42-36-22_deleted_1782850516'", '"price'": '"343.00'", '"depth_in'": '"22.00'", '"width_in'": '"42.00'", '"finish_id'": 17, '"height_in'": '"36.00'", '"created_at'": '"2026-06-26T21:29:57.071Z'", '"created_by'": null, '"deleted_at'": '"2026-06-30T20:15:16.368Z'", '"product_id'": 268, '"updated_at'": '"2026-06-30T20:15:16.368Z'", '"updated_by'": 1, '"stock_status'": '"in_stock'"}",2026-06-30 15:15:16.368592-05,,
469,1,UPDATE,email_templates,3,,"{'"event'": '"email_template_updated'", '"summary'": '"admin@cabinet.local updated email template \'"Template 3 - Closing Offer\'".'", '"is_active'": true, '"delay_hours'": 0.5, '"template_name'": '"Template 3 - Closing Offer'", '"automation_stage'": 3, '"automation_enabled'": true}",2026-07-01 12:37:46.745905-05,,
350,1,SOFT_DELETE,product_variants,3193,"{'"id'": 3193, '"sku'": '"RHA4236-SM-42-36-22'", '"price'": '"435.00'", '"depth_in'": '"22.00'", '"width_in'": '"42.00'", '"finish_id'": 18, '"height_in'": '"36.00'", '"created_at'": '"2026-06-26T21:29:57.071Z'", '"created_by'": null, '"deleted_at'": null, '"product_id'": 268, '"updated_at'": '"2026-06-30T14:12:27.011Z'", '"updated_by'": null, '"stock_status'": '"in_stock'"}","{'"id'": 3193, '"sku'": '"RHA4236-SM-42-36-22_deleted_1782850516'", '"price'": '"435.00'", '"depth_in'": '"22.00'", '"width_in'": '"42.00'", '"finish_id'": 18, '"height_in'": '"36.00'", '"created_at'": '"2026-06-26T21:29:57.071Z'", '"created_by'": null, '"deleted_at'": '"2026-06-30T20:15:16.368Z'", '"product_id'": 268, '"updated_at'": '"2026-06-30T20:15:16.368Z'", '"updated_by'": 1, '"stock_status'": '"in_stock'"}",2026-06-30 15:15:16.368592-05,,
351,1,SOFT_DELETE,products,268,"{'"id'": 268, '"sku'": '"RHA4236'", '"name'": '"RHA4236'", '"image_url'": null, '"created_at'": '"2026-06-26T21:29:57.071Z'", '"created_by'": null, '"deleted_at'": null, '"updated_at'": '"2026-06-30T14:12:27.011Z'", '"updated_by'": null, '"description'": '"Wall Wood Range Hood'", '"sub_category_id'": 39}","{'"id'": 268, '"sku'": '"RHA4236_deleted_1782850516'", '"name'": '"RHA4236'", '"image_url'": null, '"created_at'": '"2026-06-26T21:29:57.071Z'", '"created_by'": null, '"deleted_at'": '"2026-06-30T20:15:16.368Z'", '"updated_at'": '"2026-06-30T20:15:16.368Z'", '"updated_by'": 1, '"description'": '"Wall Wood Range Hood'", '"sub_category_id'": 39}",2026-06-30 15:15:16.368592-05,,
352,1,SOFT_DELETE,product_variants,280,"{'"id'": 280, '"sku'": '"SB39-WS-36-34.5-24'", '"price'": '"523.00'", '"depth_in'": '"24.00'", '"width_in'": '"36.00'", '"finish_id'": 1, '"height_in'": '"34.50'", '"created_at'": '"2026-06-25T21:07:29.240Z'", '"created_by'": null, '"deleted_at'": null, '"product_id'": 55, '"updated_at'": '"2026-06-25T21:07:29.240Z'", '"updated_by'": null, '"stock_status'": '"in_stock'"}","{'"id'": 280, '"sku'": '"SB39-WS-36-34.5-24_deleted_1782850532'", '"price'": '"523.00'", '"depth_in'": '"24.00'", '"width_in'": '"36.00'", '"finish_id'": 1, '"height_in'": '"34.50'", '"created_at'": '"2026-06-25T21:07:29.240Z'", '"created_by'": null, '"deleted_at'": '"2026-06-30T20:15:32.541Z'", '"product_id'": 55, '"updated_at'": '"2026-06-30T20:15:32.541Z'", '"updated_by'": 1, '"stock_status'": '"in_stock'"}",2026-06-30 15:15:32.541711-05,,
353,1,SOFT_DELETE,product_variants,283,"{'"id'": 283, '"sku'": '"SB39-ES-36-34.5-24'", '"price'": '"953.00'", '"depth_in'": '"24.00'", '"width_in'": '"36.00'", '"finish_id'": 2, '"height_in'": '"34.50'", '"created_at'": '"2026-06-25T21:07:29.240Z'", '"created_by'": null, '"deleted_at'": null, '"product_id'": 55, '"updated_at'": '"2026-06-25T21:07:29.240Z'", '"updated_by'": null, '"stock_status'": '"in_stock'"}","{'"id'": 283, '"sku'": '"SB39-ES-36-34.5-24_deleted_1782850532'", '"price'": '"953.00'", '"depth_in'": '"24.00'", '"width_in'": '"36.00'", '"finish_id'": 2, '"height_in'": '"34.50'", '"created_at'": '"2026-06-25T21:07:29.240Z'", '"created_by'": null, '"deleted_at'": '"2026-06-30T20:15:32.541Z'", '"product_id'": 55, '"updated_at'": '"2026-06-30T20:15:32.541Z'", '"updated_by'": 1, '"stock_status'": '"in_stock'"}",2026-06-30 15:15:32.541711-05,,
354,1,SOFT_DELETE,product_variants,281,"{'"id'": 281, '"sku'": '"SB39-AS-36-34.5-24'", '"price'": '"523.00'", '"depth_in'": '"24.00'", '"width_in'": '"36.00'", '"finish_id'": 3, '"height_in'": '"34.50'", '"created_at'": '"2026-06-25T21:07:29.240Z'", '"created_by'": null, '"deleted_at'": null, '"product_id'": 55, '"updated_at'": '"2026-06-25T21:07:29.240Z'", '"updated_by'": null, '"stock_status'": '"in_stock'"}","{'"id'": 281, '"sku'": '"SB39-AS-36-34.5-24_deleted_1782850532'", '"price'": '"523.00'", '"depth_in'": '"24.00'", '"width_in'": '"36.00'", '"finish_id'": 3, '"height_in'": '"34.50'", '"created_at'": '"2026-06-25T21:07:29.240Z'", '"created_by'": null, '"deleted_at'": '"2026-06-30T20:15:32.541Z'", '"product_id'": 55, '"updated_at'": '"2026-06-30T20:15:32.541Z'", '"updated_by'": 1, '"stock_status'": '"in_stock'"}",2026-06-30 15:15:32.541711-05,,
355,1,SOFT_DELETE,product_variants,282,"{'"id'": 282, '"sku'": '"SB39-TS-36-34.5-24'", '"price'": '"523.00'", '"depth_in'": '"24.00'", '"width_in'": '"36.00'", '"finish_id'": 9, '"height_in'": '"34.50'", '"created_at'": '"2026-06-25T21:07:29.240Z'", '"created_by'": null, '"deleted_at'": null, '"product_id'": 55, '"updated_at'": '"2026-06-25T21:07:29.240Z'", '"updated_by'": null, '"stock_status'": '"in_stock'"}","{'"id'": 282, '"sku'": '"SB39-TS-36-34.5-24_deleted_1782850532'", '"price'": '"523.00'", '"depth_in'": '"24.00'", '"width_in'": '"36.00'", '"finish_id'": 9, '"height_in'": '"34.50'", '"created_at'": '"2026-06-25T21:07:29.240Z'", '"created_by'": null, '"deleted_at'": '"2026-06-30T20:15:32.541Z'", '"product_id'": 55, '"updated_at'": '"2026-06-30T20:15:32.541Z'", '"updated_by'": 1, '"stock_status'": '"in_stock'"}",2026-06-30 15:15:32.541711-05,,
356,1,SOFT_DELETE,product_variants,284,"{'"id'": 284, '"sku'": '"SB39-SF-36-34.5-24'", '"price'": '"923.00'", '"depth_in'": '"24.00'", '"width_in'": '"36.00'", '"finish_id'": 10, '"height_in'": '"34.50'", '"created_at'": '"2026-06-25T21:07:29.240Z'", '"created_by'": null, '"deleted_at'": null, '"product_id'": 55, '"updated_at'": '"2026-06-25T21:07:29.240Z'", '"updated_by'": null, '"stock_status'": '"in_stock'"}","{'"id'": 284, '"sku'": '"SB39-SF-36-34.5-24_deleted_1782850532'", '"price'": '"923.00'", '"depth_in'": '"24.00'", '"width_in'": '"36.00'", '"finish_id'": 10, '"height_in'": '"34.50'", '"created_at'": '"2026-06-25T21:07:29.240Z'", '"created_by'": null, '"deleted_at'": '"2026-06-30T20:15:32.541Z'", '"product_id'": 55, '"updated_at'": '"2026-06-30T20:15:32.541Z'", '"updated_by'": 1, '"stock_status'": '"in_stock'"}",2026-06-30 15:15:32.541711-05,,
357,1,SOFT_DELETE,product_variants,285,"{'"id'": 285, '"sku'": '"SB39-BS-36-34.5-24'", '"price'": '"823.00'", '"depth_in'": '"24.00'", '"width_in'": '"36.00'", '"finish_id'": 11, '"height_in'": '"34.50'", '"created_at'": '"2026-06-25T21:07:29.240Z'", '"created_by'": null, '"deleted_at'": null, '"product_id'": 55, '"updated_at'": '"2026-06-25T21:07:29.240Z'", '"updated_by'": null, '"stock_status'": '"in_stock'"}","{'"id'": 285, '"sku'": '"SB39-BS-36-34.5-24_deleted_1782850532'", '"price'": '"823.00'", '"depth_in'": '"24.00'", '"width_in'": '"36.00'", '"finish_id'": 11, '"height_in'": '"34.50'", '"created_at'": '"2026-06-25T21:07:29.240Z'", '"created_by'": null, '"deleted_at'": '"2026-06-30T20:15:32.541Z'", '"product_id'": 55, '"updated_at'": '"2026-06-30T20:15:32.541Z'", '"updated_by'": 1, '"stock_status'": '"in_stock'"}",2026-06-30 15:15:32.541711-05,,
358,1,SOFT_DELETE,product_variants,286,"{'"id'": 286, '"sku'": '"SB39-CS-36-34.5-24'", '"price'": '"723.00'", '"depth_in'": '"24.00'", '"width_in'": '"36.00'", '"finish_id'": 13, '"height_in'": '"34.50'", '"created_at'": '"2026-06-25T21:07:29.240Z'", '"created_by'": null, '"deleted_at'": null, '"product_id'": 55, '"updated_at'": '"2026-06-25T21:07:29.240Z'", '"updated_by'": null, '"stock_status'": '"in_stock'"}","{'"id'": 286, '"sku'": '"SB39-CS-36-34.5-24_deleted_1782850532'", '"price'": '"723.00'", '"depth_in'": '"24.00'", '"width_in'": '"36.00'", '"finish_id'": 13, '"height_in'": '"34.50'", '"created_at'": '"2026-06-25T21:07:29.240Z'", '"created_by'": null, '"deleted_at'": '"2026-06-30T20:15:32.541Z'", '"product_id'": 55, '"updated_at'": '"2026-06-30T20:15:32.541Z'", '"updated_by'": 1, '"stock_status'": '"in_stock'"}",2026-06-30 15:15:32.541711-05,,
470,1,CREATE,users,2,,"{'"event'": '"dealer_email_sent'", '"summary'": '"admin@cabinet.local sent \'"Template 3 - Closing Offer\'" to ahmetsakallioglu54@gmail.com.'", '"send_type'": '"manual'", '"template_id'": 3, '"template_name'": '"Template 3 - Closing Offer'", '"recipient_email'": '"ahmetsakallioglu54@gmail.com'"}",2026-07-01 12:37:58.239356-05,,
359,1,SOFT_DELETE,product_variants,287,"{'"id'": 287, '"sku'": '"SB39-DGS-36-34.5-24'", '"price'": '"853.00'", '"depth_in'": '"24.00'", '"width_in'": '"36.00'", '"finish_id'": 14, '"height_in'": '"34.50'", '"created_at'": '"2026-06-25T21:07:29.240Z'", '"created_by'": null, '"deleted_at'": null, '"product_id'": 55, '"updated_at'": '"2026-06-25T21:07:29.240Z'", '"updated_by'": null, '"stock_status'": '"in_stock'"}","{'"id'": 287, '"sku'": '"SB39-DGS-36-34.5-24_deleted_1782850532'", '"price'": '"853.00'", '"depth_in'": '"24.00'", '"width_in'": '"36.00'", '"finish_id'": 14, '"height_in'": '"34.50'", '"created_at'": '"2026-06-25T21:07:29.240Z'", '"created_by'": null, '"deleted_at'": '"2026-06-30T20:15:32.541Z'", '"product_id'": 55, '"updated_at'": '"2026-06-30T20:15:32.541Z'", '"updated_by'": 1, '"stock_status'": '"in_stock'"}",2026-06-30 15:15:32.541711-05,,
360,1,SOFT_DELETE,product_variants,288,"{'"id'": 288, '"sku'": '"SB39-FGS-36-34.5-24'", '"price'": '"623.00'", '"depth_in'": '"24.00'", '"width_in'": '"36.00'", '"finish_id'": 15, '"height_in'": '"34.50'", '"created_at'": '"2026-06-25T21:07:29.240Z'", '"created_by'": null, '"deleted_at'": null, '"product_id'": 55, '"updated_at'": '"2026-06-25T21:07:29.240Z'", '"updated_by'": null, '"stock_status'": '"in_stock'"}","{'"id'": 288, '"sku'": '"SB39-FGS-36-34.5-24_deleted_1782850532'", '"price'": '"623.00'", '"depth_in'": '"24.00'", '"width_in'": '"36.00'", '"finish_id'": 15, '"height_in'": '"34.50'", '"created_at'": '"2026-06-25T21:07:29.240Z'", '"created_by'": null, '"deleted_at'": '"2026-06-30T20:15:32.541Z'", '"product_id'": 55, '"updated_at'": '"2026-06-30T20:15:32.541Z'", '"updated_by'": 1, '"stock_status'": '"in_stock'"}",2026-06-30 15:15:32.541711-05,,
361,1,SOFT_DELETE,product_variants,289,"{'"id'": 289, '"sku'": '"SB39-LG-36-34.5-24'", '"price'": '"345.00'", '"depth_in'": '"24.00'", '"width_in'": '"36.00'", '"finish_id'": 16, '"height_in'": '"34.50'", '"created_at'": '"2026-06-25T21:07:29.240Z'", '"created_by'": null, '"deleted_at'": null, '"product_id'": 55, '"updated_at'": '"2026-06-25T21:07:29.240Z'", '"updated_by'": null, '"stock_status'": '"in_stock'"}","{'"id'": 289, '"sku'": '"SB39-LG-36-34.5-24_deleted_1782850532'", '"price'": '"345.00'", '"depth_in'": '"24.00'", '"width_in'": '"36.00'", '"finish_id'": 16, '"height_in'": '"34.50'", '"created_at'": '"2026-06-25T21:07:29.240Z'", '"created_by'": null, '"deleted_at'": '"2026-06-30T20:15:32.541Z'", '"product_id'": 55, '"updated_at'": '"2026-06-30T20:15:32.541Z'", '"updated_by'": 1, '"stock_status'": '"in_stock'"}",2026-06-30 15:15:32.541711-05,,
362,1,SOFT_DELETE,product_variants,290,"{'"id'": 290, '"sku'": '"SB39-E-36-34.5-24'", '"price'": '"343.00'", '"depth_in'": '"24.00'", '"width_in'": '"36.00'", '"finish_id'": 17, '"height_in'": '"34.50'", '"created_at'": '"2026-06-25T21:07:29.240Z'", '"created_by'": null, '"deleted_at'": null, '"product_id'": 55, '"updated_at'": '"2026-06-25T21:07:29.240Z'", '"updated_by'": null, '"stock_status'": '"in_stock'"}","{'"id'": 290, '"sku'": '"SB39-E-36-34.5-24_deleted_1782850532'", '"price'": '"343.00'", '"depth_in'": '"24.00'", '"width_in'": '"36.00'", '"finish_id'": 17, '"height_in'": '"34.50'", '"created_at'": '"2026-06-25T21:07:29.240Z'", '"created_by'": null, '"deleted_at'": '"2026-06-30T20:15:32.541Z'", '"product_id'": 55, '"updated_at'": '"2026-06-30T20:15:32.541Z'", '"updated_by'": 1, '"stock_status'": '"in_stock'"}",2026-06-30 15:15:32.541711-05,,
363,1,SOFT_DELETE,product_variants,291,"{'"id'": 291, '"sku'": '"SB39-SM-36-34.5-24'", '"price'": '"435.00'", '"depth_in'": '"24.00'", '"width_in'": '"36.00'", '"finish_id'": 18, '"height_in'": '"34.50'", '"created_at'": '"2026-06-25T21:07:29.240Z'", '"created_by'": null, '"deleted_at'": null, '"product_id'": 55, '"updated_at'": '"2026-06-25T21:07:29.240Z'", '"updated_by'": null, '"stock_status'": '"in_stock'"}","{'"id'": 291, '"sku'": '"SB39-SM-36-34.5-24_deleted_1782850532'", '"price'": '"435.00'", '"depth_in'": '"24.00'", '"width_in'": '"36.00'", '"finish_id'": 18, '"height_in'": '"34.50'", '"created_at'": '"2026-06-25T21:07:29.240Z'", '"created_by'": null, '"deleted_at'": '"2026-06-30T20:15:32.541Z'", '"product_id'": 55, '"updated_at'": '"2026-06-30T20:15:32.541Z'", '"updated_by'": 1, '"stock_status'": '"in_stock'"}",2026-06-30 15:15:32.541711-05,,
364,1,SOFT_DELETE,product_variants,292,"{'"id'": 292, '"sku'": '"SB42-WS-36-34.5-24'", '"price'": '"523.00'", '"depth_in'": '"24.00'", '"width_in'": '"36.00'", '"finish_id'": 1, '"height_in'": '"34.50'", '"created_at'": '"2026-06-25T21:07:29.240Z'", '"created_by'": null, '"deleted_at'": null, '"product_id'": 56, '"updated_at'": '"2026-06-25T21:07:29.240Z'", '"updated_by'": null, '"stock_status'": '"in_stock'"}","{'"id'": 292, '"sku'": '"SB42-WS-36-34.5-24_deleted_1782850535'", '"price'": '"523.00'", '"depth_in'": '"24.00'", '"width_in'": '"36.00'", '"finish_id'": 1, '"height_in'": '"34.50'", '"created_at'": '"2026-06-25T21:07:29.240Z'", '"created_by'": null, '"deleted_at'": '"2026-06-30T20:15:35.800Z'", '"product_id'": 56, '"updated_at'": '"2026-06-30T20:15:35.800Z'", '"updated_by'": 1, '"stock_status'": '"in_stock'"}",2026-06-30 15:15:35.800912-05,,
365,1,SOFT_DELETE,product_variants,295,"{'"id'": 295, '"sku'": '"SB42-ES-36-34.5-24'", '"price'": '"953.00'", '"depth_in'": '"24.00'", '"width_in'": '"36.00'", '"finish_id'": 2, '"height_in'": '"34.50'", '"created_at'": '"2026-06-25T21:07:29.240Z'", '"created_by'": null, '"deleted_at'": null, '"product_id'": 56, '"updated_at'": '"2026-06-25T21:07:29.240Z'", '"updated_by'": null, '"stock_status'": '"in_stock'"}","{'"id'": 295, '"sku'": '"SB42-ES-36-34.5-24_deleted_1782850535'", '"price'": '"953.00'", '"depth_in'": '"24.00'", '"width_in'": '"36.00'", '"finish_id'": 2, '"height_in'": '"34.50'", '"created_at'": '"2026-06-25T21:07:29.240Z'", '"created_by'": null, '"deleted_at'": '"2026-06-30T20:15:35.800Z'", '"product_id'": 56, '"updated_at'": '"2026-06-30T20:15:35.800Z'", '"updated_by'": 1, '"stock_status'": '"in_stock'"}",2026-06-30 15:15:35.800912-05,,
366,1,SOFT_DELETE,product_variants,293,"{'"id'": 293, '"sku'": '"SB42-AS-36-34.5-24'", '"price'": '"523.00'", '"depth_in'": '"24.00'", '"width_in'": '"36.00'", '"finish_id'": 3, '"height_in'": '"34.50'", '"created_at'": '"2026-06-25T21:07:29.240Z'", '"created_by'": null, '"deleted_at'": null, '"product_id'": 56, '"updated_at'": '"2026-06-25T21:07:29.240Z'", '"updated_by'": null, '"stock_status'": '"in_stock'"}","{'"id'": 293, '"sku'": '"SB42-AS-36-34.5-24_deleted_1782850535'", '"price'": '"523.00'", '"depth_in'": '"24.00'", '"width_in'": '"36.00'", '"finish_id'": 3, '"height_in'": '"34.50'", '"created_at'": '"2026-06-25T21:07:29.240Z'", '"created_by'": null, '"deleted_at'": '"2026-06-30T20:15:35.800Z'", '"product_id'": 56, '"updated_at'": '"2026-06-30T20:15:35.800Z'", '"updated_by'": 1, '"stock_status'": '"in_stock'"}",2026-06-30 15:15:35.800912-05,,
367,1,SOFT_DELETE,product_variants,294,"{'"id'": 294, '"sku'": '"SB42-TS-36-34.5-24'", '"price'": '"523.00'", '"depth_in'": '"24.00'", '"width_in'": '"36.00'", '"finish_id'": 9, '"height_in'": '"34.50'", '"created_at'": '"2026-06-25T21:07:29.240Z'", '"created_by'": null, '"deleted_at'": null, '"product_id'": 56, '"updated_at'": '"2026-06-25T21:07:29.240Z'", '"updated_by'": null, '"stock_status'": '"in_stock'"}","{'"id'": 294, '"sku'": '"SB42-TS-36-34.5-24_deleted_1782850535'", '"price'": '"523.00'", '"depth_in'": '"24.00'", '"width_in'": '"36.00'", '"finish_id'": 9, '"height_in'": '"34.50'", '"created_at'": '"2026-06-25T21:07:29.240Z'", '"created_by'": null, '"deleted_at'": '"2026-06-30T20:15:35.800Z'", '"product_id'": 56, '"updated_at'": '"2026-06-30T20:15:35.800Z'", '"updated_by'": 1, '"stock_status'": '"in_stock'"}",2026-06-30 15:15:35.800912-05,,
471,1,UPDATE,email_templates,1,,"{'"event'": '"email_template_updated'", '"summary'": '"admin@cabinet.local updated email template \'"Template 1 - Initial Reminder\'".'", '"is_active'": true, '"delay_hours'": null, '"template_name'": '"Template 1 - Initial Reminder'", '"automation_stage'": 1, '"automation_enabled'": false}",2026-07-02 12:50:53.658985-05,,
368,1,SOFT_DELETE,product_variants,296,"{'"id'": 296, '"sku'": '"SB42-SF-36-34.5-24'", '"price'": '"923.00'", '"depth_in'": '"24.00'", '"width_in'": '"36.00'", '"finish_id'": 10, '"height_in'": '"34.50'", '"created_at'": '"2026-06-25T21:07:29.240Z'", '"created_by'": null, '"deleted_at'": null, '"product_id'": 56, '"updated_at'": '"2026-06-25T21:07:29.240Z'", '"updated_by'": null, '"stock_status'": '"in_stock'"}","{'"id'": 296, '"sku'": '"SB42-SF-36-34.5-24_deleted_1782850535'", '"price'": '"923.00'", '"depth_in'": '"24.00'", '"width_in'": '"36.00'", '"finish_id'": 10, '"height_in'": '"34.50'", '"created_at'": '"2026-06-25T21:07:29.240Z'", '"created_by'": null, '"deleted_at'": '"2026-06-30T20:15:35.800Z'", '"product_id'": 56, '"updated_at'": '"2026-06-30T20:15:35.800Z'", '"updated_by'": 1, '"stock_status'": '"in_stock'"}",2026-06-30 15:15:35.800912-05,,
369,1,SOFT_DELETE,product_variants,297,"{'"id'": 297, '"sku'": '"SB42-BS-36-34.5-24'", '"price'": '"823.00'", '"depth_in'": '"24.00'", '"width_in'": '"36.00'", '"finish_id'": 11, '"height_in'": '"34.50'", '"created_at'": '"2026-06-25T21:07:29.240Z'", '"created_by'": null, '"deleted_at'": null, '"product_id'": 56, '"updated_at'": '"2026-06-25T21:07:29.240Z'", '"updated_by'": null, '"stock_status'": '"in_stock'"}","{'"id'": 297, '"sku'": '"SB42-BS-36-34.5-24_deleted_1782850535'", '"price'": '"823.00'", '"depth_in'": '"24.00'", '"width_in'": '"36.00'", '"finish_id'": 11, '"height_in'": '"34.50'", '"created_at'": '"2026-06-25T21:07:29.240Z'", '"created_by'": null, '"deleted_at'": '"2026-06-30T20:15:35.800Z'", '"product_id'": 56, '"updated_at'": '"2026-06-30T20:15:35.800Z'", '"updated_by'": 1, '"stock_status'": '"in_stock'"}",2026-06-30 15:15:35.800912-05,,
370,1,SOFT_DELETE,product_variants,298,"{'"id'": 298, '"sku'": '"SB42-CS-36-34.5-24'", '"price'": '"723.00'", '"depth_in'": '"24.00'", '"width_in'": '"36.00'", '"finish_id'": 13, '"height_in'": '"34.50'", '"created_at'": '"2026-06-25T21:07:29.240Z'", '"created_by'": null, '"deleted_at'": null, '"product_id'": 56, '"updated_at'": '"2026-06-25T21:07:29.240Z'", '"updated_by'": null, '"stock_status'": '"in_stock'"}","{'"id'": 298, '"sku'": '"SB42-CS-36-34.5-24_deleted_1782850535'", '"price'": '"723.00'", '"depth_in'": '"24.00'", '"width_in'": '"36.00'", '"finish_id'": 13, '"height_in'": '"34.50'", '"created_at'": '"2026-06-25T21:07:29.240Z'", '"created_by'": null, '"deleted_at'": '"2026-06-30T20:15:35.800Z'", '"product_id'": 56, '"updated_at'": '"2026-06-30T20:15:35.800Z'", '"updated_by'": 1, '"stock_status'": '"in_stock'"}",2026-06-30 15:15:35.800912-05,,
371,1,SOFT_DELETE,product_variants,299,"{'"id'": 299, '"sku'": '"SB42-DGS-36-34.5-24'", '"price'": '"853.00'", '"depth_in'": '"24.00'", '"width_in'": '"36.00'", '"finish_id'": 14, '"height_in'": '"34.50'", '"created_at'": '"2026-06-25T21:07:29.240Z'", '"created_by'": null, '"deleted_at'": null, '"product_id'": 56, '"updated_at'": '"2026-06-25T21:07:29.240Z'", '"updated_by'": null, '"stock_status'": '"in_stock'"}","{'"id'": 299, '"sku'": '"SB42-DGS-36-34.5-24_deleted_1782850535'", '"price'": '"853.00'", '"depth_in'": '"24.00'", '"width_in'": '"36.00'", '"finish_id'": 14, '"height_in'": '"34.50'", '"created_at'": '"2026-06-25T21:07:29.240Z'", '"created_by'": null, '"deleted_at'": '"2026-06-30T20:15:35.800Z'", '"product_id'": 56, '"updated_at'": '"2026-06-30T20:15:35.800Z'", '"updated_by'": 1, '"stock_status'": '"in_stock'"}",2026-06-30 15:15:35.800912-05,,
372,1,SOFT_DELETE,product_variants,300,"{'"id'": 300, '"sku'": '"SB42-FGS-36-34.5-24'", '"price'": '"623.00'", '"depth_in'": '"24.00'", '"width_in'": '"36.00'", '"finish_id'": 15, '"height_in'": '"34.50'", '"created_at'": '"2026-06-25T21:07:29.240Z'", '"created_by'": null, '"deleted_at'": null, '"product_id'": 56, '"updated_at'": '"2026-06-25T21:07:29.240Z'", '"updated_by'": null, '"stock_status'": '"in_stock'"}","{'"id'": 300, '"sku'": '"SB42-FGS-36-34.5-24_deleted_1782850535'", '"price'": '"623.00'", '"depth_in'": '"24.00'", '"width_in'": '"36.00'", '"finish_id'": 15, '"height_in'": '"34.50'", '"created_at'": '"2026-06-25T21:07:29.240Z'", '"created_by'": null, '"deleted_at'": '"2026-06-30T20:15:35.800Z'", '"product_id'": 56, '"updated_at'": '"2026-06-30T20:15:35.800Z'", '"updated_by'": 1, '"stock_status'": '"in_stock'"}",2026-06-30 15:15:35.800912-05,,
373,1,SOFT_DELETE,product_variants,301,"{'"id'": 301, '"sku'": '"SB42-LG-36-34.5-24'", '"price'": '"345.00'", '"depth_in'": '"24.00'", '"width_in'": '"36.00'", '"finish_id'": 16, '"height_in'": '"34.50'", '"created_at'": '"2026-06-25T21:07:29.240Z'", '"created_by'": null, '"deleted_at'": null, '"product_id'": 56, '"updated_at'": '"2026-06-25T21:07:29.240Z'", '"updated_by'": null, '"stock_status'": '"in_stock'"}","{'"id'": 301, '"sku'": '"SB42-LG-36-34.5-24_deleted_1782850535'", '"price'": '"345.00'", '"depth_in'": '"24.00'", '"width_in'": '"36.00'", '"finish_id'": 16, '"height_in'": '"34.50'", '"created_at'": '"2026-06-25T21:07:29.240Z'", '"created_by'": null, '"deleted_at'": '"2026-06-30T20:15:35.800Z'", '"product_id'": 56, '"updated_at'": '"2026-06-30T20:15:35.800Z'", '"updated_by'": 1, '"stock_status'": '"in_stock'"}",2026-06-30 15:15:35.800912-05,,
374,1,SOFT_DELETE,product_variants,302,"{'"id'": 302, '"sku'": '"SB42-E-36-34.5-24'", '"price'": '"343.00'", '"depth_in'": '"24.00'", '"width_in'": '"36.00'", '"finish_id'": 17, '"height_in'": '"34.50'", '"created_at'": '"2026-06-25T21:07:29.240Z'", '"created_by'": null, '"deleted_at'": null, '"product_id'": 56, '"updated_at'": '"2026-06-25T21:07:29.240Z'", '"updated_by'": null, '"stock_status'": '"in_stock'"}","{'"id'": 302, '"sku'": '"SB42-E-36-34.5-24_deleted_1782850535'", '"price'": '"343.00'", '"depth_in'": '"24.00'", '"width_in'": '"36.00'", '"finish_id'": 17, '"height_in'": '"34.50'", '"created_at'": '"2026-06-25T21:07:29.240Z'", '"created_by'": null, '"deleted_at'": '"2026-06-30T20:15:35.800Z'", '"product_id'": 56, '"updated_at'": '"2026-06-30T20:15:35.800Z'", '"updated_by'": 1, '"stock_status'": '"in_stock'"}",2026-06-30 15:15:35.800912-05,,
375,1,SOFT_DELETE,product_variants,303,"{'"id'": 303, '"sku'": '"SB42-SM-36-34.5-24'", '"price'": '"435.00'", '"depth_in'": '"24.00'", '"width_in'": '"36.00'", '"finish_id'": 18, '"height_in'": '"34.50'", '"created_at'": '"2026-06-25T21:07:29.240Z'", '"created_by'": null, '"deleted_at'": null, '"product_id'": 56, '"updated_at'": '"2026-06-25T21:07:29.240Z'", '"updated_by'": null, '"stock_status'": '"in_stock'"}","{'"id'": 303, '"sku'": '"SB42-SM-36-34.5-24_deleted_1782850535'", '"price'": '"435.00'", '"depth_in'": '"24.00'", '"width_in'": '"36.00'", '"finish_id'": 18, '"height_in'": '"34.50'", '"created_at'": '"2026-06-25T21:07:29.240Z'", '"created_by'": null, '"deleted_at'": '"2026-06-30T20:15:35.800Z'", '"product_id'": 56, '"updated_at'": '"2026-06-30T20:15:35.800Z'", '"updated_by'": 1, '"stock_status'": '"in_stock'"}",2026-06-30 15:15:35.800912-05,,
376,1,SOFT_DELETE,product_variants,1946,"{'"id'": 1946, '"sku'": '"WR1815-WS-18-15-12'", '"price'": '"589.00'", '"depth_in'": '"12.00'", '"width_in'": '"18.00'", '"finish_id'": 1, '"height_in'": '"15.00'", '"created_at'": '"2026-06-26T18:13:08.164Z'", '"created_by'": null, '"deleted_at'": null, '"product_id'": 164, '"updated_at'": '"2026-06-30T14:12:27.011Z'", '"updated_by'": null, '"stock_status'": '"in_stock'"}","{'"id'": 1946, '"sku'": '"WR1815-WS-18-15-12_deleted_1782850540'", '"price'": '"589.00'", '"depth_in'": '"12.00'", '"width_in'": '"18.00'", '"finish_id'": 1, '"height_in'": '"15.00'", '"created_at'": '"2026-06-26T18:13:08.164Z'", '"created_by'": null, '"deleted_at'": '"2026-06-30T20:15:40.613Z'", '"product_id'": 164, '"updated_at'": '"2026-06-30T20:15:40.613Z'", '"updated_by'": 1, '"stock_status'": '"in_stock'"}",2026-06-30 15:15:40.613226-05,,
472,1,CREATE,users,2,,"{'"code'": '"CAB-CCJF-CF'", '"event'": '"promo_code_issued'", '"source'": '"manual'", '"summary'": '"admin@cabinet.local created manual coupon CAB-CCJF-CF (5% off, expires Jul 4, 2026) for dealer ahmetsakallioglu54@gmail.com.'", '"discount_type'": '"percentage'", '"promo_code_id'": '"16f4adf7-8d5b-4739-8509-2331a9458405'", '"discount_value'": 5}",2026-07-02 12:50:57.851695-05,,
377,1,SOFT_DELETE,product_variants,1949,"{'"id'": 1949, '"sku'": '"WR1815-ES-18-15-12'", '"price'": '"953.00'", '"depth_in'": '"12.00'", '"width_in'": '"18.00'", '"finish_id'": 2, '"height_in'": '"15.00'", '"created_at'": '"2026-06-26T18:13:08.164Z'", '"created_by'": null, '"deleted_at'": null, '"product_id'": 164, '"updated_at'": '"2026-06-30T14:12:27.011Z'", '"updated_by'": null, '"stock_status'": '"in_stock'"}","{'"id'": 1949, '"sku'": '"WR1815-ES-18-15-12_deleted_1782850540'", '"price'": '"953.00'", '"depth_in'": '"12.00'", '"width_in'": '"18.00'", '"finish_id'": 2, '"height_in'": '"15.00'", '"created_at'": '"2026-06-26T18:13:08.164Z'", '"created_by'": null, '"deleted_at'": '"2026-06-30T20:15:40.613Z'", '"product_id'": 164, '"updated_at'": '"2026-06-30T20:15:40.613Z'", '"updated_by'": 1, '"stock_status'": '"in_stock'"}",2026-06-30 15:15:40.613226-05,,
378,1,SOFT_DELETE,product_variants,1947,"{'"id'": 1947, '"sku'": '"WR1815-AS-18-15-12'", '"price'": '"589.00'", '"depth_in'": '"12.00'", '"width_in'": '"18.00'", '"finish_id'": 3, '"height_in'": '"15.00'", '"created_at'": '"2026-06-26T18:13:08.164Z'", '"created_by'": null, '"deleted_at'": null, '"product_id'": 164, '"updated_at'": '"2026-06-30T14:12:27.011Z'", '"updated_by'": null, '"stock_status'": '"in_stock'"}","{'"id'": 1947, '"sku'": '"WR1815-AS-18-15-12_deleted_1782850540'", '"price'": '"589.00'", '"depth_in'": '"12.00'", '"width_in'": '"18.00'", '"finish_id'": 3, '"height_in'": '"15.00'", '"created_at'": '"2026-06-26T18:13:08.164Z'", '"created_by'": null, '"deleted_at'": '"2026-06-30T20:15:40.613Z'", '"product_id'": 164, '"updated_at'": '"2026-06-30T20:15:40.613Z'", '"updated_by'": 1, '"stock_status'": '"in_stock'"}",2026-06-30 15:15:40.613226-05,,
379,1,SOFT_DELETE,product_variants,1948,"{'"id'": 1948, '"sku'": '"WR1815-TS-18-15-12'", '"price'": '"589.00'", '"depth_in'": '"12.00'", '"width_in'": '"18.00'", '"finish_id'": 9, '"height_in'": '"15.00'", '"created_at'": '"2026-06-26T18:13:08.164Z'", '"created_by'": null, '"deleted_at'": null, '"product_id'": 164, '"updated_at'": '"2026-06-30T14:12:27.011Z'", '"updated_by'": null, '"stock_status'": '"in_stock'"}","{'"id'": 1948, '"sku'": '"WR1815-TS-18-15-12_deleted_1782850540'", '"price'": '"589.00'", '"depth_in'": '"12.00'", '"width_in'": '"18.00'", '"finish_id'": 9, '"height_in'": '"15.00'", '"created_at'": '"2026-06-26T18:13:08.164Z'", '"created_by'": null, '"deleted_at'": '"2026-06-30T20:15:40.613Z'", '"product_id'": 164, '"updated_at'": '"2026-06-30T20:15:40.613Z'", '"updated_by'": 1, '"stock_status'": '"in_stock'"}",2026-06-30 15:15:40.613226-05,,
380,1,SOFT_DELETE,product_variants,1950,"{'"id'": 1950, '"sku'": '"WR1815-SF-18-15-12'", '"price'": '"923.00'", '"depth_in'": '"12.00'", '"width_in'": '"18.00'", '"finish_id'": 10, '"height_in'": '"15.00'", '"created_at'": '"2026-06-26T18:13:08.164Z'", '"created_by'": null, '"deleted_at'": null, '"product_id'": 164, '"updated_at'": '"2026-06-30T14:12:27.011Z'", '"updated_by'": null, '"stock_status'": '"in_stock'"}","{'"id'": 1950, '"sku'": '"WR1815-SF-18-15-12_deleted_1782850540'", '"price'": '"923.00'", '"depth_in'": '"12.00'", '"width_in'": '"18.00'", '"finish_id'": 10, '"height_in'": '"15.00'", '"created_at'": '"2026-06-26T18:13:08.164Z'", '"created_by'": null, '"deleted_at'": '"2026-06-30T20:15:40.613Z'", '"product_id'": 164, '"updated_at'": '"2026-06-30T20:15:40.613Z'", '"updated_by'": 1, '"stock_status'": '"in_stock'"}",2026-06-30 15:15:40.613226-05,,
381,1,SOFT_DELETE,product_variants,1951,"{'"id'": 1951, '"sku'": '"WR1815-BS-18-15-12'", '"price'": '"823.00'", '"depth_in'": '"12.00'", '"width_in'": '"18.00'", '"finish_id'": 11, '"height_in'": '"15.00'", '"created_at'": '"2026-06-26T18:13:08.164Z'", '"created_by'": null, '"deleted_at'": null, '"product_id'": 164, '"updated_at'": '"2026-06-30T14:12:27.011Z'", '"updated_by'": null, '"stock_status'": '"in_stock'"}","{'"id'": 1951, '"sku'": '"WR1815-BS-18-15-12_deleted_1782850540'", '"price'": '"823.00'", '"depth_in'": '"12.00'", '"width_in'": '"18.00'", '"finish_id'": 11, '"height_in'": '"15.00'", '"created_at'": '"2026-06-26T18:13:08.164Z'", '"created_by'": null, '"deleted_at'": '"2026-06-30T20:15:40.613Z'", '"product_id'": 164, '"updated_at'": '"2026-06-30T20:15:40.613Z'", '"updated_by'": 1, '"stock_status'": '"in_stock'"}",2026-06-30 15:15:40.613226-05,,
382,1,SOFT_DELETE,product_variants,1952,"{'"id'": 1952, '"sku'": '"WR1815-CS-18-15-12'", '"price'": '"723.00'", '"depth_in'": '"12.00'", '"width_in'": '"18.00'", '"finish_id'": 13, '"height_in'": '"15.00'", '"created_at'": '"2026-06-26T18:13:08.164Z'", '"created_by'": null, '"deleted_at'": null, '"product_id'": 164, '"updated_at'": '"2026-06-30T14:12:27.011Z'", '"updated_by'": null, '"stock_status'": '"in_stock'"}","{'"id'": 1952, '"sku'": '"WR1815-CS-18-15-12_deleted_1782850540'", '"price'": '"723.00'", '"depth_in'": '"12.00'", '"width_in'": '"18.00'", '"finish_id'": 13, '"height_in'": '"15.00'", '"created_at'": '"2026-06-26T18:13:08.164Z'", '"created_by'": null, '"deleted_at'": '"2026-06-30T20:15:40.613Z'", '"product_id'": 164, '"updated_at'": '"2026-06-30T20:15:40.613Z'", '"updated_by'": 1, '"stock_status'": '"in_stock'"}",2026-06-30 15:15:40.613226-05,,
383,1,SOFT_DELETE,product_variants,1953,"{'"id'": 1953, '"sku'": '"WR1815-DGS-18-15-12'", '"price'": '"853.00'", '"depth_in'": '"12.00'", '"width_in'": '"18.00'", '"finish_id'": 14, '"height_in'": '"15.00'", '"created_at'": '"2026-06-26T18:13:08.164Z'", '"created_by'": null, '"deleted_at'": null, '"product_id'": 164, '"updated_at'": '"2026-06-30T14:12:27.011Z'", '"updated_by'": null, '"stock_status'": '"in_stock'"}","{'"id'": 1953, '"sku'": '"WR1815-DGS-18-15-12_deleted_1782850540'", '"price'": '"853.00'", '"depth_in'": '"12.00'", '"width_in'": '"18.00'", '"finish_id'": 14, '"height_in'": '"15.00'", '"created_at'": '"2026-06-26T18:13:08.164Z'", '"created_by'": null, '"deleted_at'": '"2026-06-30T20:15:40.613Z'", '"product_id'": 164, '"updated_at'": '"2026-06-30T20:15:40.613Z'", '"updated_by'": 1, '"stock_status'": '"in_stock'"}",2026-06-30 15:15:40.613226-05,,
384,1,SOFT_DELETE,product_variants,1954,"{'"id'": 1954, '"sku'": '"WR1815-FGS-18-15-12'", '"price'": '"623.00'", '"depth_in'": '"12.00'", '"width_in'": '"18.00'", '"finish_id'": 15, '"height_in'": '"15.00'", '"created_at'": '"2026-06-26T18:13:08.164Z'", '"created_by'": null, '"deleted_at'": null, '"product_id'": 164, '"updated_at'": '"2026-06-30T14:12:27.011Z'", '"updated_by'": null, '"stock_status'": '"in_stock'"}","{'"id'": 1954, '"sku'": '"WR1815-FGS-18-15-12_deleted_1782850540'", '"price'": '"623.00'", '"depth_in'": '"12.00'", '"width_in'": '"18.00'", '"finish_id'": 15, '"height_in'": '"15.00'", '"created_at'": '"2026-06-26T18:13:08.164Z'", '"created_by'": null, '"deleted_at'": '"2026-06-30T20:15:40.613Z'", '"product_id'": 164, '"updated_at'": '"2026-06-30T20:15:40.613Z'", '"updated_by'": 1, '"stock_status'": '"in_stock'"}",2026-06-30 15:15:40.613226-05,,
385,1,SOFT_DELETE,product_variants,1955,"{'"id'": 1955, '"sku'": '"WR1815-LG-18-15-12'", '"price'": '"345.00'", '"depth_in'": '"12.00'", '"width_in'": '"18.00'", '"finish_id'": 16, '"height_in'": '"15.00'", '"created_at'": '"2026-06-26T18:13:08.164Z'", '"created_by'": null, '"deleted_at'": null, '"product_id'": 164, '"updated_at'": '"2026-06-30T14:12:27.011Z'", '"updated_by'": null, '"stock_status'": '"in_stock'"}","{'"id'": 1955, '"sku'": '"WR1815-LG-18-15-12_deleted_1782850540'", '"price'": '"345.00'", '"depth_in'": '"12.00'", '"width_in'": '"18.00'", '"finish_id'": 16, '"height_in'": '"15.00'", '"created_at'": '"2026-06-26T18:13:08.164Z'", '"created_by'": null, '"deleted_at'": '"2026-06-30T20:15:40.613Z'", '"product_id'": 164, '"updated_at'": '"2026-06-30T20:15:40.613Z'", '"updated_by'": 1, '"stock_status'": '"in_stock'"}",2026-06-30 15:15:40.613226-05,,
473,1,CREATE,users,2,,"{'"event'": '"dealer_email_sent'", '"summary'": '"admin@cabinet.local sent \'"Template 1 - Initial Reminder\'" to ahmetsakallioglu54@gmail.com (Tier group: New).'", '"send_type'": '"bulk'", '"template_id'": 1, '"template_name'": '"Template 1 - Initial Reminder'", '"recipient_email'": '"ahmetsakallioglu54@gmail.com'"}",2026-07-02 12:50:58.64945-05,,
386,1,SOFT_DELETE,product_variants,1956,"{'"id'": 1956, '"sku'": '"WR1815-E-18-15-12'", '"price'": '"343.00'", '"depth_in'": '"12.00'", '"width_in'": '"18.00'", '"finish_id'": 17, '"height_in'": '"15.00'", '"created_at'": '"2026-06-26T18:13:08.164Z'", '"created_by'": null, '"deleted_at'": null, '"product_id'": 164, '"updated_at'": '"2026-06-30T14:12:27.011Z'", '"updated_by'": null, '"stock_status'": '"in_stock'"}","{'"id'": 1956, '"sku'": '"WR1815-E-18-15-12_deleted_1782850540'", '"price'": '"343.00'", '"depth_in'": '"12.00'", '"width_in'": '"18.00'", '"finish_id'": 17, '"height_in'": '"15.00'", '"created_at'": '"2026-06-26T18:13:08.164Z'", '"created_by'": null, '"deleted_at'": '"2026-06-30T20:15:40.613Z'", '"product_id'": 164, '"updated_at'": '"2026-06-30T20:15:40.613Z'", '"updated_by'": 1, '"stock_status'": '"in_stock'"}",2026-06-30 15:15:40.613226-05,,
387,1,SOFT_DELETE,product_variants,1957,"{'"id'": 1957, '"sku'": '"WR1815-SM-18-15-12'", '"price'": '"435.00'", '"depth_in'": '"12.00'", '"width_in'": '"18.00'", '"finish_id'": 18, '"height_in'": '"15.00'", '"created_at'": '"2026-06-26T18:13:08.164Z'", '"created_by'": null, '"deleted_at'": null, '"product_id'": 164, '"updated_at'": '"2026-06-30T14:12:27.011Z'", '"updated_by'": null, '"stock_status'": '"in_stock'"}","{'"id'": 1957, '"sku'": '"WR1815-SM-18-15-12_deleted_1782850540'", '"price'": '"435.00'", '"depth_in'": '"12.00'", '"width_in'": '"18.00'", '"finish_id'": 18, '"height_in'": '"15.00'", '"created_at'": '"2026-06-26T18:13:08.164Z'", '"created_by'": null, '"deleted_at'": '"2026-06-30T20:15:40.613Z'", '"product_id'": 164, '"updated_at'": '"2026-06-30T20:15:40.613Z'", '"updated_by'": 1, '"stock_status'": '"in_stock'"}",2026-06-30 15:15:40.613226-05,,
388,1,SOFT_DELETE,products,164,"{'"id'": 164, '"sku'": '"WR1815'", '"name'": '"WR1815'", '"image_url'": null, '"created_at'": '"2026-06-26T18:13:08.164Z'", '"created_by'": null, '"deleted_at'": null, '"updated_at'": '"2026-06-30T14:12:27.011Z'", '"updated_by'": null, '"description'": '"Wall Wine Rack - Included Shelf'", '"sub_category_id'": 29}","{'"id'": 164, '"sku'": '"WR1815_deleted_1782850540'", '"name'": '"WR1815'", '"image_url'": null, '"created_at'": '"2026-06-26T18:13:08.164Z'", '"created_by'": null, '"deleted_at'": '"2026-06-30T20:15:40.613Z'", '"updated_at'": '"2026-06-30T20:15:40.613Z'", '"updated_by'": 1, '"description'": '"Wall Wine Rack - Included Shelf'", '"sub_category_id'": 29}",2026-06-30 15:15:40.613226-05,,
389,1,SOFT_DELETE,product_variants,2414,"{'"id'": 2414, '"sku'": '"TP3096-WS-30-90-24'", '"price'": '"435.00'", '"depth_in'": '"24.00'", '"width_in'": '"30.00'", '"finish_id'": 1, '"height_in'": '"90.00'", '"created_at'": '"2026-06-26T20:14:28.016Z'", '"created_by'": null, '"deleted_at'": null, '"product_id'": 205, '"updated_at'": '"2026-06-26T20:14:28.016Z'", '"updated_by'": null, '"stock_status'": '"in_stock'"}","{'"id'": 2414, '"sku'": '"TP3096-WS-30-90-24_deleted_1782850542'", '"price'": '"435.00'", '"depth_in'": '"24.00'", '"width_in'": '"30.00'", '"finish_id'": 1, '"height_in'": '"90.00'", '"created_at'": '"2026-06-26T20:14:28.016Z'", '"created_by'": null, '"deleted_at'": '"2026-06-30T20:15:42.584Z'", '"product_id'": 205, '"updated_at'": '"2026-06-30T20:15:42.584Z'", '"updated_by'": 1, '"stock_status'": '"in_stock'"}",2026-06-30 15:15:42.584622-05,,
390,1,SOFT_DELETE,product_variants,2417,"{'"id'": 2417, '"sku'": '"TP3096-ES-30-90-24'", '"price'": '"953.00'", '"depth_in'": '"24.00'", '"width_in'": '"30.00'", '"finish_id'": 2, '"height_in'": '"90.00'", '"created_at'": '"2026-06-26T20:14:28.016Z'", '"created_by'": null, '"deleted_at'": null, '"product_id'": 205, '"updated_at'": '"2026-06-26T20:14:28.016Z'", '"updated_by'": null, '"stock_status'": '"in_stock'"}","{'"id'": 2417, '"sku'": '"TP3096-ES-30-90-24_deleted_1782850542'", '"price'": '"953.00'", '"depth_in'": '"24.00'", '"width_in'": '"30.00'", '"finish_id'": 2, '"height_in'": '"90.00'", '"created_at'": '"2026-06-26T20:14:28.016Z'", '"created_by'": null, '"deleted_at'": '"2026-06-30T20:15:42.584Z'", '"product_id'": 205, '"updated_at'": '"2026-06-30T20:15:42.584Z'", '"updated_by'": 1, '"stock_status'": '"in_stock'"}",2026-06-30 15:15:42.584622-05,,
391,1,SOFT_DELETE,product_variants,2415,"{'"id'": 2415, '"sku'": '"TP3096-AS-30-90-24'", '"price'": '"435.00'", '"depth_in'": '"24.00'", '"width_in'": '"30.00'", '"finish_id'": 3, '"height_in'": '"90.00'", '"created_at'": '"2026-06-26T20:14:28.016Z'", '"created_by'": null, '"deleted_at'": null, '"product_id'": 205, '"updated_at'": '"2026-06-26T20:14:28.016Z'", '"updated_by'": null, '"stock_status'": '"in_stock'"}","{'"id'": 2415, '"sku'": '"TP3096-AS-30-90-24_deleted_1782850542'", '"price'": '"435.00'", '"depth_in'": '"24.00'", '"width_in'": '"30.00'", '"finish_id'": 3, '"height_in'": '"90.00'", '"created_at'": '"2026-06-26T20:14:28.016Z'", '"created_by'": null, '"deleted_at'": '"2026-06-30T20:15:42.584Z'", '"product_id'": 205, '"updated_at'": '"2026-06-30T20:15:42.584Z'", '"updated_by'": 1, '"stock_status'": '"in_stock'"}",2026-06-30 15:15:42.584622-05,,
392,1,SOFT_DELETE,product_variants,2416,"{'"id'": 2416, '"sku'": '"TP3096-TS-30-90-24'", '"price'": '"435.00'", '"depth_in'": '"24.00'", '"width_in'": '"30.00'", '"finish_id'": 9, '"height_in'": '"90.00'", '"created_at'": '"2026-06-26T20:14:28.016Z'", '"created_by'": null, '"deleted_at'": null, '"product_id'": 205, '"updated_at'": '"2026-06-26T20:14:28.016Z'", '"updated_by'": null, '"stock_status'": '"in_stock'"}","{'"id'": 2416, '"sku'": '"TP3096-TS-30-90-24_deleted_1782850542'", '"price'": '"435.00'", '"depth_in'": '"24.00'", '"width_in'": '"30.00'", '"finish_id'": 9, '"height_in'": '"90.00'", '"created_at'": '"2026-06-26T20:14:28.016Z'", '"created_by'": null, '"deleted_at'": '"2026-06-30T20:15:42.584Z'", '"product_id'": 205, '"updated_at'": '"2026-06-30T20:15:42.584Z'", '"updated_by'": 1, '"stock_status'": '"in_stock'"}",2026-06-30 15:15:42.584622-05,,
393,1,SOFT_DELETE,product_variants,2418,"{'"id'": 2418, '"sku'": '"TP3096-SF-30-90-24'", '"price'": '"923.00'", '"depth_in'": '"24.00'", '"width_in'": '"30.00'", '"finish_id'": 10, '"height_in'": '"90.00'", '"created_at'": '"2026-06-26T20:14:28.016Z'", '"created_by'": null, '"deleted_at'": null, '"product_id'": 205, '"updated_at'": '"2026-06-26T20:14:28.016Z'", '"updated_by'": null, '"stock_status'": '"in_stock'"}","{'"id'": 2418, '"sku'": '"TP3096-SF-30-90-24_deleted_1782850542'", '"price'": '"923.00'", '"depth_in'": '"24.00'", '"width_in'": '"30.00'", '"finish_id'": 10, '"height_in'": '"90.00'", '"created_at'": '"2026-06-26T20:14:28.016Z'", '"created_by'": null, '"deleted_at'": '"2026-06-30T20:15:42.584Z'", '"product_id'": 205, '"updated_at'": '"2026-06-30T20:15:42.584Z'", '"updated_by'": 1, '"stock_status'": '"in_stock'"}",2026-06-30 15:15:42.584622-05,,
394,1,SOFT_DELETE,product_variants,2419,"{'"id'": 2419, '"sku'": '"TP3096-BS-30-90-24'", '"price'": '"823.00'", '"depth_in'": '"24.00'", '"width_in'": '"30.00'", '"finish_id'": 11, '"height_in'": '"90.00'", '"created_at'": '"2026-06-26T20:14:28.016Z'", '"created_by'": null, '"deleted_at'": null, '"product_id'": 205, '"updated_at'": '"2026-06-26T20:14:28.016Z'", '"updated_by'": null, '"stock_status'": '"in_stock'"}","{'"id'": 2419, '"sku'": '"TP3096-BS-30-90-24_deleted_1782850542'", '"price'": '"823.00'", '"depth_in'": '"24.00'", '"width_in'": '"30.00'", '"finish_id'": 11, '"height_in'": '"90.00'", '"created_at'": '"2026-06-26T20:14:28.016Z'", '"created_by'": null, '"deleted_at'": '"2026-06-30T20:15:42.584Z'", '"product_id'": 205, '"updated_at'": '"2026-06-30T20:15:42.584Z'", '"updated_by'": 1, '"stock_status'": '"in_stock'"}",2026-06-30 15:15:42.584622-05,,
474,1,CREATE,email_templates,1,,"{'"sent'": 1, '"event'": '"bulk_email_campaign'", '"total'": 1, '"failed'": 0, '"summary'": '"admin@cabinet.local sent bulk email \'"Template 1 - Initial Reminder\'" to Tier group: New: 1/1 delivered.'", '"target_label'": '"Tier group: New'", '"template_name'": '"Template 1 - Initial Reminder'"}",2026-07-02 12:50:58.650493-05,,
395,1,SOFT_DELETE,product_variants,2420,"{'"id'": 2420, '"sku'": '"TP3096-CS-30-90-24'", '"price'": '"723.00'", '"depth_in'": '"24.00'", '"width_in'": '"30.00'", '"finish_id'": 13, '"height_in'": '"90.00'", '"created_at'": '"2026-06-26T20:14:28.016Z'", '"created_by'": null, '"deleted_at'": null, '"product_id'": 205, '"updated_at'": '"2026-06-26T20:14:28.016Z'", '"updated_by'": null, '"stock_status'": '"in_stock'"}","{'"id'": 2420, '"sku'": '"TP3096-CS-30-90-24_deleted_1782850542'", '"price'": '"723.00'", '"depth_in'": '"24.00'", '"width_in'": '"30.00'", '"finish_id'": 13, '"height_in'": '"90.00'", '"created_at'": '"2026-06-26T20:14:28.016Z'", '"created_by'": null, '"deleted_at'": '"2026-06-30T20:15:42.584Z'", '"product_id'": 205, '"updated_at'": '"2026-06-30T20:15:42.584Z'", '"updated_by'": 1, '"stock_status'": '"in_stock'"}",2026-06-30 15:15:42.584622-05,,
396,1,SOFT_DELETE,product_variants,2421,"{'"id'": 2421, '"sku'": '"TP3096-DGS-30-90-24'", '"price'": '"853.00'", '"depth_in'": '"24.00'", '"width_in'": '"30.00'", '"finish_id'": 14, '"height_in'": '"90.00'", '"created_at'": '"2026-06-26T20:14:28.016Z'", '"created_by'": null, '"deleted_at'": null, '"product_id'": 205, '"updated_at'": '"2026-06-26T20:14:28.016Z'", '"updated_by'": null, '"stock_status'": '"in_stock'"}","{'"id'": 2421, '"sku'": '"TP3096-DGS-30-90-24_deleted_1782850542'", '"price'": '"853.00'", '"depth_in'": '"24.00'", '"width_in'": '"30.00'", '"finish_id'": 14, '"height_in'": '"90.00'", '"created_at'": '"2026-06-26T20:14:28.016Z'", '"created_by'": null, '"deleted_at'": '"2026-06-30T20:15:42.584Z'", '"product_id'": 205, '"updated_at'": '"2026-06-30T20:15:42.584Z'", '"updated_by'": 1, '"stock_status'": '"in_stock'"}",2026-06-30 15:15:42.584622-05,,
397,1,SOFT_DELETE,product_variants,2422,"{'"id'": 2422, '"sku'": '"TP3096-FGS-30-90-24'", '"price'": '"623.00'", '"depth_in'": '"24.00'", '"width_in'": '"30.00'", '"finish_id'": 15, '"height_in'": '"90.00'", '"created_at'": '"2026-06-26T20:14:28.016Z'", '"created_by'": null, '"deleted_at'": null, '"product_id'": 205, '"updated_at'": '"2026-06-26T20:14:28.016Z'", '"updated_by'": null, '"stock_status'": '"in_stock'"}","{'"id'": 2422, '"sku'": '"TP3096-FGS-30-90-24_deleted_1782850542'", '"price'": '"623.00'", '"depth_in'": '"24.00'", '"width_in'": '"30.00'", '"finish_id'": 15, '"height_in'": '"90.00'", '"created_at'": '"2026-06-26T20:14:28.016Z'", '"created_by'": null, '"deleted_at'": '"2026-06-30T20:15:42.584Z'", '"product_id'": 205, '"updated_at'": '"2026-06-30T20:15:42.584Z'", '"updated_by'": 1, '"stock_status'": '"in_stock'"}",2026-06-30 15:15:42.584622-05,,
398,1,SOFT_DELETE,product_variants,2423,"{'"id'": 2423, '"sku'": '"TP3096-LG-30-90-24'", '"price'": '"345.00'", '"depth_in'": '"24.00'", '"width_in'": '"30.00'", '"finish_id'": 16, '"height_in'": '"90.00'", '"created_at'": '"2026-06-26T20:14:28.016Z'", '"created_by'": null, '"deleted_at'": null, '"product_id'": 205, '"updated_at'": '"2026-06-26T20:14:28.016Z'", '"updated_by'": null, '"stock_status'": '"in_stock'"}","{'"id'": 2423, '"sku'": '"TP3096-LG-30-90-24_deleted_1782850542'", '"price'": '"345.00'", '"depth_in'": '"24.00'", '"width_in'": '"30.00'", '"finish_id'": 16, '"height_in'": '"90.00'", '"created_at'": '"2026-06-26T20:14:28.016Z'", '"created_by'": null, '"deleted_at'": '"2026-06-30T20:15:42.584Z'", '"product_id'": 205, '"updated_at'": '"2026-06-30T20:15:42.584Z'", '"updated_by'": 1, '"stock_status'": '"in_stock'"}",2026-06-30 15:15:42.584622-05,,
399,1,SOFT_DELETE,product_variants,2424,"{'"id'": 2424, '"sku'": '"TP3096-E-30-90-24'", '"price'": '"343.00'", '"depth_in'": '"24.00'", '"width_in'": '"30.00'", '"finish_id'": 17, '"height_in'": '"90.00'", '"created_at'": '"2026-06-26T20:14:28.016Z'", '"created_by'": null, '"deleted_at'": null, '"product_id'": 205, '"updated_at'": '"2026-06-26T20:14:28.016Z'", '"updated_by'": null, '"stock_status'": '"in_stock'"}","{'"id'": 2424, '"sku'": '"TP3096-E-30-90-24_deleted_1782850542'", '"price'": '"343.00'", '"depth_in'": '"24.00'", '"width_in'": '"30.00'", '"finish_id'": 17, '"height_in'": '"90.00'", '"created_at'": '"2026-06-26T20:14:28.016Z'", '"created_by'": null, '"deleted_at'": '"2026-06-30T20:15:42.584Z'", '"product_id'": 205, '"updated_at'": '"2026-06-30T20:15:42.584Z'", '"updated_by'": 1, '"stock_status'": '"in_stock'"}",2026-06-30 15:15:42.584622-05,,
400,1,SOFT_DELETE,product_variants,2425,"{'"id'": 2425, '"sku'": '"TP3096-SM-30-90-24'", '"price'": '"435.00'", '"depth_in'": '"24.00'", '"width_in'": '"30.00'", '"finish_id'": 18, '"height_in'": '"90.00'", '"created_at'": '"2026-06-26T20:14:28.016Z'", '"created_by'": null, '"deleted_at'": null, '"product_id'": 205, '"updated_at'": '"2026-06-26T20:14:28.016Z'", '"updated_by'": null, '"stock_status'": '"in_stock'"}","{'"id'": 2425, '"sku'": '"TP3096-SM-30-90-24_deleted_1782850542'", '"price'": '"435.00'", '"depth_in'": '"24.00'", '"width_in'": '"30.00'", '"finish_id'": 18, '"height_in'": '"90.00'", '"created_at'": '"2026-06-26T20:14:28.016Z'", '"created_by'": null, '"deleted_at'": '"2026-06-30T20:15:42.584Z'", '"product_id'": 205, '"updated_at'": '"2026-06-30T20:15:42.584Z'", '"updated_by'": 1, '"stock_status'": '"in_stock'"}",2026-06-30 15:15:42.584622-05,,
401,1,SOFT_DELETE,product_variants,3290,"{'"id'": 3290, '"sku'": '"WF339-WS-3-39-3'", '"price'": '"120.00'", '"depth_in'": '"3.00'", '"width_in'": '"3.00'", '"finish_id'": 1, '"height_in'": '"39.00'", '"created_at'": '"2026-06-26T21:29:57.071Z'", '"created_by'": null, '"deleted_at'": null, '"product_id'": 277, '"updated_at'": '"2026-06-30T14:12:27.011Z'", '"updated_by'": null, '"stock_status'": '"in_stock'"}","{'"id'": 3290, '"sku'": '"WF339-WS-3-39-3_deleted_1782850544'", '"price'": '"120.00'", '"depth_in'": '"3.00'", '"width_in'": '"3.00'", '"finish_id'": 1, '"height_in'": '"39.00'", '"created_at'": '"2026-06-26T21:29:57.071Z'", '"created_by'": null, '"deleted_at'": '"2026-06-30T20:15:44.698Z'", '"product_id'": 277, '"updated_at'": '"2026-06-30T20:15:44.698Z'", '"updated_by'": 1, '"stock_status'": '"in_stock'"}",2026-06-30 15:15:44.698313-05,,
402,1,SOFT_DELETE,product_variants,3293,"{'"id'": 3293, '"sku'": '"WF339-ES-3-39-3'", '"price'": '"115.00'", '"depth_in'": '"3.00'", '"width_in'": '"3.00'", '"finish_id'": 2, '"height_in'": '"39.00'", '"created_at'": '"2026-06-26T21:29:57.071Z'", '"created_by'": null, '"deleted_at'": null, '"product_id'": 277, '"updated_at'": '"2026-06-30T14:12:27.011Z'", '"updated_by'": null, '"stock_status'": '"in_stock'"}","{'"id'": 3293, '"sku'": '"WF339-ES-3-39-3_deleted_1782850544'", '"price'": '"115.00'", '"depth_in'": '"3.00'", '"width_in'": '"3.00'", '"finish_id'": 2, '"height_in'": '"39.00'", '"created_at'": '"2026-06-26T21:29:57.071Z'", '"created_by'": null, '"deleted_at'": '"2026-06-30T20:15:44.698Z'", '"product_id'": 277, '"updated_at'": '"2026-06-30T20:15:44.698Z'", '"updated_by'": 1, '"stock_status'": '"in_stock'"}",2026-06-30 15:15:44.698313-05,,
403,1,SOFT_DELETE,product_variants,3291,"{'"id'": 3291, '"sku'": '"WF339-AS-3-39-3'", '"price'": '"136.00'", '"depth_in'": '"3.00'", '"width_in'": '"3.00'", '"finish_id'": 3, '"height_in'": '"39.00'", '"created_at'": '"2026-06-26T21:29:57.071Z'", '"created_by'": null, '"deleted_at'": null, '"product_id'": 277, '"updated_at'": '"2026-06-30T14:12:27.011Z'", '"updated_by'": null, '"stock_status'": '"in_stock'"}","{'"id'": 3291, '"sku'": '"WF339-AS-3-39-3_deleted_1782850544'", '"price'": '"136.00'", '"depth_in'": '"3.00'", '"width_in'": '"3.00'", '"finish_id'": 3, '"height_in'": '"39.00'", '"created_at'": '"2026-06-26T21:29:57.071Z'", '"created_by'": null, '"deleted_at'": '"2026-06-30T20:15:44.698Z'", '"product_id'": 277, '"updated_at'": '"2026-06-30T20:15:44.698Z'", '"updated_by'": 1, '"stock_status'": '"in_stock'"}",2026-06-30 15:15:44.698313-05,,
475,1,UPDATE,email_templates,1,,"{'"event'": '"email_template_updated'", '"summary'": '"admin@cabinet.local updated email template \'"Template 1 - Initial Reminder\'".'", '"is_active'": true, '"delay_hours'": null, '"template_name'": '"Template 1 - Initial Reminder'", '"automation_stage'": 1, '"automation_enabled'": false}",2026-07-02 12:51:41.426093-05,,
404,1,SOFT_DELETE,product_variants,3292,"{'"id'": 3292, '"sku'": '"WF339-TS-3-39-3'", '"price'": '"140.00'", '"depth_in'": '"3.00'", '"width_in'": '"3.00'", '"finish_id'": 9, '"height_in'": '"39.00'", '"created_at'": '"2026-06-26T21:29:57.071Z'", '"created_by'": null, '"deleted_at'": null, '"product_id'": 277, '"updated_at'": '"2026-06-30T14:12:27.011Z'", '"updated_by'": null, '"stock_status'": '"in_stock'"}","{'"id'": 3292, '"sku'": '"WF339-TS-3-39-3_deleted_1782850544'", '"price'": '"140.00'", '"depth_in'": '"3.00'", '"width_in'": '"3.00'", '"finish_id'": 9, '"height_in'": '"39.00'", '"created_at'": '"2026-06-26T21:29:57.071Z'", '"created_by'": null, '"deleted_at'": '"2026-06-30T20:15:44.698Z'", '"product_id'": 277, '"updated_at'": '"2026-06-30T20:15:44.698Z'", '"updated_by'": 1, '"stock_status'": '"in_stock'"}",2026-06-30 15:15:44.698313-05,,
405,1,SOFT_DELETE,product_variants,3294,"{'"id'": 3294, '"sku'": '"WF339-SF-3-39-3'", '"price'": '"110.00'", '"depth_in'": '"3.00'", '"width_in'": '"3.00'", '"finish_id'": 10, '"height_in'": '"39.00'", '"created_at'": '"2026-06-26T21:29:57.071Z'", '"created_by'": null, '"deleted_at'": null, '"product_id'": 277, '"updated_at'": '"2026-06-30T14:12:27.011Z'", '"updated_by'": null, '"stock_status'": '"in_stock'"}","{'"id'": 3294, '"sku'": '"WF339-SF-3-39-3_deleted_1782850544'", '"price'": '"110.00'", '"depth_in'": '"3.00'", '"width_in'": '"3.00'", '"finish_id'": 10, '"height_in'": '"39.00'", '"created_at'": '"2026-06-26T21:29:57.071Z'", '"created_by'": null, '"deleted_at'": '"2026-06-30T20:15:44.698Z'", '"product_id'": 277, '"updated_at'": '"2026-06-30T20:15:44.698Z'", '"updated_by'": 1, '"stock_status'": '"in_stock'"}",2026-06-30 15:15:44.698313-05,,
406,1,SOFT_DELETE,product_variants,3295,"{'"id'": 3295, '"sku'": '"WF339-BS-3-39-3'", '"price'": '"145.00'", '"depth_in'": '"3.00'", '"width_in'": '"3.00'", '"finish_id'": 11, '"height_in'": '"39.00'", '"created_at'": '"2026-06-26T21:29:57.071Z'", '"created_by'": null, '"deleted_at'": null, '"product_id'": 277, '"updated_at'": '"2026-06-30T14:12:27.011Z'", '"updated_by'": null, '"stock_status'": '"in_stock'"}","{'"id'": 3295, '"sku'": '"WF339-BS-3-39-3_deleted_1782850544'", '"price'": '"145.00'", '"depth_in'": '"3.00'", '"width_in'": '"3.00'", '"finish_id'": 11, '"height_in'": '"39.00'", '"created_at'": '"2026-06-26T21:29:57.071Z'", '"created_by'": null, '"deleted_at'": '"2026-06-30T20:15:44.698Z'", '"product_id'": 277, '"updated_at'": '"2026-06-30T20:15:44.698Z'", '"updated_by'": 1, '"stock_status'": '"in_stock'"}",2026-06-30 15:15:44.698313-05,,
407,1,SOFT_DELETE,product_variants,3296,"{'"id'": 3296, '"sku'": '"WF339-CS-3-39-3'", '"price'": '"140.00'", '"depth_in'": '"3.00'", '"width_in'": '"3.00'", '"finish_id'": 13, '"height_in'": '"39.00'", '"created_at'": '"2026-06-26T21:29:57.071Z'", '"created_by'": null, '"deleted_at'": null, '"product_id'": 277, '"updated_at'": '"2026-06-30T14:12:27.011Z'", '"updated_by'": null, '"stock_status'": '"in_stock'"}","{'"id'": 3296, '"sku'": '"WF339-CS-3-39-3_deleted_1782850544'", '"price'": '"140.00'", '"depth_in'": '"3.00'", '"width_in'": '"3.00'", '"finish_id'": 13, '"height_in'": '"39.00'", '"created_at'": '"2026-06-26T21:29:57.071Z'", '"created_by'": null, '"deleted_at'": '"2026-06-30T20:15:44.698Z'", '"product_id'": 277, '"updated_at'": '"2026-06-30T20:15:44.698Z'", '"updated_by'": 1, '"stock_status'": '"in_stock'"}",2026-06-30 15:15:44.698313-05,,
408,1,SOFT_DELETE,product_variants,3297,"{'"id'": 3297, '"sku'": '"WF339-DGS-3-39-3'", '"price'": '"104.00'", '"depth_in'": '"3.00'", '"width_in'": '"3.00'", '"finish_id'": 14, '"height_in'": '"39.00'", '"created_at'": '"2026-06-26T21:29:57.071Z'", '"created_by'": null, '"deleted_at'": null, '"product_id'": 277, '"updated_at'": '"2026-06-30T14:12:27.011Z'", '"updated_by'": null, '"stock_status'": '"in_stock'"}","{'"id'": 3297, '"sku'": '"WF339-DGS-3-39-3_deleted_1782850544'", '"price'": '"104.00'", '"depth_in'": '"3.00'", '"width_in'": '"3.00'", '"finish_id'": 14, '"height_in'": '"39.00'", '"created_at'": '"2026-06-26T21:29:57.071Z'", '"created_by'": null, '"deleted_at'": '"2026-06-30T20:15:44.698Z'", '"product_id'": 277, '"updated_at'": '"2026-06-30T20:15:44.698Z'", '"updated_by'": 1, '"stock_status'": '"in_stock'"}",2026-06-30 15:15:44.698313-05,,
409,1,SOFT_DELETE,product_variants,3298,"{'"id'": 3298, '"sku'": '"WF339-FGS-3-39-3'", '"price'": '"145.00'", '"depth_in'": '"3.00'", '"width_in'": '"3.00'", '"finish_id'": 15, '"height_in'": '"39.00'", '"created_at'": '"2026-06-26T21:29:57.071Z'", '"created_by'": null, '"deleted_at'": null, '"product_id'": 277, '"updated_at'": '"2026-06-30T14:12:27.011Z'", '"updated_by'": null, '"stock_status'": '"in_stock'"}","{'"id'": 3298, '"sku'": '"WF339-FGS-3-39-3_deleted_1782850544'", '"price'": '"145.00'", '"depth_in'": '"3.00'", '"width_in'": '"3.00'", '"finish_id'": 15, '"height_in'": '"39.00'", '"created_at'": '"2026-06-26T21:29:57.071Z'", '"created_by'": null, '"deleted_at'": '"2026-06-30T20:15:44.698Z'", '"product_id'": 277, '"updated_at'": '"2026-06-30T20:15:44.698Z'", '"updated_by'": 1, '"stock_status'": '"in_stock'"}",2026-06-30 15:15:44.698313-05,,
410,1,SOFT_DELETE,product_variants,3299,"{'"id'": 3299, '"sku'": '"WF339-LG-3-39-3'", '"price'": '"127.00'", '"depth_in'": '"3.00'", '"width_in'": '"3.00'", '"finish_id'": 16, '"height_in'": '"39.00'", '"created_at'": '"2026-06-26T21:29:57.071Z'", '"created_by'": null, '"deleted_at'": null, '"product_id'": 277, '"updated_at'": '"2026-06-30T14:12:27.011Z'", '"updated_by'": null, '"stock_status'": '"in_stock'"}","{'"id'": 3299, '"sku'": '"WF339-LG-3-39-3_deleted_1782850544'", '"price'": '"127.00'", '"depth_in'": '"3.00'", '"width_in'": '"3.00'", '"finish_id'": 16, '"height_in'": '"39.00'", '"created_at'": '"2026-06-26T21:29:57.071Z'", '"created_by'": null, '"deleted_at'": '"2026-06-30T20:15:44.698Z'", '"product_id'": 277, '"updated_at'": '"2026-06-30T20:15:44.698Z'", '"updated_by'": 1, '"stock_status'": '"in_stock'"}",2026-06-30 15:15:44.698313-05,,
411,1,SOFT_DELETE,product_variants,3300,"{'"id'": 3300, '"sku'": '"WF339-E-3-39-3'", '"price'": '"100.00'", '"depth_in'": '"3.00'", '"width_in'": '"3.00'", '"finish_id'": 17, '"height_in'": '"39.00'", '"created_at'": '"2026-06-26T21:29:57.071Z'", '"created_by'": null, '"deleted_at'": null, '"product_id'": 277, '"updated_at'": '"2026-06-30T14:12:27.011Z'", '"updated_by'": null, '"stock_status'": '"in_stock'"}","{'"id'": 3300, '"sku'": '"WF339-E-3-39-3_deleted_1782850544'", '"price'": '"100.00'", '"depth_in'": '"3.00'", '"width_in'": '"3.00'", '"finish_id'": 17, '"height_in'": '"39.00'", '"created_at'": '"2026-06-26T21:29:57.071Z'", '"created_by'": null, '"deleted_at'": '"2026-06-30T20:15:44.698Z'", '"product_id'": 277, '"updated_at'": '"2026-06-30T20:15:44.698Z'", '"updated_by'": 1, '"stock_status'": '"in_stock'"}",2026-06-30 15:15:44.698313-05,,
412,1,SOFT_DELETE,product_variants,3301,"{'"id'": 3301, '"sku'": '"WF339-SM-3-39-3'", '"price'": '"106.00'", '"depth_in'": '"3.00'", '"width_in'": '"3.00'", '"finish_id'": 18, '"height_in'": '"39.00'", '"created_at'": '"2026-06-26T21:29:57.071Z'", '"created_by'": null, '"deleted_at'": null, '"product_id'": 277, '"updated_at'": '"2026-06-30T14:12:27.011Z'", '"updated_by'": null, '"stock_status'": '"in_stock'"}","{'"id'": 3301, '"sku'": '"WF339-SM-3-39-3_deleted_1782850544'", '"price'": '"106.00'", '"depth_in'": '"3.00'", '"width_in'": '"3.00'", '"finish_id'": 18, '"height_in'": '"39.00'", '"created_at'": '"2026-06-26T21:29:57.071Z'", '"created_by'": null, '"deleted_at'": '"2026-06-30T20:15:44.698Z'", '"product_id'": 277, '"updated_at'": '"2026-06-30T20:15:44.698Z'", '"updated_by'": 1, '"stock_status'": '"in_stock'"}",2026-06-30 15:15:44.698313-05,,
414,1,UPDATE,announcement_popups,1,"{'"event'": '"update'", '"is_active'": true, '"media_url'": '"/uploads/announcements/3006dce0-b7f7-40f8-9af3-1dbb984a1bd3.pdf'", '"display_mode'": '"media'", '"display_delay'": 3, '"popup_version'": '"8e5ea16f-910d-4d8e-b086-ef80c647eb76'", '"template_title'": null}","{'"event'": '"update'", '"is_active'": true, '"media_url'": null, '"display_mode'": '"template'", '"display_delay'": 3, '"popup_version'": '"370cc616-f0d1-4caa-b30e-565d237c08c3'", '"template_title'": '"ASH Shaker Discount'"}",2026-06-30 16:34:24.644092-05,,
428,1,UPDATE,products,7,"{'"id'": 7, '"sku'": '"B12'", '"name'": '"B12'", '"image_url'": '"/uploads/products/13c1443f-ec9b-4cc1-9fc0-dcfe34619c2c.png'", '"created_at'": '"2026-06-20T21:09:11.370Z'", '"created_by'": null, '"deleted_at'": null, '"updated_at'": '"2026-06-30T20:04:04.606Z'", '"updated_by'": null, '"description'": '"1 Door & 1 Drawer'", '"sub_category_id'": 3}","{'"event'": '"bulk_in_stock'", '"summary'": '"Admin admin@cabinet.local, B12 ürününe ait tüm renk ve varyantları toplu olarak YENİDEN STOKTA (In Stock) olarak işaretledi.'", '"product_name'": '"B12'", '"updated_variant_count'": 16}",2026-07-01 09:50:08.13527-05,,
429,1,UPDATE,products,7,"{'"id'": 7, '"sku'": '"B12'", '"name'": '"B12'", '"image_url'": '"/uploads/products/13c1443f-ec9b-4cc1-9fc0-dcfe34619c2c.png'", '"created_at'": '"2026-06-20T21:09:11.370Z'", '"created_by'": null, '"deleted_at'": null, '"updated_at'": '"2026-06-30T20:04:04.606Z'", '"updated_by'": null, '"description'": '"1 Door & 1 Drawer'", '"sub_category_id'": 3}","{'"event'": '"bulk_out_of_stock'", '"summary'": '"Admin admin@cabinet.local bulk marked all colors and variants of B12 as Out of Stock.'", '"product_name'": '"B12'", '"updated_variant_count'": 16}",2026-07-01 10:31:32.263286-05,,
430,1,UPDATE,products,7,"{'"id'": 7, '"sku'": '"B12'", '"name'": '"B12'", '"image_url'": '"/uploads/products/13c1443f-ec9b-4cc1-9fc0-dcfe34619c2c.png'", '"created_at'": '"2026-06-20T21:09:11.370Z'", '"created_by'": null, '"deleted_at'": null, '"updated_at'": '"2026-06-30T20:04:04.606Z'", '"updated_by'": null, '"description'": '"1 Door & 1 Drawer'", '"sub_category_id'": 3}","{'"event'": '"bulk_in_stock'", '"summary'": '"Admin admin@cabinet.local bulk marked all colors and variants of B12 as In Stock.'", '"product_name'": '"B12'", '"updated_variant_count'": 16}",2026-07-01 10:31:33.090409-05,,
431,1,UPDATE,users,1,,"{'"event'": '"coupon_settings_updated'", '"summary'": '"admin@cabinet.local updated automatic coupon settings.'", '"group_rates'": [{'"groupTag'": '"Tier 1'", '"isActive'": false, '"discountPercentage'": 3}, {'"groupTag'": '"Tier 2'", '"isActive'": false, '"discountPercentage'": 5}, {'"groupTag'": '"New'", '"isActive'": false, '"discountPercentage'": 5}, {'"groupTag'": '"Inactive'", '"isActive'": false, '"discountPercentage'": 8}], '"automatic_coupons_enabled'": true}",2026-07-01 11:19:15.028873-05,,
432,1,UPDATE,users,1,,"{'"event'": '"coupon_settings_updated'", '"summary'": '"admin@cabinet.local updated automatic coupon settings.'", '"group_rates'": [{'"groupTag'": '"Tier 1'", '"isActive'": true, '"discountPercentage'": 3}, {'"groupTag'": '"Tier 2'", '"isActive'": true, '"discountPercentage'": 5}, {'"groupTag'": '"New'", '"isActive'": true, '"discountPercentage'": 5}, {'"groupTag'": '"Inactive'", '"isActive'": false, '"discountPercentage'": 8}], '"automatic_coupons_enabled'": false}",2026-07-01 11:19:28.232418-05,,
433,1,UPDATE,email_templates,1,,"{'"event'": '"automation_step_updated'", '"summary'": '"admin@cabinet.local updated abandoned cart automation step 1.'", '"is_active'": false, '"step_number'": 1}",2026-07-01 11:19:41.323374-05,,
434,1,UPDATE,email_templates,1,,"{'"event'": '"automation_step_updated'", '"summary'": '"admin@cabinet.local updated abandoned cart automation step 1.'", '"is_active'": true, '"step_number'": 1}",2026-07-01 11:19:42.380569-05,,
435,1,CREATE,users,2,,"{'"code'": '"CAB-8EVC-TX'", '"event'": '"promo_code_issued'", '"source'": '"manual'", '"summary'": '"admin@cabinet.local created manual coupon CAB-8EVC-TX (5% off, expires Jul 8, 2026) for dealer ahmetsakallioglu54@gmail.com.'", '"discount_type'": '"percentage'", '"promo_code_id'": '"26c90f5e-4985-4718-9597-0ad187dc7e43'", '"discount_value'": 5}",2026-07-01 11:19:54.330133-05,,
436,1,CREATE,dealer_groups,1,,"{'"name'": '"asd'", '"event'": '"dealer_group_created'", '"summary'": '"admin@cabinet.local created dealer group \'"asd\'".'"}",2026-07-01 11:20:34.885674-05,,
437,1,UPDATE,dealer_groups,1,,"{'"name'": '"asd'", '"event'": '"dealer_group_members_updated'", '"summary'": '"admin@cabinet.local updated members for dealer group \'"asd\'" (1 dealers).'", '"member_count'": 1}",2026-07-01 11:20:34.88785-05,,
438,1,UPDATE,email_templates,1,,"{'"event'": '"email_template_updated'", '"summary'": '"admin@cabinet.local updated email template \'"Template 1 - Initial Reminder\'".'", '"template_name'": '"Template 1 - Initial Reminder'", '"automation_enabled'": false}",2026-07-01 11:21:13.380196-05,,
439,1,UPDATE,email_templates,1,,"{'"event'": '"email_template_updated'", '"summary'": '"admin@cabinet.local updated email template \'"Template 1 - Initial Reminder\'".'", '"is_active'": false, '"template_name'": '"Template 1 - Initial Reminder'"}",2026-07-01 11:21:14.219629-05,,
440,1,UPDATE,email_templates,2,,"{'"event'": '"email_template_updated'", '"summary'": '"admin@cabinet.local updated email template \'"Template 2 - Design Support\'".'", '"template_name'": '"Template 2 - Design Support'", '"automation_enabled'": false}",2026-07-01 11:21:15.080602-05,,
441,1,UPDATE,email_templates,2,,"{'"event'": '"email_template_updated'", '"summary'": '"admin@cabinet.local updated email template \'"Template 2 - Design Support\'".'", '"is_active'": false, '"template_name'": '"Template 2 - Design Support'"}",2026-07-01 11:21:15.483634-05,,
442,1,UPDATE,email_templates,3,,"{'"event'": '"email_template_updated'", '"summary'": '"admin@cabinet.local updated email template \'"Template 3 - Closing Offer\'".'", '"template_name'": '"Template 3 - Closing Offer'", '"automation_enabled'": false}",2026-07-01 11:21:16.133223-05,,
443,1,UPDATE,email_templates,3,,"{'"event'": '"email_template_updated'", '"summary'": '"admin@cabinet.local updated email template \'"Template 3 - Closing Offer\'".'", '"is_active'": false, '"template_name'": '"Template 3 - Closing Offer'"}",2026-07-01 11:21:16.529595-05,,
444,1,UPDATE,email_templates,3,,"{'"event'": '"automation_step_updated'", '"summary'": '"admin@cabinet.local updated abandoned cart automation step 3.'", '"issue_promo'": false, '"step_number'": 3}",2026-07-01 11:22:28.368556-05,,
445,1,UPDATE,email_templates,3,,"{'"event'": '"automation_step_updated'", '"summary'": '"admin@cabinet.local updated abandoned cart automation step 3.'", '"issue_promo'": true, '"step_number'": 3}",2026-07-01 11:22:29.371217-05,,
446,1,UPDATE,email_templates,3,,"{'"event'": '"email_template_updated'", '"summary'": '"admin@cabinet.local updated email template \'"Template 3 - Closing Offer\'".'", '"is_active'": true, '"delay_hours'": 0.5, '"template_name'": '"Template 3 - Closing Offer'", '"automation_stage'": 3, '"automation_enabled'": true}",2026-07-01 11:24:29.639253-05,,
447,2,UPDATE,users,2,,"{'"code'": '"CAB-8EVC-TX'", '"event'": '"promo_code_applied'", '"summary'": '"Dealer ahmetsakallioglu54@gmail.com applied promo code CAB-8EVC-TX (33.80 off cart).'", '"subtotal'": 675.92, '"promo_discount'": 33.8}",2026-07-01 11:26:44.048619-05,,
448,1,UPDATE,dealer_groups,1,,"{'"name'": '"Discount Group 5'", '"event'": '"dealer_group_members_updated'", '"summary'": '"admin@cabinet.local updated members for dealer group \'"Discount Group 5\'" (1 dealers).'", '"member_count'": 1}",2026-07-01 11:30:13.688981-05,,
449,1,CREATE,users,2,,"{'"code'": '"CAB-ZWGD-H8'", '"event'": '"promo_code_issued'", '"source'": '"manual'", '"summary'": '"admin@cabinet.local created manual coupon CAB-ZWGD-H8 (5% off, expires Jul 8, 2026) for dealer ahmetsakallioglu54@gmail.com.'", '"discount_type'": '"percentage'", '"promo_code_id'": '"8b739abf-3f1c-4b99-a3db-ba03f4f0e8a2'", '"discount_value'": 5}",2026-07-01 11:52:28.740936-05,,
461,1,UPDATE,email_templates,1,,"{'"event'": '"automation_step_updated'", '"summary'": '"admin@cabinet.local updated abandoned cart automation step 1.'", '"is_active'": false, '"step_number'": 1}",2026-07-01 12:35:54.57969-05,,
481,1,UPDATE,email_templates,1,,"{'"event'": '"email_template_updated'", '"summary'": '"admin@cabinet.local updated email template \'"Template 1 - Initial Reminder\'".'", '"is_active'": true, '"delay_hours'": null, '"template_name'": '"Template 1 - Initial Reminder'", '"automation_stage'": 1, '"automation_enabled'": false}",2026-07-02 12:52:11.581057-05,,
482,1,UPDATE,admin_permissions,3,"{'"permissions'": {'"can_add_tiers'": false, '"can_ban_users'": false, '"can_view_logs'": false, '"can_edit_tiers'": false, '"can_view_orders'": false, '"can_add_finishes'": false, '"can_add_products'": false, '"can_delete_tiers'": false, '"can_restore_logs'": false, '"can_approve_users'": false, '"can_manage_emails'": false, '"can_manage_quotes'": false, '"can_view_products'": false, '"can_delete_coupons'": false, '"can_manage_coupons'": false, '"can_toggle_coupons'": false, '"can_delete_finishes'": false, '"can_delete_products'": false, '"can_send_quickbooks'": false, '"can_toggle_finishes'": false, '"can_toggle_products'": false, '"can_view_user_tiers'": false, '"can_change_user_tier'": false, '"can_send_bulk_emails'": false, '"can_impersonate_users'": false, '"can_change_order_status'": false, '"can_bulk_upload_products'": false, '"can_manage_announcements'": false, '"can_manage_dealer_groups'": false}, '"target_email'": '"ahmet@gmail.com'"}","{'"enabled'": ['"can_view_logs'"], '"summary'": '"admin@cabinet.local enabled View audit logs for admin ahmet@gmail.com.'", '"disabled'": [], '"permissions'": {'"can_add_tiers'": false, '"can_ban_users'": false, '"can_view_logs'": true, '"can_edit_tiers'": false, '"can_view_orders'": false, '"can_add_finishes'": false, '"can_add_products'": false, '"can_delete_tiers'": false, '"can_restore_logs'": false, '"can_approve_users'": false, '"can_manage_emails'": false, '"can_manage_quotes'": false, '"can_view_products'": false, '"can_delete_coupons'": false, '"can_manage_coupons'": false, '"can_toggle_coupons'": false, '"can_delete_finishes'": false, '"can_delete_products'": false, '"can_send_quickbooks'": false, '"can_toggle_finishes'": false, '"can_toggle_products'": false, '"can_view_user_tiers'": false, '"can_change_user_tier'": false, '"can_send_bulk_emails'": false, '"can_impersonate_users'": false, '"can_change_order_status'": false, '"can_bulk_upload_products'": false, '"can_manage_announcements'": false, '"can_manage_dealer_groups'": false}, '"target_email'": '"ahmet@gmail.com'"}",2026-07-02 12:55:59.144083-05,,
483,1,UPDATE,admin_permissions,3,"{'"permissions'": {'"can_add_tiers'": false, '"can_ban_users'": false, '"can_view_logs'": true, '"can_edit_tiers'": false, '"can_view_orders'": false, '"can_add_finishes'": false, '"can_add_products'": false, '"can_delete_tiers'": false, '"can_restore_logs'": false, '"can_approve_users'": false, '"can_manage_emails'": false, '"can_manage_quotes'": false, '"can_view_products'": false, '"can_delete_coupons'": false, '"can_manage_coupons'": false, '"can_toggle_coupons'": false, '"can_delete_finishes'": false, '"can_delete_products'": false, '"can_send_quickbooks'": false, '"can_toggle_finishes'": false, '"can_toggle_products'": false, '"can_view_user_tiers'": false, '"can_change_user_tier'": false, '"can_send_bulk_emails'": false, '"can_impersonate_users'": false, '"can_change_order_status'": false, '"can_bulk_upload_products'": false, '"can_manage_announcements'": false, '"can_manage_dealer_groups'": false}, '"target_email'": '"ahmet@gmail.com'"}","{'"enabled'": [], '"summary'": '"admin@cabinet.local disabled View audit logs for admin ahmet@gmail.com.'", '"disabled'": ['"can_view_logs'"], '"permissions'": {'"can_add_tiers'": false, '"can_ban_users'": false, '"can_view_logs'": false, '"can_edit_tiers'": false, '"can_view_orders'": false, '"can_add_finishes'": false, '"can_add_products'": false, '"can_delete_tiers'": false, '"can_restore_logs'": false, '"can_approve_users'": false, '"can_manage_emails'": false, '"can_manage_quotes'": false, '"can_view_products'": false, '"can_delete_coupons'": false, '"can_manage_coupons'": false, '"can_toggle_coupons'": false, '"can_delete_finishes'": false, '"can_delete_products'": false, '"can_send_quickbooks'": false, '"can_toggle_finishes'": false, '"can_toggle_products'": false, '"can_view_user_tiers'": false, '"can_change_user_tier'": false, '"can_send_bulk_emails'": false, '"can_impersonate_users'": false, '"can_change_order_status'": false, '"can_bulk_upload_products'": false, '"can_manage_announcements'": false, '"can_manage_dealer_groups'": false}, '"target_email'": '"ahmet@gmail.com'"}",2026-07-02 12:56:06.679996-05,,
484,1,UPDATE,door_finishes,20,"{'"id'": 20, '"name'": '"Cinnamon'", '"slug'": '"cinnamon'", '"is_active'": true, '"created_at'": '"2026-06-30T20:02:57.146Z'", '"created_by'": 1, '"deleted_at'": null, '"sort_order'": 0, '"updated_at'": '"2026-06-30T20:02:57.146Z'", '"updated_by'": 1, '"description'": null, '"sample_image_url'": null}","{'"id'": 20, '"name'": '"Cinnamon'", '"slug'": '"cinnamon'", '"is_active'": false, '"created_at'": '"2026-06-30T20:02:57.146Z'", '"created_by'": 1, '"deleted_at'": null, '"sort_order'": 0, '"updated_at'": '"2026-07-02T17:57:24.718Z'", '"updated_by'": 1, '"description'": null, '"sample_image_url'": null}",2026-07-02 12:57:24.718574-05,,
485,1,UPDATE,door_finishes,20,"{'"id'": 20, '"name'": '"Cinnamon'", '"slug'": '"cinnamon'", '"is_active'": false, '"created_at'": '"2026-06-30T20:02:57.146Z'", '"created_by'": 1, '"deleted_at'": null, '"sort_order'": 0, '"updated_at'": '"2026-07-02T17:57:24.718Z'", '"updated_by'": 1, '"description'": null, '"sample_image_url'": null}","{'"id'": 20, '"name'": '"Cinnamon'", '"slug'": '"cinnamon'", '"is_active'": true, '"created_at'": '"2026-06-30T20:02:57.146Z'", '"created_by'": 1, '"deleted_at'": null, '"sort_order'": 0, '"updated_at'": '"2026-07-02T17:57:28.324Z'", '"updated_by'": 1, '"description'": null, '"sample_image_url'": null}",2026-07-02 12:57:28.32443-05,,
486,1,CREATE,shipping_zones,0,,"{'"summary'": '"Created shipping zone \'"Austin\'" (1 ZIP code(s), $150.00 base rate).'", '"zip_codes'": ['"78787'"], '"zone_name'": '"Austin'", '"base_price'": 150, '"shipping_zone_id'": '"19963f53-5315-4162-b6c7-efe079eee723'", '"free_shipping_threshold'": 5000}",2026-07-02 14:26:30.142432-05,,
487,1,UPDATE,email_templates,1,,"{'"event'": '"automation_step_updated'", '"summary'": '"admin@cabinet.local updated abandoned cart automation step 1.'", '"is_active'": true, '"step_number'": 1}",2026-07-02 14:48:03.362661-05,,
488,1,UPDATE,email_templates,1,,"{'"event'": '"automation_step_updated'", '"summary'": '"admin@cabinet.local updated abandoned cart automation step 1.'", '"is_active'": false, '"step_number'": 1}",2026-07-02 14:48:04.234127-05,,
489,1,UPDATE,email_templates,1,,"{'"event'": '"automation_step_updated'", '"summary'": '"admin@cabinet.local updated abandoned cart automation step 1.'", '"step_number'": 1, '"target_group'": '"Tier 1'"}",2026-07-02 14:48:20.51946-05,,
490,1,UPDATE,email_templates,1,,"{'"event'": '"automation_step_updated'", '"summary'": '"admin@cabinet.local updated abandoned cart automation step 1.'", '"step_number'": 1, '"target_group'": '"All'"}",2026-07-02 14:48:22.551086-05,,
501,1,UPDATE,products,7,"{'"id'": 7, '"sku'": '"B12'", '"name'": '"B12'", '"image_url'": '"/uploads/products/13c1443f-ec9b-4cc1-9fc0-dcfe34619c2c.png'", '"created_at'": '"2026-06-20T21:09:11.370Z'", '"created_by'": null, '"deleted_at'": null, '"updated_at'": '"2026-06-30T20:04:04.606Z'", '"updated_by'": null, '"description'": '"1 Door & 1 Drawer'", '"sub_category_id'": 3}","{'"event'": '"toggle_unlist'", '"summary'": '"Admin admin@cabinet.local listed in the catalog B12.'", '"is_listed'": true, '"product_name'": '"B12'"}",2026-07-02 16:41:46.800982-05,,
502,1,SOFT_DELETE,shipping_zones,0,"{'"zip_codes'": ['"78787'"], '"zone_name'": '"Austin'", '"base_price'": 150, '"shipping_zone_id'": '"19963f53-5315-4162-b6c7-efe079eee723'", '"free_shipping_threshold'": 5000}","{'"summary'": '"Deleted shipping zone \'"Austin\'".'", '"shipping_zone_id'": '"19963f53-5315-4162-b6c7-efe079eee723'"}",2026-07-02 16:49:45.208696-05,,
506,1,UPDATE,products,7,,"{'"event'": '"product_image_added'", '"summary'": '"Admin admin@cabinet.local added a product image as cover (product #7).'", '"as_cover'": true, '"image_id'": 107, '"finish_id'": 13}",2026-07-02 16:53:55.574719-05,,
491,1,UPDATE,admin_permissions,3,"{'"permissions'": {'"can_add_tiers'": false, '"can_ban_users'": false, '"can_view_logs'": false, '"can_edit_tiers'": false, '"can_view_orders'": false, '"can_add_finishes'": false, '"can_add_products'": false, '"can_delete_tiers'": false, '"can_restore_logs'": false, '"can_approve_users'": false, '"can_manage_emails'": false, '"can_manage_quotes'": false, '"can_view_products'": false, '"can_delete_coupons'": false, '"can_manage_coupons'": false, '"can_toggle_coupons'": false, '"can_delete_finishes'": false, '"can_delete_products'": false, '"can_send_quickbooks'": false, '"can_toggle_finishes'": false, '"can_toggle_products'": false, '"can_view_user_tiers'": false, '"can_change_user_tier'": false, '"can_send_bulk_emails'": false, '"can_impersonate_users'": false, '"can_change_order_status'": false, '"can_bulk_upload_products'": false, '"can_manage_announcements'": false, '"can_manage_dealer_groups'": false, '"can_manage_shipping_zones'": false}, '"target_email'": '"ahmet@gmail.com'"}","{'"enabled'": ['"can_restore_logs'", '"can_ban_users'"], '"summary'": '"admin@cabinet.local enabled Undo audit log actions, Ban / reject members for admin ahmet@gmail.com.'", '"disabled'": [], '"permissions'": {'"can_add_tiers'": false, '"can_ban_users'": true, '"can_view_logs'": false, '"can_edit_tiers'": false, '"can_view_orders'": false, '"can_add_finishes'": false, '"can_add_products'": false, '"can_delete_tiers'": false, '"can_restore_logs'": true, '"can_approve_users'": false, '"can_manage_emails'": false, '"can_manage_quotes'": false, '"can_view_products'": false, '"can_delete_coupons'": false, '"can_manage_coupons'": false, '"can_toggle_coupons'": false, '"can_delete_finishes'": false, '"can_delete_products'": false, '"can_send_quickbooks'": false, '"can_toggle_finishes'": false, '"can_toggle_products'": false, '"can_view_user_tiers'": false, '"can_change_user_tier'": false, '"can_send_bulk_emails'": false, '"can_impersonate_users'": false, '"can_change_order_status'": false, '"can_bulk_upload_products'": false, '"can_manage_announcements'": false, '"can_manage_dealer_groups'": false, '"can_manage_shipping_zones'": false}, '"target_email'": '"ahmet@gmail.com'"}",2026-07-02 15:26:21.779072-05,,
492,1,UPDATE,admin_permissions,3,"{'"permissions'": {'"can_add_tiers'": false, '"can_ban_users'": true, '"can_view_logs'": false, '"can_edit_tiers'": false, '"can_view_orders'": false, '"can_add_finishes'": false, '"can_add_products'": false, '"can_delete_tiers'": false, '"can_restore_logs'": true, '"can_approve_users'": false, '"can_manage_emails'": false, '"can_manage_quotes'": false, '"can_view_products'": false, '"can_delete_coupons'": false, '"can_manage_coupons'": false, '"can_toggle_coupons'": false, '"can_delete_finishes'": false, '"can_delete_products'": false, '"can_send_quickbooks'": false, '"can_toggle_finishes'": false, '"can_toggle_products'": false, '"can_view_user_tiers'": false, '"can_change_user_tier'": false, '"can_send_bulk_emails'": false, '"can_impersonate_users'": false, '"can_change_order_status'": false, '"can_bulk_upload_products'": false, '"can_manage_announcements'": false, '"can_manage_dealer_groups'": false, '"can_manage_shipping_zones'": false}, '"target_email'": '"ahmet@gmail.com'"}","{'"enabled'": [], '"summary'": '"admin@cabinet.local disabled Undo audit log actions, Ban / reject members for admin ahmet@gmail.com.'", '"disabled'": ['"can_restore_logs'", '"can_ban_users'"], '"permissions'": {'"can_add_tiers'": false, '"can_ban_users'": false, '"can_view_logs'": false, '"can_edit_tiers'": false, '"can_view_orders'": false, '"can_add_finishes'": false, '"can_add_products'": false, '"can_delete_tiers'": false, '"can_restore_logs'": false, '"can_approve_users'": false, '"can_manage_emails'": false, '"can_manage_quotes'": false, '"can_view_products'": false, '"can_delete_coupons'": false, '"can_manage_coupons'": false, '"can_toggle_coupons'": false, '"can_delete_finishes'": false, '"can_delete_products'": false, '"can_send_quickbooks'": false, '"can_toggle_finishes'": false, '"can_toggle_products'": false, '"can_view_user_tiers'": false, '"can_change_user_tier'": false, '"can_send_bulk_emails'": false, '"can_impersonate_users'": false, '"can_change_order_status'": false, '"can_bulk_upload_products'": false, '"can_manage_announcements'": false, '"can_manage_dealer_groups'": false, '"can_manage_shipping_zones'": false}, '"target_email'": '"ahmet@gmail.com'"}",2026-07-02 15:26:40.359887-05,,
493,1,UPDATE,users,3,"{'"city'": '"'", '"role'": '"admin'", '"phone'": '"'", '"state'": '"'", '"country'": '"United States'", '"group_tag'": '"New'", '"postal_code'": '"'", '"company_name'": '"'", '"contact_name'": '"'", '"address_line1'": '"'", '"address_line2'": '"'"}","{'"city'": '"'", '"role'": '"customer'", '"phone'": '"'", '"state'": '"'", '"country'": '"United States'", '"summary'": '"admin@cabinet.local updated profile for ahmet@gmail.com (role).'", '"group_tag'": '"New'", '"postal_code'": '"'", '"company_name'": '"'", '"contact_name'": '"'", '"address_line1'": '"'", '"address_line2'": '"'"}",2026-07-02 15:27:07.20614-05,,
494,1,UPDATE,users,3,"{'"city'": '"'", '"role'": '"customer'", '"phone'": '"'", '"state'": '"'", '"country'": '"United States'", '"group_tag'": '"New'", '"postal_code'": '"'", '"company_name'": '"'", '"contact_name'": '"'", '"address_line1'": '"'", '"address_line2'": '"'"}","{'"city'": '"'", '"role'": '"admin'", '"phone'": '"'", '"state'": '"'", '"country'": '"United States'", '"summary'": '"admin@cabinet.local updated profile for ahmet@gmail.com (role).'", '"group_tag'": '"New'", '"postal_code'": '"'", '"company_name'": '"'", '"contact_name'": '"'", '"address_line1'": '"'", '"address_line2'": '"'"}",2026-07-02 15:27:12.112875-05,,
495,2,UPDATE,users,2,,"{'"code'": '"CAB-CCJF-CF'", '"event'": '"promo_code_applied'", '"summary'": '"Dealer ahmetsakallioglu54@gmail.com applied promo code CAB-CCJF-CF (17.44 off cart).'", '"subtotal'": 348.72, '"promo_discount'": 17.44}",2026-07-02 15:50:23.319655-05,,
496,2,UPDATE,users,2,,"{'"code'": '"CAB-PUR6-VZ'", '"event'": '"promo_code_applied'", '"summary'": '"Dealer ahmetsakallioglu54@gmail.com applied promo code CAB-PUR6-VZ (3.49 off cart).'", '"subtotal'": 348.72, '"promo_discount'": 3.49}",2026-07-02 15:50:28.256448-05,,
497,2,UPDATE,users,2,,"{'"code'": '"CAB-P3RJ-FN'", '"event'": '"promo_code_applied'", '"summary'": '"Dealer ahmetsakallioglu54@gmail.com applied promo code CAB-P3RJ-FN (17.44 off cart).'", '"subtotal'": 348.72, '"promo_discount'": 17.44}",2026-07-02 15:50:35.159685-05,,
498,1,UPDATE,products,7,"{'"id'": 7, '"sku'": '"B12'", '"name'": '"B12'", '"image_url'": '"/uploads/products/13c1443f-ec9b-4cc1-9fc0-dcfe34619c2c.png'", '"created_at'": '"2026-06-20T21:09:11.370Z'", '"created_by'": null, '"deleted_at'": null, '"updated_at'": '"2026-06-30T20:04:04.606Z'", '"updated_by'": null, '"description'": '"1 Door & 1 Drawer'", '"sub_category_id'": 3}","{'"event'": '"bulk_out_of_stock'", '"summary'": '"Admin admin@cabinet.local bulk marked all colors and variants of B12 as Out of Stock.'", '"product_name'": '"B12'", '"updated_variant_count'": 16}",2026-07-02 16:41:42.342383-05,,
499,1,UPDATE,products,7,"{'"id'": 7, '"sku'": '"B12'", '"name'": '"B12'", '"image_url'": '"/uploads/products/13c1443f-ec9b-4cc1-9fc0-dcfe34619c2c.png'", '"created_at'": '"2026-06-20T21:09:11.370Z'", '"created_by'": null, '"deleted_at'": null, '"updated_at'": '"2026-06-30T20:04:04.606Z'", '"updated_by'": null, '"description'": '"1 Door & 1 Drawer'", '"sub_category_id'": 3}","{'"event'": '"bulk_in_stock'", '"summary'": '"Admin admin@cabinet.local bulk marked all colors and variants of B12 as In Stock.'", '"product_name'": '"B12'", '"updated_variant_count'": 16}",2026-07-02 16:41:44.407212-05,,
500,1,UPDATE,products,7,"{'"id'": 7, '"sku'": '"B12'", '"name'": '"B12'", '"image_url'": '"/uploads/products/13c1443f-ec9b-4cc1-9fc0-dcfe34619c2c.png'", '"created_at'": '"2026-06-20T21:09:11.370Z'", '"created_by'": null, '"deleted_at'": null, '"updated_at'": '"2026-06-30T20:04:04.606Z'", '"updated_by'": null, '"description'": '"1 Door & 1 Drawer'", '"sub_category_id'": 3}","{'"event'": '"toggle_unlist'", '"summary'": '"Admin admin@cabinet.local unlisted from the catalog (hidden) B12.'", '"is_listed'": false, '"product_name'": '"B12'"}",2026-07-02 16:41:45.524744-05,,
503,1,CREATE,shipping_zones,0,,"{'"summary'": '"Created shipping zone \'"austin\'" (1 ZIP code(s), $150.00 base rate).'", '"zip_codes'": ['"78787'"], '"zone_name'": '"austin'", '"base_price'": 150, '"shipping_zone_id'": '"033db760-987a-4e59-b1b8-d42fb75184c3'", '"free_shipping_threshold'": 3000}",2026-07-02 16:50:41.274322-05,,
507,1,UPDATE,products,7,,"{'"event'": '"product_image_added'", '"summary'": '"Admin admin@cabinet.local added a product image as cover (product #7).'", '"as_cover'": true, '"image_id'": 108, '"finish_id'": 14}",2026-07-02 16:54:00.259566-05,,
508,1,UPDATE,products,7,,"{'"event'": '"product_image_added'", '"summary'": '"Admin admin@cabinet.local added a product image as cover (product #7).'", '"as_cover'": true, '"image_id'": 109, '"finish_id'": 17}",2026-07-02 16:54:08.320742-05,,
509,1,UPDATE,products,7,,"{'"event'": '"product_image_added'", '"summary'": '"Admin admin@cabinet.local added a product image as cover (product #7).'", '"as_cover'": true, '"image_id'": 110, '"finish_id'": 15}",2026-07-02 16:54:13.760505-05,,
510,1,UPDATE,products,7,,"{'"event'": '"product_image_added'", '"summary'": '"Admin admin@cabinet.local added a product image as cover (product #7).'", '"as_cover'": true, '"image_id'": 111, '"finish_id'": 19}",2026-07-02 16:54:18.927289-05,,
511,1,UPDATE,products,7,,"{'"event'": '"product_image_added'", '"summary'": '"Admin admin@cabinet.local added a product image as cover (product #7).'", '"as_cover'": true, '"image_id'": 112, '"finish_id'": 21}",2026-07-02 16:54:23.525582-05,,
512,1,UPDATE,products,7,,"{'"event'": '"product_image_added'", '"summary'": '"Admin admin@cabinet.local added a product image as cover (product #7).'", '"as_cover'": true, '"image_id'": 113, '"finish_id'": 16}",2026-07-02 16:54:28.508554-05,,
513,1,UPDATE,products,7,,"{'"event'": '"product_image_added'", '"summary'": '"Admin admin@cabinet.local added a product image as cover (product #7).'", '"as_cover'": true, '"image_id'": 114, '"finish_id'": 22}",2026-07-02 16:54:33.465887-05,,
514,1,UPDATE,products,7,,"{'"event'": '"product_image_added'", '"summary'": '"Admin admin@cabinet.local added a product image as cover (product #7).'", '"as_cover'": true, '"image_id'": 115, '"finish_id'": 18}",2026-07-02 16:54:40.514556-05,,
515,1,UPDATE,products,6,,"{'"event'": '"product_image_added'", '"summary'": '"Admin admin@cabinet.local added a product image as cover (product #6).'", '"as_cover'": true, '"image_id'": 116, '"finish_id'": 11}",2026-07-02 16:55:02.771361-05,,
516,1,UPDATE,products,6,,"{'"event'": '"product_image_added'", '"summary'": '"Admin admin@cabinet.local added a product image as cover (product #6).'", '"as_cover'": true, '"image_id'": 117, '"finish_id'": 20}",2026-07-02 16:55:07.691474-05,,
517,1,UPDATE,products,6,,"{'"event'": '"product_image_added'", '"summary'": '"Admin admin@cabinet.local added a product image as cover (product #6).'", '"as_cover'": true, '"image_id'": 118, '"finish_id'": 13}",2026-07-02 16:55:12.020988-05,,
518,1,UPDATE,products,6,,"{'"event'": '"product_image_added'", '"summary'": '"Admin admin@cabinet.local added a product image as cover (product #6).'", '"as_cover'": true, '"image_id'": 119, '"finish_id'": 14}",2026-07-02 16:55:17.194923-05,,
519,1,UPDATE,products,6,,"{'"event'": '"product_image_added'", '"summary'": '"Admin admin@cabinet.local added a product image as cover (product #6).'", '"as_cover'": true, '"image_id'": 120, '"finish_id'": 17}",2026-07-02 16:55:24.3929-05,,
520,1,UPDATE,products,6,,"{'"event'": '"product_image_added'", '"summary'": '"Admin admin@cabinet.local added a product image as cover (product #6).'", '"as_cover'": true, '"image_id'": 121, '"finish_id'": 15}",2026-07-02 16:55:29.187221-05,,
521,1,UPDATE,products,6,,"{'"event'": '"product_image_added'", '"summary'": '"Admin admin@cabinet.local added a product image as cover (product #6).'", '"as_cover'": true, '"image_id'": 122, '"finish_id'": 19}",2026-07-02 16:55:34.118903-05,,
522,1,UPDATE,products,6,,"{'"event'": '"product_image_added'", '"summary'": '"Admin admin@cabinet.local added a product image as cover (product #6).'", '"as_cover'": true, '"image_id'": 123, '"finish_id'": 21}",2026-07-02 16:55:38.672792-05,,
523,1,UPDATE,products,6,,"{'"event'": '"product_image_added'", '"summary'": '"Admin admin@cabinet.local added a product image as cover (product #6).'", '"as_cover'": true, '"image_id'": 124, '"finish_id'": 16}",2026-07-02 16:55:42.960196-05,,
524,1,UPDATE,products,6,,"{'"event'": '"product_image_added'", '"summary'": '"Admin admin@cabinet.local added a product image as cover (product #6).'", '"as_cover'": true, '"image_id'": 125, '"finish_id'": 22}",2026-07-02 16:55:47.521148-05,,
525,1,UPDATE,products,6,,"{'"event'": '"product_image_added'", '"summary'": '"Admin admin@cabinet.local added a product image as cover (product #6).'", '"as_cover'": true, '"image_id'": 126, '"finish_id'": 18}",2026-07-02 16:55:54.255479-05,,
526,1,UPDATE,products,5,,"{'"event'": '"product_image_added'", '"summary'": '"Admin admin@cabinet.local added a product image as cover (product #5).'", '"as_cover'": true, '"image_id'": 127, '"finish_id'": 11}",2026-07-02 16:56:14.072082-05,,
527,1,UPDATE,products,5,,"{'"event'": '"product_image_added'", '"summary'": '"Admin admin@cabinet.local added a product image as cover (product #5).'", '"as_cover'": true, '"image_id'": 128, '"finish_id'": 20}",2026-07-02 16:56:19.240001-05,,
528,1,UPDATE,products,5,,"{'"event'": '"product_image_added'", '"summary'": '"Admin admin@cabinet.local added a product image as cover (product #5).'", '"as_cover'": true, '"image_id'": 129, '"finish_id'": 13}",2026-07-02 16:56:23.721448-05,,
529,1,UPDATE,products,5,,"{'"event'": '"product_image_added'", '"summary'": '"Admin admin@cabinet.local added a product image as cover (product #5).'", '"as_cover'": true, '"image_id'": 130, '"finish_id'": 14}",2026-07-02 16:56:28.241672-05,,
530,1,UPDATE,products,5,,"{'"event'": '"product_image_added'", '"summary'": '"Admin admin@cabinet.local added a product image as cover (product #5).'", '"as_cover'": true, '"image_id'": 131, '"finish_id'": 17}",2026-07-02 16:56:40.040876-05,,
531,1,UPDATE,products,5,,"{'"event'": '"product_image_added'", '"summary'": '"Admin admin@cabinet.local added a product image as cover (product #5).'", '"as_cover'": true, '"image_id'": 132, '"finish_id'": 15}",2026-07-02 16:56:44.888164-05,,
532,1,UPDATE,products,5,,"{'"event'": '"product_image_added'", '"summary'": '"Admin admin@cabinet.local added a product image as cover (product #5).'", '"as_cover'": true, '"image_id'": 133, '"finish_id'": 19}",2026-07-02 16:56:49.209352-05,,
533,1,UPDATE,products,5,,"{'"event'": '"product_image_added'", '"summary'": '"Admin admin@cabinet.local added a product image as cover (product #5).'", '"as_cover'": true, '"image_id'": 134, '"finish_id'": 21}",2026-07-02 16:56:53.486011-05,,
534,1,UPDATE,products,5,,"{'"event'": '"product_image_added'", '"summary'": '"Admin admin@cabinet.local added a product image as cover (product #5).'", '"as_cover'": true, '"image_id'": 135, '"finish_id'": 16}",2026-07-02 16:56:57.471477-05,,
535,1,UPDATE,products,5,,"{'"event'": '"product_image_added'", '"summary'": '"Admin admin@cabinet.local added a product image as cover (product #5).'", '"as_cover'": true, '"image_id'": 136, '"finish_id'": 22}",2026-07-02 16:57:01.66132-05,,
536,1,UPDATE,products,5,,"{'"event'": '"product_image_added'", '"summary'": '"Admin admin@cabinet.local added a product image as cover (product #5).'", '"as_cover'": true, '"image_id'": 137, '"finish_id'": 18}",2026-07-02 16:57:09.127857-05,,
537,1,UPDATE,products,91,,"{'"event'": '"product_image_added'", '"summary'": '"Admin admin@cabinet.local added a product image as cover (product #91).'", '"as_cover'": true, '"image_id'": 138, '"finish_id'": 3}",2026-07-02 16:58:03.992218-05,,
538,1,UPDATE,products,91,,"{'"event'": '"product_image_added'", '"summary'": '"Admin admin@cabinet.local added a product image as cover (product #91).'", '"as_cover'": true, '"image_id'": 139, '"finish_id'": 11}",2026-07-02 16:59:53.008737-05,,
539,1,UPDATE,products,91,,"{'"event'": '"product_image_added'", '"summary'": '"Admin admin@cabinet.local added a product image as cover (product #91).'", '"as_cover'": true, '"image_id'": 140, '"finish_id'": 20}",2026-07-02 16:59:57.989605-05,,
540,1,UPDATE,products,91,,"{'"event'": '"product_image_added'", '"summary'": '"Admin admin@cabinet.local added a product image as cover (product #91).'", '"as_cover'": true, '"image_id'": 141, '"finish_id'": 13}",2026-07-02 17:00:03.007124-05,,
541,1,UPDATE,products,91,,"{'"event'": '"product_image_added'", '"summary'": '"Admin admin@cabinet.local added a product image as cover (product #91).'", '"as_cover'": true, '"image_id'": 142, '"finish_id'": 14}",2026-07-02 17:00:07.425748-05,,
542,1,UPDATE,products,91,,"{'"event'": '"product_image_added'", '"summary'": '"Admin admin@cabinet.local added a product image as cover (product #91).'", '"as_cover'": true, '"image_id'": 143, '"finish_id'": 2}",2026-07-02 17:00:12.323493-05,,
543,1,UPDATE,products,91,,"{'"event'": '"product_image_added'", '"summary'": '"Admin admin@cabinet.local added a product image as cover (product #91).'", '"as_cover'": true, '"image_id'": 144, '"finish_id'": 17}",2026-07-02 17:00:16.625835-05,,
544,1,UPDATE,products,91,,"{'"event'": '"product_image_added'", '"summary'": '"Admin admin@cabinet.local added a product image as cover (product #91).'", '"as_cover'": true, '"image_id'": 145, '"finish_id'": 15}",2026-07-02 17:00:21.474706-05,,
545,1,UPDATE,products,91,,"{'"event'": '"product_image_added'", '"summary'": '"Admin admin@cabinet.local added a product image as cover (product #91).'", '"as_cover'": true, '"image_id'": 146, '"finish_id'": 19}",2026-07-02 17:00:26.655553-05,,
546,1,UPDATE,products,91,,"{'"event'": '"product_image_added'", '"summary'": '"Admin admin@cabinet.local added a product image as cover (product #91).'", '"as_cover'": true, '"image_id'": 147, '"finish_id'": 21}",2026-07-02 17:00:31.305684-05,,
547,1,UPDATE,products,91,,"{'"event'": '"product_image_added'", '"summary'": '"Admin admin@cabinet.local added a product image as cover (product #91).'", '"as_cover'": true, '"image_id'": 148, '"finish_id'": 16}",2026-07-02 17:00:38.175476-05,,
548,1,UPDATE,products,91,,"{'"event'": '"product_image_added'", '"summary'": '"Admin admin@cabinet.local added a product image as cover (product #91).'", '"as_cover'": true, '"image_id'": 149, '"finish_id'": 22}",2026-07-02 17:00:43.487053-05,,
549,1,UPDATE,products,91,,"{'"event'": '"product_image_added'", '"summary'": '"Admin admin@cabinet.local added a product image as cover (product #91).'", '"as_cover'": true, '"image_id'": 150, '"finish_id'": 10}",2026-07-02 17:00:50.339921-05,,
550,1,UPDATE,products,91,,"{'"event'": '"product_image_added'", '"summary'": '"Admin admin@cabinet.local added a product image as cover (product #91).'", '"as_cover'": true, '"image_id'": 151, '"finish_id'": 18}",2026-07-02 17:00:54.925079-05,,
551,1,UPDATE,products,91,,"{'"event'": '"product_image_added'", '"summary'": '"Admin admin@cabinet.local added a product image as cover (product #91).'", '"as_cover'": true, '"image_id'": 152, '"finish_id'": 9}",2026-07-02 17:01:12.743079-05,,
552,1,UPDATE,products,91,,"{'"event'": '"product_image_added'", '"summary'": '"Admin admin@cabinet.local added a product image as cover (product #91).'", '"as_cover'": true, '"image_id'": 153, '"finish_id'": 1}",2026-07-02 17:01:17.339794-05,,
553,1,UPDATE,products,4,,"{'"event'": '"product_image_added'", '"summary'": '"Admin admin@cabinet.local added a product image as cover (product #4).'", '"as_cover'": true, '"image_id'": 154, '"finish_id'": 11}",2026-07-02 17:02:28.419308-05,,
554,1,UPDATE,products,4,,"{'"event'": '"product_image_added'", '"summary'": '"Admin admin@cabinet.local added a product image (product #4).'", '"as_cover'": false, '"image_id'": 155, '"finish_id'": 11}",2026-07-02 17:02:28.540801-05,,
555,1,UPDATE,products,4,,"{'"event'": '"product_image_added'", '"summary'": '"Admin admin@cabinet.local added a product image (product #4).'", '"as_cover'": false, '"image_id'": 156, '"finish_id'": 11}",2026-07-02 17:02:28.653294-05,,
556,1,UPDATE,products,4,,"{'"event'": '"product_image_added'", '"summary'": '"Admin admin@cabinet.local added a product image (product #4).'", '"as_cover'": false, '"image_id'": 157, '"finish_id'": 11}",2026-07-02 17:02:28.77531-05,,
557,1,UPDATE,products,4,,"{'"event'": '"product_image_added'", '"summary'": '"Admin admin@cabinet.local added a product image (product #4).'", '"as_cover'": false, '"image_id'": 158, '"finish_id'": 11}",2026-07-02 17:02:28.890722-05,,
558,1,UPDATE,products,4,,"{'"event'": '"product_image_deleted'", '"summary'": '"Admin admin@cabinet.local deleted product image #154 (product #4).'", '"image_id'": 154, '"finish_id'": 11}",2026-07-02 17:02:34.50736-05,,
559,1,UPDATE,products,4,,"{'"event'": '"product_image_deleted'", '"summary'": '"Admin admin@cabinet.local deleted product image #155 (product #4).'", '"image_id'": 155, '"finish_id'": 11}",2026-07-02 17:02:35.472642-05,,
560,1,UPDATE,products,4,,"{'"event'": '"product_image_deleted'", '"summary'": '"Admin admin@cabinet.local deleted product image #157 (product #4).'", '"image_id'": 157, '"finish_id'": 11}",2026-07-02 17:02:36.776658-05,,
561,1,UPDATE,products,4,,"{'"event'": '"product_image_deleted'", '"summary'": '"Admin admin@cabinet.local deleted product image #158 (product #4).'", '"image_id'": 158, '"finish_id'": 11}",2026-07-02 17:02:37.474406-05,,
562,1,UPDATE,products,4,,"{'"event'": '"product_image_added'", '"summary'": '"Admin admin@cabinet.local added a product image as cover (product #4).'", '"as_cover'": true, '"image_id'": 159, '"finish_id'": 20}",2026-07-02 17:02:56.776079-05,,
563,1,UPDATE,products,4,,"{'"event'": '"product_image_added'", '"summary'": '"Admin admin@cabinet.local added a product image as cover (product #4).'", '"as_cover'": true, '"image_id'": 160, '"finish_id'": 13}",2026-07-02 17:03:01.187281-05,,
564,1,UPDATE,products,4,,"{'"event'": '"product_image_added'", '"summary'": '"Admin admin@cabinet.local added a product image as cover (product #4).'", '"as_cover'": true, '"image_id'": 161, '"finish_id'": 14}",2026-07-02 17:03:07.372295-05,,
565,1,UPDATE,products,4,,"{'"event'": '"product_image_added'", '"summary'": '"Admin admin@cabinet.local added a product image as cover (product #4).'", '"as_cover'": true, '"image_id'": 162, '"finish_id'": 17}",2026-07-02 17:03:17.506593-05,,
566,1,UPDATE,products,4,,"{'"event'": '"product_image_added'", '"summary'": '"Admin admin@cabinet.local added a product image as cover (product #4).'", '"as_cover'": true, '"image_id'": 163, '"finish_id'": 15}",2026-07-02 17:03:23.489986-05,,
567,1,UPDATE,products,4,,"{'"event'": '"product_image_added'", '"summary'": '"Admin admin@cabinet.local added a product image as cover (product #4).'", '"as_cover'": true, '"image_id'": 164, '"finish_id'": 19}",2026-07-02 17:03:28.557391-05,,
568,1,UPDATE,products,4,,"{'"event'": '"product_image_added'", '"summary'": '"Admin admin@cabinet.local added a product image as cover (product #4).'", '"as_cover'": true, '"image_id'": 165, '"finish_id'": 21}",2026-07-02 17:03:32.974869-05,,
571,1,UPDATE,products,4,,"{'"event'": '"product_image_added'", '"summary'": '"Admin admin@cabinet.local added a product image as cover (product #4).'", '"as_cover'": true, '"image_id'": 168, '"finish_id'": 10}",2026-07-02 17:03:51.607422-05,,
569,1,UPDATE,products,4,,"{'"event'": '"product_image_added'", '"summary'": '"Admin admin@cabinet.local added a product image as cover (product #4).'", '"as_cover'": true, '"image_id'": 166, '"finish_id'": 16}",2026-07-02 17:03:37.456214-05,,
570,1,UPDATE,products,4,,"{'"event'": '"product_image_added'", '"summary'": '"Admin admin@cabinet.local added a product image as cover (product #4).'", '"as_cover'": true, '"image_id'": 167, '"finish_id'": 22}",2026-07-02 17:03:46.88471-05,,
572,1,UPDATE,products,4,,"{'"event'": '"product_image_added'", '"summary'": '"Admin admin@cabinet.local added a product image as cover (product #4).'", '"as_cover'": true, '"image_id'": 169, '"finish_id'": 18}",2026-07-02 17:03:56.10515-05,,
573,1,UPDATE,products,4,,"{'"event'": '"product_image_added'", '"summary'": '"Admin admin@cabinet.local added a product image as cover (product #4).'", '"as_cover'": true, '"image_id'": 170, '"finish_id'": 9}",2026-07-02 17:04:01.430628-05,,
574,1,UPDATE,products,9,,"{'"event'": '"product_image_deleted'", '"summary'": '"Admin admin@cabinet.local deleted product image #33 (product #9).'", '"image_id'": 33, '"finish_id'": 3}",2026-07-02 17:05:19.002918-05,,
575,1,UPDATE,products,9,,"{'"event'": '"product_image_deleted'", '"summary'": '"Admin admin@cabinet.local deleted product image #32 (product #9).'", '"image_id'": 32, '"finish_id'": 3}",2026-07-02 17:05:19.87017-05,,
576,1,UPDATE,products,9,,"{'"event'": '"product_image_deleted'", '"summary'": '"Admin admin@cabinet.local deleted product image #34 (product #9).'", '"image_id'": 34, '"finish_id'": 3}",2026-07-02 17:05:20.643318-05,,
577,1,UPDATE,products,9,,"{'"event'": '"product_image_deleted'", '"summary'": '"Admin admin@cabinet.local deleted product image #35 (product #9).'", '"image_id'": 35, '"finish_id'": 3}",2026-07-02 17:05:21.520281-05,,
578,1,UPDATE,products,9,,"{'"event'": '"product_image_deleted'", '"summary'": '"Admin admin@cabinet.local deleted product image #36 (product #9).'", '"image_id'": 36, '"finish_id'": 3}",2026-07-02 17:05:22.491696-05,,
579,1,UPDATE,products,9,,"{'"event'": '"product_image_added'", '"summary'": '"Admin admin@cabinet.local added a product image as cover (product #9).'", '"as_cover'": true, '"image_id'": 171, '"finish_id'": 3}",2026-07-02 17:06:27.811749-05,,
580,1,UPDATE,products,9,,"{'"event'": '"product_image_added'", '"summary'": '"Admin admin@cabinet.local added a product image (product #9).'", '"as_cover'": false, '"image_id'": 172, '"finish_id'": 3}",2026-07-02 17:06:27.923046-05,,
581,1,UPDATE,products,9,,"{'"event'": '"product_image_added'", '"summary'": '"Admin admin@cabinet.local added a product image (product #9).'", '"as_cover'": false, '"image_id'": 173, '"finish_id'": 3}",2026-07-02 17:06:28.042695-05,,
582,1,UPDATE,products,9,,"{'"event'": '"product_image_added'", '"summary'": '"Admin admin@cabinet.local added a product image (product #9).'", '"as_cover'": false, '"image_id'": 174, '"finish_id'": 3}",2026-07-02 17:06:28.169258-05,,
583,1,UPDATE,products,9,,"{'"event'": '"product_image_added'", '"summary'": '"Admin admin@cabinet.local added a product image (product #9).'", '"as_cover'": false, '"image_id'": 175, '"finish_id'": 3}",2026-07-02 17:06:28.271787-05,,
584,1,UPDATE,products,9,,"{'"event'": '"product_image_added'", '"summary'": '"Admin admin@cabinet.local added a product image as cover (product #9).'", '"as_cover'": true, '"image_id'": 176, '"finish_id'": 11}",2026-07-02 17:06:33.875327-05,,
585,1,UPDATE,products,9,,"{'"event'": '"product_image_added'", '"summary'": '"Admin admin@cabinet.local added a product image as cover (product #9).'", '"as_cover'": true, '"image_id'": 177, '"finish_id'": 20}",2026-07-02 17:06:38.356123-05,,
586,1,UPDATE,products,9,,"{'"event'": '"product_image_added'", '"summary'": '"Admin admin@cabinet.local added a product image as cover (product #9).'", '"as_cover'": true, '"image_id'": 178, '"finish_id'": 13}",2026-07-02 17:06:42.900325-05,,
587,1,UPDATE,products,9,,"{'"event'": '"product_image_added'", '"summary'": '"Admin admin@cabinet.local added a product image as cover (product #9).'", '"as_cover'": true, '"image_id'": 179, '"finish_id'": 14}",2026-07-02 17:06:47.805515-05,,
588,1,UPDATE,products,9,,"{'"event'": '"product_image_deleted'", '"summary'": '"Admin admin@cabinet.local deleted product image #37 (product #9).'", '"image_id'": 37, '"finish_id'": 2}",2026-07-02 17:06:54.268965-05,,
589,1,UPDATE,products,9,,"{'"event'": '"product_image_deleted'", '"summary'": '"Admin admin@cabinet.local deleted product image #38 (product #9).'", '"image_id'": 38, '"finish_id'": 2}",2026-07-02 17:06:55.320672-05,,
590,1,UPDATE,products,9,,"{'"event'": '"product_image_deleted'", '"summary'": '"Admin admin@cabinet.local deleted product image #41 (product #9).'", '"image_id'": 41, '"finish_id'": 2}",2026-07-02 17:06:56.955699-05,,
591,1,UPDATE,products,9,,"{'"event'": '"product_image_added'", '"summary'": '"Admin admin@cabinet.local added a product image as cover (product #9).'", '"as_cover'": true, '"image_id'": 180, '"finish_id'": 2}",2026-07-02 17:07:06.70517-05,,
592,1,UPDATE,products,9,,"{'"event'": '"product_images_reordered'", '"summary'": '"Admin admin@cabinet.local reordered 3 product images (product #9).'", '"finish_id'": 2, '"image_count'": 3}",2026-07-02 17:07:07.988465-05,,
593,1,UPDATE,product_variants,331,"{'"id'": 331, '"sku'": '"HE-B24'", '"price'": '"701.20'", '"depth_in'": '"24.00'", '"width_in'": '"24.00'", '"finish_id'": 2, '"height_in'": '"34.50'", '"created_at'": '"2026-06-25T21:39:27.007Z'", '"created_by'": null, '"deleted_at'": null, '"product_id'": 9, '"updated_at'": '"2026-06-30T20:04:04.606Z'", '"updated_by'": null, '"stock_status'": '"in_stock'"}","{'"id'": 331, '"sku'": '"HE-B24'", '"price'": '"701.20'", '"depth_in'": '"24.00'", '"width_in'": '"24.00'", '"finish_id'": 2, '"height_in'": '"34.50'", '"created_at'": '"2026-06-25T21:39:27.007Z'", '"created_by'": null, '"deleted_at'": null, '"product_id'": 9, '"updated_at'": '"2026-07-02T22:07:09.617Z'", '"updated_by'": 1, '"stock_status'": '"in_stock'"}",2026-07-02 17:07:09.617525-05,,
594,1,UPDATE,products,9,"{'"id'": 9, '"sku'": '"B24'", '"name'": '"B24'", '"image_url'": '"/uploads/products/882fc0c1-3e64-4b32-9b23-99df49db6d74.webp'", '"created_at'": '"2026-06-23T18:16:06.218Z'", '"created_by'": null, '"deleted_at'": null, '"updated_at'": '"2026-06-30T20:04:04.606Z'", '"updated_by'": null, '"description'": '"2 Door & 1 Drawer'", '"sub_category_id'": 3}","{'"id'": 9, '"sku'": '"B24'", '"name'": '"B24'", '"image_url'": '"/uploads/products/882fc0c1-3e64-4b32-9b23-99df49db6d74.webp'", '"created_at'": '"2026-06-23T18:16:06.218Z'", '"created_by'": null, '"deleted_at'": null, '"updated_at'": '"2026-07-02T22:07:09.617Z'", '"updated_by'": 1, '"description'": '"2 Door & 1 Drawer'", '"sub_category_id'": 3}",2026-07-02 17:07:09.617525-05,,
595,1,UPDATE,door_finishes,20,"{'"id'": 20, '"name'": '"Cinnamon'", '"slug'": '"cinnamon'", '"is_active'": true, '"created_at'": '"2026-06-30T20:02:57.146Z'", '"created_by'": 1, '"deleted_at'": null, '"sort_order'": 0, '"updated_at'": '"2026-07-02T17:57:28.324Z'", '"updated_by'": 1, '"description'": null, '"sample_image_url'": '"/uploads/products/8bf2d495-8d4a-4b65-abe6-1f583f64f36c.png'"}","{'"id'": 20, '"name'": '"Cinnamon'", '"slug'": '"cinnamon'", '"is_active'": true, '"created_at'": '"2026-06-30T20:02:57.146Z'", '"created_by'": 1, '"deleted_at'": null, '"sort_order'": 0, '"updated_at'": '"2026-07-02T22:21:50.668Z'", '"updated_by'": 1, '"description'": null, '"sample_image_url'": null}",2026-07-02 17:21:50.668064-05,,
596,1,UPDATE,door_finishes,19,"{'"id'": 19, '"name'": '"Hall Mark Frost'", '"slug'": '"hall-mark-frost'", '"is_active'": true, '"created_at'": '"2026-06-30T20:02:23.158Z'", '"created_by'": 1, '"deleted_at'": null, '"sort_order'": 0, '"updated_at'": '"2026-06-30T20:02:23.158Z'", '"updated_by'": 1, '"description'": null, '"sample_image_url'": '"/uploads/products/ff0ba9a6-00d2-4a69-b80a-23f604e338ec.png'"}","{'"id'": 19, '"name'": '"Hall Mark Frost'", '"slug'": '"hall-mark-frost'", '"is_active'": true, '"created_at'": '"2026-06-30T20:02:23.158Z'", '"created_by'": 1, '"deleted_at'": null, '"sort_order'": 0, '"updated_at'": '"2026-07-02T22:21:55.293Z'", '"updated_by'": 1, '"description'": null, '"sample_image_url'": null}",2026-07-02 17:21:55.293763-05,,
597,1,UPDATE,door_finishes,21,"{'"id'": 21, '"name'": '"Ivory'", '"slug'": '"ivory'", '"is_active'": true, '"created_at'": '"2026-06-30T20:03:08.451Z'", '"created_by'": 1, '"deleted_at'": null, '"sort_order'": 0, '"updated_at'": '"2026-06-30T20:03:08.451Z'", '"updated_by'": 1, '"description'": null, '"sample_image_url'": '"/uploads/products/13bc4e7d-05b3-41bf-b3bf-63f2f551153a.png'"}","{'"id'": 21, '"name'": '"Ivory'", '"slug'": '"ivory'", '"is_active'": true, '"created_at'": '"2026-06-30T20:03:08.451Z'", '"created_by'": 1, '"deleted_at'": null, '"sort_order'": 0, '"updated_at'": '"2026-07-02T22:21:58.896Z'", '"updated_by'": 1, '"description'": null, '"sample_image_url'": null}",2026-07-02 17:21:58.896931-05,,
598,1,UPDATE,door_finishes,22,"{'"id'": 22, '"name'": '"Sage Green'", '"slug'": '"sage-green'", '"is_active'": true, '"created_at'": '"2026-06-30T20:03:53.794Z'", '"created_by'": 1, '"deleted_at'": null, '"sort_order'": 0, '"updated_at'": '"2026-06-30T20:03:53.794Z'", '"updated_by'": 1, '"description'": null, '"sample_image_url'": '"/uploads/products/1f1ee44b-e203-4c32-aeb5-d491b498e694.png'"}","{'"id'": 22, '"name'": '"Sage Green'", '"slug'": '"sage-green'", '"is_active'": true, '"created_at'": '"2026-06-30T20:03:53.794Z'", '"created_by'": 1, '"deleted_at'": null, '"sort_order'": 0, '"updated_at'": '"2026-07-02T22:22:02.028Z'", '"updated_by'": 1, '"description'": null, '"sample_image_url'": null}",2026-07-02 17:22:02.0287-05,,
599,1,UPDATE,door_finishes,3,"{'"id'": 3, '"name'": '"Ash Shaker'", '"slug'": '"ash-shaker'", '"is_active'": true, '"created_at'": '"2026-06-22T16:23:34.677Z'", '"created_by'": null, '"deleted_at'": null, '"sort_order'": 3, '"updated_at'": '"2026-06-29T22:08:17.027Z'", '"updated_by'": 1, '"description'": null, '"sample_image_url'": '"/uploads/products/e6e8e8d3-64a1-4965-9ef2-72f80213666f.png'"}","{'"id'": 3, '"name'": '"Ash Shaker'", '"slug'": '"ash-shaker'", '"is_active'": true, '"created_at'": '"2026-06-22T16:23:34.677Z'", '"created_by'": null, '"deleted_at'": null, '"sort_order'": 3, '"updated_at'": '"2026-07-02T22:22:26.494Z'", '"updated_by'": 1, '"description'": null, '"sample_image_url'": '"/uploads/products/e6e8e8d3-64a1-4965-9ef2-72f80213666f.png'"}",2026-07-02 17:22:26.494394-05,,
600,1,UPDATE,door_finishes,2,"{'"id'": 2, '"name'": '"Ebony Shaker'", '"slug'": '"ebony-shaker'", '"is_active'": true, '"created_at'": '"2026-06-22T16:23:34.677Z'", '"created_by'": null, '"deleted_at'": null, '"sort_order'": 3, '"updated_at'": '"2026-06-26T21:41:45.626Z'", '"updated_by'": 1, '"description'": null, '"sample_image_url'": '"/uploads/products/fdcb203d-37f1-40a3-9c6b-f519be0f5859.png'"}","{'"id'": 2, '"name'": '"Ebony Shaker'", '"slug'": '"ebony-shaker'", '"is_active'": true, '"created_at'": '"2026-06-22T16:23:34.677Z'", '"created_by'": null, '"deleted_at'": null, '"sort_order'": 3, '"updated_at'": '"2026-07-02T22:22:34.578Z'", '"updated_by'": 1, '"description'": null, '"sample_image_url'": '"/uploads/products/fdcb203d-37f1-40a3-9c6b-f519be0f5859.png'"}",2026-07-02 17:22:34.578438-05,,
601,1,UPDATE,door_finishes,9,"{'"id'": 9, '"name'": '"Timber Shaker'", '"slug'": '"timber-shaker'", '"is_active'": true, '"created_at'": '"2026-06-23T20:18:36.495Z'", '"created_by'": null, '"deleted_at'": null, '"sort_order'": 4, '"updated_at'": '"2026-06-23T21:18:52.371Z'", '"updated_by'": null, '"description'": null, '"sample_image_url'": '"/uploads/products/c56e81a1-d1a3-4d13-ad8d-21256dcc6bd0.png'"}","{'"id'": 9, '"name'": '"Timber Shaker'", '"slug'": '"timber-shaker'", '"is_active'": true, '"created_at'": '"2026-06-23T20:18:36.495Z'", '"created_by'": null, '"deleted_at'": null, '"sort_order'": 4, '"updated_at'": '"2026-07-02T22:22:45.344Z'", '"updated_by'": 1, '"description'": null, '"sample_image_url'": '"/uploads/products/c56e81a1-d1a3-4d13-ad8d-21256dcc6bd0.png'"}",2026-07-02 17:22:45.344872-05,,
602,1,UPDATE,door_finishes,10,"{'"id'": 10, '"name'": '"Slim Frost'", '"slug'": '"slim-frost'", '"is_active'": true, '"created_at'": '"2026-06-23T20:19:03.376Z'", '"created_by'": null, '"deleted_at'": null, '"sort_order'": 5, '"updated_at'": '"2026-06-24T17:27:59.997Z'", '"updated_by'": 1, '"description'": null, '"sample_image_url'": '"/uploads/products/7cded580-00cf-4a5e-ba75-5d8b1a81d1e4.png'"}","{'"id'": 10, '"name'": '"Slim Frost'", '"slug'": '"slim-frost'", '"is_active'": true, '"created_at'": '"2026-06-23T20:19:03.376Z'", '"created_by'": null, '"deleted_at'": null, '"sort_order'": 5, '"updated_at'": '"2026-07-02T22:22:54.982Z'", '"updated_by'": 1, '"description'": null, '"sample_image_url'": '"/uploads/products/7cded580-00cf-4a5e-ba75-5d8b1a81d1e4.png'"}",2026-07-02 17:22:54.9828-05,,
603,1,UPDATE,door_finishes,11,"{'"id'": 11, '"name'": '"Blue Shaker'", '"slug'": '"blue-shaker'", '"is_active'": true, '"created_at'": '"2026-06-23T21:19:37.944Z'", '"created_by'": null, '"deleted_at'": null, '"sort_order'": 6, '"updated_at'": '"2026-06-23T21:19:37.944Z'", '"updated_by'": null, '"description'": null, '"sample_image_url'": '"/uploads/products/96dfd0f0-945c-4c09-994b-0c903e86b018.png'"}","{'"id'": 11, '"name'": '"Blue Shaker'", '"slug'": '"blue-shaker'", '"is_active'": true, '"created_at'": '"2026-06-23T21:19:37.944Z'", '"created_by'": null, '"deleted_at'": null, '"sort_order'": 6, '"updated_at'": '"2026-07-02T22:22:59.179Z'", '"updated_by'": 1, '"description'": null, '"sample_image_url'": '"/uploads/products/96dfd0f0-945c-4c09-994b-0c903e86b018.png'"}",2026-07-02 17:22:59.179197-05,,
604,1,UPDATE,door_finishes,13,"{'"id'": 13, '"name'": '"Cream Shaker'", '"slug'": '"cream-shaker'", '"is_active'": true, '"created_at'": '"2026-06-23T21:20:29.688Z'", '"created_by'": null, '"deleted_at'": null, '"sort_order'": 8, '"updated_at'": '"2026-06-23T21:20:29.688Z'", '"updated_by'": null, '"description'": null, '"sample_image_url'": '"/uploads/products/333cdbd7-03e9-4d28-b538-b22f1ad803c2.png'"}","{'"id'": 13, '"name'": '"Cream Shaker'", '"slug'": '"cream-shaker'", '"is_active'": true, '"created_at'": '"2026-06-23T21:20:29.688Z'", '"created_by'": null, '"deleted_at'": null, '"sort_order'": 8, '"updated_at'": '"2026-07-02T22:23:02.512Z'", '"updated_by'": 1, '"description'": null, '"sample_image_url'": '"/uploads/products/333cdbd7-03e9-4d28-b538-b22f1ad803c2.png'"}",2026-07-02 17:23:02.512422-05,,
605,1,UPDATE,door_finishes,14,"{'"id'": 14, '"name'": '"Dark Gray Shaker'", '"slug'": '"dark-gray-shaker'", '"is_active'": true, '"created_at'": '"2026-06-23T21:20:57.192Z'", '"created_by'": null, '"deleted_at'": null, '"sort_order'": 9, '"updated_at'": '"2026-06-23T21:20:57.192Z'", '"updated_by'": null, '"description'": null, '"sample_image_url'": '"/uploads/products/b1802866-5e0d-4c22-9389-320f4f0ce9ac.png'"}","{'"id'": 14, '"name'": '"Dark Gray Shaker'", '"slug'": '"dark-gray-shaker'", '"is_active'": true, '"created_at'": '"2026-06-23T21:20:57.192Z'", '"created_by'": null, '"deleted_at'": null, '"sort_order'": 9, '"updated_at'": '"2026-07-02T22:23:05.547Z'", '"updated_by'": 1, '"description'": null, '"sample_image_url'": '"/uploads/products/b1802866-5e0d-4c22-9389-320f4f0ce9ac.png'"}",2026-07-02 17:23:05.547571-05,,
606,1,UPDATE,door_finishes,15,"{'"id'": 15, '"name'": '"Fairy Green Shaker'", '"slug'": '"fairy-green-shaker'", '"is_active'": true, '"created_at'": '"2026-06-23T21:21:26.436Z'", '"created_by'": null, '"deleted_at'": null, '"sort_order'": 10, '"updated_at'": '"2026-06-24T16:25:34.518Z'", '"updated_by'": 1, '"description'": null, '"sample_image_url'": '"/uploads/products/9cb11146-9e9e-4e8c-8942-de500e360917.png'"}","{'"id'": 15, '"name'": '"Fairy Green Shaker'", '"slug'": '"fairy-green-shaker'", '"is_active'": true, '"created_at'": '"2026-06-23T21:21:26.436Z'", '"created_by'": null, '"deleted_at'": null, '"sort_order'": 10, '"updated_at'": '"2026-07-02T22:23:08.264Z'", '"updated_by'": 1, '"description'": null, '"sample_image_url'": '"/uploads/products/9cb11146-9e9e-4e8c-8942-de500e360917.png'"}",2026-07-02 17:23:08.264299-05,,
607,1,UPDATE,door_finishes,16,"{'"id'": 16, '"name'": '"Light Gray'", '"slug'": '"light-gray'", '"is_active'": true, '"created_at'": '"2026-06-24T17:29:58.014Z'", '"created_by'": 1, '"deleted_at'": null, '"sort_order'": 20, '"updated_at'": '"2026-06-24T17:31:09.307Z'", '"updated_by'": 1, '"description'": null, '"sample_image_url'": '"/uploads/products/656cb8c3-8d60-4403-85d5-04d439655918.png'"}","{'"id'": 16, '"name'": '"Light Gray'", '"slug'": '"light-gray'", '"is_active'": true, '"created_at'": '"2026-06-24T17:29:58.014Z'", '"created_by'": 1, '"deleted_at'": null, '"sort_order'": 20, '"updated_at'": '"2026-07-02T22:23:11.131Z'", '"updated_by'": 1, '"description'": null, '"sample_image_url'": '"/uploads/products/656cb8c3-8d60-4403-85d5-04d439655918.png'"}",2026-07-02 17:23:11.131291-05,,
608,1,UPDATE,door_finishes,17,"{'"id'": 17, '"name'": '"Espresso'", '"slug'": '"espresso'", '"is_active'": true, '"created_at'": '"2026-06-24T17:30:22.831Z'", '"created_by'": 1, '"deleted_at'": null, '"sort_order'": 30, '"updated_at'": '"2026-06-30T20:02:43.073Z'", '"updated_by'": 1, '"description'": null, '"sample_image_url'": '"/uploads/products/afef46cf-eafb-4e8d-981b-a41ef633580c.jpg'"}","{'"id'": 17, '"name'": '"Espresso'", '"slug'": '"espresso'", '"is_active'": true, '"created_at'": '"2026-06-24T17:30:22.831Z'", '"created_by'": 1, '"deleted_at'": null, '"sort_order'": 30, '"updated_at'": '"2026-07-02T22:23:14.415Z'", '"updated_by'": 1, '"description'": null, '"sample_image_url'": '"/uploads/products/afef46cf-eafb-4e8d-981b-a41ef633580c.jpg'"}",2026-07-02 17:23:14.415169-05,,
609,1,UPDATE,door_finishes,18,"{'"id'": 18, '"name'": '"Slim Mocha'", '"slug'": '"slim-mocha'", '"is_active'": true, '"created_at'": '"2026-06-24T17:30:53.026Z'", '"created_by'": 1, '"deleted_at'": null, '"sort_order'": 40, '"updated_at'": '"2026-06-24T17:32:12.604Z'", '"updated_by'": 1, '"description'": null, '"sample_image_url'": '"/uploads/products/4b3bd253-62b1-4600-adac-426ac82621ae.png'"}","{'"id'": 18, '"name'": '"Slim Mocha'", '"slug'": '"slim-mocha'", '"is_active'": true, '"created_at'": '"2026-06-24T17:30:53.026Z'", '"created_by'": 1, '"deleted_at'": null, '"sort_order'": 40, '"updated_at'": '"2026-07-02T22:23:18.428Z'", '"updated_by'": 1, '"description'": null, '"sample_image_url'": '"/uploads/products/4b3bd253-62b1-4600-adac-426ac82621ae.png'"}",2026-07-02 17:23:18.428591-05,,
610,1,UPDATE,door_finishes,17,"{'"id'": 17, '"name'": '"Espresso'", '"slug'": '"espresso'", '"is_active'": true, '"created_at'": '"2026-06-24T17:30:22.831Z'", '"created_by'": 1, '"deleted_at'": null, '"sort_order'": 30, '"updated_at'": '"2026-07-02T22:23:14.415Z'", '"updated_by'": 1, '"description'": null, '"sample_image_url'": '"/uploads/products/afef46cf-eafb-4e8d-981b-a41ef633580c.jpg'"}","{'"id'": 17, '"name'": '"Espresso'", '"slug'": '"espresso'", '"is_active'": true, '"created_at'": '"2026-06-24T17:30:22.831Z'", '"created_by'": 1, '"deleted_at'": null, '"sort_order'": 30, '"updated_at'": '"2026-07-02T22:23:21.293Z'", '"updated_by'": 1, '"description'": null, '"sample_image_url'": null}",2026-07-02 17:23:21.293735-05,,
611,1,UPDATE,door_finishes,1,"{'"id'": 1, '"name'": '"Test'", '"slug'": '"test'", '"is_active'": true, '"created_at'": '"2026-06-22T16:23:34.677Z'", '"created_by'": null, '"deleted_at'": null, '"sort_order'": 0, '"updated_at'": '"2026-07-02T22:21:15.932Z'", '"updated_by'": 1, '"description'": null, '"sample_image_url'": null}","{'"id'": 1, '"name'": '"White Shaker'", '"slug'": '"white-shaker'", '"is_active'": true, '"created_at'": '"2026-06-22T16:23:34.677Z'", '"created_by'": null, '"deleted_at'": null, '"sort_order'": 0, '"updated_at'": '"2026-07-02T22:26:41.451Z'", '"updated_by'": 1, '"description'": null, '"sample_image_url'": null}",2026-07-02 17:26:41.45192-05,,
612,1,UPDATE,product_variants,14,"{'"id'": 14, '"sku'": '"HA-B12'", '"price'": '"396.50'", '"depth_in'": '"24.00'", '"width_in'": '"12.00'", '"finish_id'": 3, '"height_in'": '"34.50'", '"created_at'": '"2026-06-23T18:17:58.032Z'", '"created_by'": null, '"deleted_at'": null, '"product_id'": 7, '"updated_at'": '"2026-06-30T20:04:04.606Z'", '"updated_by'": null, '"stock_status'": '"in_stock'"}","{'"id'": 14, '"sku'": '"HA-B12'", '"price'": '"396.50'", '"depth_in'": '"24.00'", '"width_in'": '"12.00'", '"finish_id'": 3, '"height_in'": '"34.50'", '"created_at'": '"2026-06-23T18:17:58.032Z'", '"created_by'": null, '"deleted_at'": null, '"product_id'": 7, '"updated_at'": '"2026-07-02T22:28:40.372Z'", '"updated_by'": 1, '"stock_status'": '"in_stock'"}",2026-07-02 17:28:40.372618-05,,
613,1,UPDATE,products,7,"{'"id'": 7, '"sku'": '"B12'", '"name'": '"B12'", '"image_url'": '"/uploads/products/13c1443f-ec9b-4cc1-9fc0-dcfe34619c2c.png'", '"created_at'": '"2026-06-20T21:09:11.370Z'", '"created_by'": null, '"deleted_at'": null, '"updated_at'": '"2026-06-30T20:04:04.606Z'", '"updated_by'": null, '"description'": '"1 Door & 1 Drawer'", '"sub_category_id'": 3}","{'"id'": 7, '"sku'": '"B12'", '"name'": '"B12'", '"image_url'": '"/uploads/products/13c1443f-ec9b-4cc1-9fc0-dcfe34619c2c.png'", '"created_at'": '"2026-06-20T21:09:11.370Z'", '"created_by'": null, '"deleted_at'": null, '"updated_at'": '"2026-07-02T22:28:40.372Z'", '"updated_by'": 1, '"description'": '"1 Door & 1 Drawer'", '"sub_category_id'": 3}",2026-07-02 17:28:40.372618-05,,
614,1,UPDATE,products,7,"{'"id'": 7, '"sku'": '"B12'", '"name'": '"B12'", '"image_url'": '"/uploads/products/13c1443f-ec9b-4cc1-9fc0-dcfe34619c2c.png'", '"created_at'": '"2026-06-20T21:09:11.370Z'", '"created_by'": null, '"deleted_at'": null, '"updated_at'": '"2026-07-02T22:28:40.372Z'", '"updated_by'": 1, '"description'": '"1 Door & 1 Drawer'", '"sub_category_id'": 3}","{'"id'": 7, '"sku'": '"B12'", '"name'": '"B12'", '"image_url'": null, '"created_at'": '"2026-06-20T21:09:11.370Z'", '"created_by'": null, '"deleted_at'": null, '"updated_at'": '"2026-07-02T22:28:45.114Z'", '"updated_by'": 1, '"description'": '"1 Door & 1 Drawer'", '"sub_category_id'": 3}",2026-07-02 17:28:45.114838-05,,
615,1,UPDATE,product_variants,14,"{'"id'": 14, '"sku'": '"HA-B12'", '"price'": '"396.50'", '"depth_in'": '"24.00'", '"width_in'": '"12.00'", '"finish_id'": 3, '"height_in'": '"34.50'", '"created_at'": '"2026-06-23T18:17:58.032Z'", '"created_by'": null, '"deleted_at'": null, '"product_id'": 7, '"updated_at'": '"2026-07-02T22:28:40.372Z'", '"updated_by'": 1, '"stock_status'": '"in_stock'"}","{'"id'": 14, '"sku'": '"HA-B12'", '"price'": '"396.50'", '"depth_in'": '"24.00'", '"width_in'": '"12.00'", '"finish_id'": 3, '"height_in'": '"34.50'", '"created_at'": '"2026-06-23T18:17:58.032Z'", '"created_by'": null, '"deleted_at'": null, '"product_id'": 7, '"updated_at'": '"2026-07-02T22:28:48.930Z'", '"updated_by'": 1, '"stock_status'": '"in_stock'"}",2026-07-02 17:28:48.930696-05,,
616,1,UPDATE,products,7,"{'"id'": 7, '"sku'": '"B12'", '"name'": '"B12'", '"image_url'": null, '"created_at'": '"2026-06-20T21:09:11.370Z'", '"created_by'": null, '"deleted_at'": null, '"updated_at'": '"2026-07-02T22:28:45.114Z'", '"updated_by'": 1, '"description'": '"1 Door & 1 Drawer'", '"sub_category_id'": 3}","{'"id'": 7, '"sku'": '"B12'", '"name'": '"B12'", '"image_url'": '"/uploads/products/5396e476-6e1c-4e5c-bef7-9810b3d83482.webp'", '"created_at'": '"2026-06-20T21:09:11.370Z'", '"created_by'": null, '"deleted_at'": null, '"updated_at'": '"2026-07-02T22:28:58.845Z'", '"updated_by'": 1, '"description'": '"1 Door & 1 Drawer'", '"sub_category_id'": 3}",2026-07-02 17:28:58.845776-05,,
617,1,UPDATE,door_finishes,9,"{'"id'": 9, '"name'": '"Timber Shaker'", '"slug'": '"timber-shaker'", '"is_active'": true, '"created_at'": '"2026-06-23T20:18:36.495Z'", '"created_by'": null, '"deleted_at'": null, '"sort_order'": 4, '"updated_at'": '"2026-07-02T22:22:45.344Z'", '"updated_by'": 1, '"description'": null, '"sample_image_url'": '"/uploads/products/c56e81a1-d1a3-4d13-ad8d-21256dcc6bd0.png'"}","{'"id'": 9, '"name'": '"Timber Shaker'", '"slug'": '"timber-shaker'", '"is_active'": true, '"created_at'": '"2026-06-23T20:18:36.495Z'", '"created_by'": null, '"deleted_at'": null, '"sort_order'": 4, '"updated_at'": '"2026-07-02T22:29:47.028Z'", '"updated_by'": 1, '"description'": null, '"sample_image_url'": '"/uploads/products/c56e81a1-d1a3-4d13-ad8d-21256dcc6bd0.png'"}",2026-07-02 17:29:47.028288-05,,
618,1,UPDATE,door_finishes,10,"{'"id'": 10, '"name'": '"Slim Frost'", '"slug'": '"slim-frost'", '"is_active'": true, '"created_at'": '"2026-06-23T20:19:03.376Z'", '"created_by'": null, '"deleted_at'": null, '"sort_order'": 5, '"updated_at'": '"2026-07-02T22:22:54.982Z'", '"updated_by'": 1, '"description'": null, '"sample_image_url'": '"/uploads/products/7cded580-00cf-4a5e-ba75-5d8b1a81d1e4.png'"}","{'"id'": 10, '"name'": '"Slim Frost'", '"slug'": '"slim-frost'", '"is_active'": true, '"created_at'": '"2026-06-23T20:19:03.376Z'", '"created_by'": null, '"deleted_at'": null, '"sort_order'": 5, '"updated_at'": '"2026-07-02T22:29:50.493Z'", '"updated_by'": 1, '"description'": null, '"sample_image_url'": '"/uploads/products/7cded580-00cf-4a5e-ba75-5d8b1a81d1e4.png'"}",2026-07-02 17:29:50.493162-05,,
619,1,UPDATE,products,7,"{'"id'": 7, '"sku'": '"B12'", '"name'": '"B12'", '"image_url'": '"/uploads/products/5396e476-6e1c-4e5c-bef7-9810b3d83482.webp'", '"created_at'": '"2026-06-20T21:09:11.370Z'", '"created_by'": null, '"deleted_at'": null, '"updated_at'": '"2026-07-02T22:28:58.845Z'", '"updated_by'": 1, '"description'": '"1 Door & 1 Drawer'", '"sub_category_id'": 3}","{'"id'": 7, '"sku'": '"B12'", '"name'": '"B12'", '"image_url'": null, '"created_at'": '"2026-06-20T21:09:11.370Z'", '"created_by'": null, '"deleted_at'": null, '"updated_at'": '"2026-07-02T22:31:29.513Z'", '"updated_by'": 1, '"description'": '"1 Door & 1 Drawer'", '"sub_category_id'": 3}",2026-07-02 17:31:29.513684-05,,
620,1,UPDATE,product_variants,14,"{'"id'": 14, '"sku'": '"HA-B12'", '"price'": '"396.50'", '"depth_in'": '"24.00'", '"width_in'": '"12.00'", '"finish_id'": 3, '"height_in'": '"34.50'", '"created_at'": '"2026-06-23T18:17:58.032Z'", '"created_by'": null, '"deleted_at'": null, '"product_id'": 7, '"updated_at'": '"2026-07-02T22:28:48.930Z'", '"updated_by'": 1, '"stock_status'": '"in_stock'"}","{'"id'": 14, '"sku'": '"HA-B12'", '"price'": '"396.50'", '"depth_in'": '"24.00'", '"width_in'": '"12.00'", '"finish_id'": 3, '"height_in'": '"34.50'", '"created_at'": '"2026-06-23T18:17:58.032Z'", '"created_by'": null, '"deleted_at'": null, '"product_id'": 7, '"updated_at'": '"2026-07-02T22:31:51.047Z'", '"updated_by'": 1, '"stock_status'": '"in_stock'"}",2026-07-02 17:31:51.047772-05,,
621,1,UPDATE,product_variants,14,"{'"id'": 14, '"sku'": '"HA-B12'", '"price'": '"396.50'", '"depth_in'": '"24.00'", '"width_in'": '"12.00'", '"finish_id'": 3, '"height_in'": '"34.50'", '"created_at'": '"2026-06-23T18:17:58.032Z'", '"created_by'": null, '"deleted_at'": null, '"product_id'": 7, '"updated_at'": '"2026-07-02T22:31:51.047Z'", '"updated_by'": 1, '"stock_status'": '"in_stock'"}","{'"id'": 14, '"sku'": '"HA-B12'", '"price'": '"396.50'", '"depth_in'": '"24.00'", '"width_in'": '"12.00'", '"finish_id'": 3, '"height_in'": '"34.50'", '"created_at'": '"2026-06-23T18:17:58.032Z'", '"created_by'": null, '"deleted_at'": null, '"product_id'": 7, '"updated_at'": '"2026-07-02T22:32:16.397Z'", '"updated_by'": 1, '"stock_status'": '"in_stock'"}",2026-07-02 17:32:16.397389-05,,
622,1,UPDATE,product_variants,14,"{'"id'": 14, '"sku'": '"HA-B12'", '"price'": '"396.50'", '"depth_in'": '"24.00'", '"width_in'": '"12.00'", '"finish_id'": 3, '"height_in'": '"34.50'", '"created_at'": '"2026-06-23T18:17:58.032Z'", '"created_by'": null, '"deleted_at'": null, '"product_id'": 7, '"updated_at'": '"2026-07-02T22:32:16.397Z'", '"updated_by'": 1, '"stock_status'": '"in_stock'"}","{'"id'": 14, '"sku'": '"HA-B12'", '"price'": '"396.50'", '"depth_in'": '"24.00'", '"width_in'": '"12.00'", '"finish_id'": 3, '"height_in'": '"34.50'", '"created_at'": '"2026-06-23T18:17:58.032Z'", '"created_by'": null, '"deleted_at'": null, '"product_id'": 7, '"updated_at'": '"2026-07-02T22:32:20.041Z'", '"updated_by'": 1, '"stock_status'": '"in_stock'"}",2026-07-02 17:32:20.041941-05,,
623,1,UPDATE,products,7,"{'"id'": 7, '"sku'": '"B12'", '"name'": '"B12'", '"image_url'": null, '"created_at'": '"2026-06-20T21:09:11.370Z'", '"created_by'": null, '"deleted_at'": null, '"updated_at'": '"2026-07-02T22:31:29.513Z'", '"updated_by'": 1, '"description'": '"1 Door & 1 Drawer'", '"sub_category_id'": 3}","{'"id'": 7, '"sku'": '"B12'", '"name'": '"B12'", '"image_url'": null, '"created_at'": '"2026-06-20T21:09:11.370Z'", '"created_by'": null, '"deleted_at'": null, '"updated_at'": '"2026-07-02T22:32:20.041Z'", '"updated_by'": 1, '"description'": '"1 Door & 1 Drawer'", '"sub_category_id'": 3}",2026-07-02 17:32:20.041941-05,,
624,1,UPDATE,products,7,"{'"id'": 7, '"sku'": '"B12'", '"name'": '"B12'", '"image_url'": null, '"created_at'": '"2026-06-20T21:09:11.370Z'", '"created_by'": null, '"deleted_at'": null, '"updated_at'": '"2026-07-02T22:32:20.041Z'", '"updated_by'": 1, '"description'": '"1 Door & 1 Drawer'", '"sub_category_id'": 3}","{'"id'": 7, '"sku'": '"B12'", '"name'": '"B12'", '"image_url'": '"/uploads/products/4477be16-52f7-4270-a600-f2d2c7ed5cab.png'", '"created_at'": '"2026-06-20T21:09:11.370Z'", '"created_by'": null, '"deleted_at'": null, '"updated_at'": '"2026-07-02T22:32:35.349Z'", '"updated_by'": 1, '"description'": '"1 Door & 1 Drawer'", '"sub_category_id'": 3}",2026-07-02 17:32:35.349832-05,,
625,1,UPDATE,product_variants,6,"{'"id'": 6, '"sku'": '"HA-B15'", '"price'": '"430.10'", '"depth_in'": '"24.00'", '"width_in'": '"15.00'", '"finish_id'": 3, '"height_in'": '"34.50'", '"created_at'": '"2026-06-20T21:09:11.370Z'", '"created_by'": null, '"deleted_at'": null, '"product_id'": 6, '"updated_at'": '"2026-06-30T20:04:04.606Z'", '"updated_by'": null, '"stock_status'": '"in_stock'"}","{'"id'": 6, '"sku'": '"HA-B15'", '"price'": '"430.10'", '"depth_in'": '"24.00'", '"width_in'": '"15.00'", '"finish_id'": 3, '"height_in'": '"34.50'", '"created_at'": '"2026-06-20T21:09:11.370Z'", '"created_by'": null, '"deleted_at'": null, '"product_id'": 6, '"updated_at'": '"2026-07-02T22:34:23.699Z'", '"updated_by'": 1, '"stock_status'": '"in_stock'"}",2026-07-02 17:34:23.699349-05,,
1180,1,UPDATE,announcement_popups,1,"{'"event'": '"force_reshow'", '"is_active'": true, '"media_url'": null, '"display_mode'": '"template'", '"display_delay'": 3, '"popup_version'": '"1fc4ca46-93ec-4697-a7a2-a3939a6bdcac'", '"template_title'": '"ASH Shaker Discount'"}","{'"event'": '"force_reshow'", '"is_active'": true, '"media_url'": null, '"display_mode'": '"template'", '"display_delay'": 3, '"popup_version'": '"0e481902-3da5-4af1-b433-81e994e5ad4c'", '"template_title'": '"ASH Shaker Discount'"}",2026-07-08 11:22:35.622522-05,,
626,1,UPDATE,products,5,"{'"id'": 5, '"sku'": '"B18'", '"name'": '"B18'", '"image_url'": '"/uploads/products/b48b8aa2-c468-4526-b8ab-245380ffdcd9.webp'", '"created_at'": '"2026-06-20T21:09:11.370Z'", '"created_by'": null, '"deleted_at'": null, '"updated_at'": '"2026-06-30T20:04:04.606Z'", '"updated_by'": null, '"description'": '"1 Door & 1 Drawer'", '"sub_category_id'": 3}","{'"id'": 5, '"sku'": '"B18'", '"name'": '"B18'", '"image_url'": null, '"created_at'": '"2026-06-20T21:09:11.370Z'", '"created_by'": null, '"deleted_at'": null, '"updated_at'": '"2026-07-02T22:34:38.210Z'", '"updated_by'": 1, '"description'": '"1 Door & 1 Drawer'", '"sub_category_id'": 3}",2026-07-02 17:34:38.210571-05,,
627,1,UPDATE,product_variants,20,"{'"id'": 20, '"sku'": '"HA-B18'", '"price'": '"463.70'", '"depth_in'": '"24.00'", '"width_in'": '"18.00'", '"finish_id'": 3, '"height_in'": '"34.50'", '"created_at'": '"2026-06-23T20:26:13.163Z'", '"created_by'": null, '"deleted_at'": null, '"product_id'": 5, '"updated_at'": '"2026-06-30T20:04:04.606Z'", '"updated_by'": null, '"stock_status'": '"in_stock'"}","{'"id'": 20, '"sku'": '"HA-B18'", '"price'": '"463.70'", '"depth_in'": '"24.00'", '"width_in'": '"18.00'", '"finish_id'": 3, '"height_in'": '"34.50'", '"created_at'": '"2026-06-23T20:26:13.163Z'", '"created_by'": null, '"deleted_at'": null, '"product_id'": 5, '"updated_at'": '"2026-07-02T22:34:39.095Z'", '"updated_by'": 1, '"stock_status'": '"in_stock'"}",2026-07-02 17:34:39.095294-05,,
628,1,UPDATE,product_variants,819,"{'"id'": 819, '"sku'": '"HA-B18TR'", '"price'": '"524.20'", '"depth_in'": '"24.00'", '"width_in'": '"18.00'", '"finish_id'": 3, '"height_in'": '"34.50'", '"created_at'": '"2026-06-26T16:20:52.969Z'", '"created_by'": null, '"deleted_at'": null, '"product_id'": 91, '"updated_at'": '"2026-06-30T20:04:04.606Z'", '"updated_by'": null, '"stock_status'": '"in_stock'"}","{'"id'": 819, '"sku'": '"HA-B18TR'", '"price'": '"524.20'", '"depth_in'": '"24.00'", '"width_in'": '"18.00'", '"finish_id'": 3, '"height_in'": '"34.50'", '"created_at'": '"2026-06-26T16:20:52.969Z'", '"created_by'": null, '"deleted_at'": null, '"product_id'": 91, '"updated_at'": '"2026-07-02T22:35:00.484Z'", '"updated_by'": 1, '"stock_status'": '"in_stock'"}",2026-07-02 17:35:00.484332-05,,
629,1,UPDATE,products,91,"{'"id'": 91, '"sku'": '"B18TR'", '"name'": '"B18TR'", '"image_url'": '"/uploads/products/d869dcfc-23f1-42c7-8398-93b02dcf3185.png'", '"created_at'": '"2026-06-26T16:20:52.969Z'", '"created_by'": null, '"deleted_at'": null, '"updated_at'": '"2026-06-30T20:04:04.606Z'", '"updated_by'": null, '"description'": '"Trash Pull Out(incl. 2 Basket) w/1 Drawer'", '"sub_category_id'": 13}","{'"id'": 91, '"sku'": '"B18TR'", '"name'": '"B18TR'", '"image_url'": null, '"created_at'": '"2026-06-26T16:20:52.969Z'", '"created_by'": null, '"deleted_at'": null, '"updated_at'": '"2026-07-02T22:35:03.928Z'", '"updated_by'": 1, '"description'": '"Trash Pull Out(incl. 2 Basket) w/1 Drawer'", '"sub_category_id'": 13}",2026-07-02 17:35:03.928551-05,,
630,1,UPDATE,product_variants,20,"{'"id'": 20, '"sku'": '"HA-B18'", '"price'": '"463.70'", '"depth_in'": '"24.00'", '"width_in'": '"18.00'", '"finish_id'": 3, '"height_in'": '"34.50'", '"created_at'": '"2026-06-23T20:26:13.163Z'", '"created_by'": null, '"deleted_at'": null, '"product_id'": 5, '"updated_at'": '"2026-07-02T22:34:39.095Z'", '"updated_by'": 1, '"stock_status'": '"in_stock'"}","{'"id'": 20, '"sku'": '"HA-B18'", '"price'": '"463.70'", '"depth_in'": '"24.00'", '"width_in'": '"18.00'", '"finish_id'": 3, '"height_in'": '"34.50'", '"created_at'": '"2026-06-23T20:26:13.163Z'", '"created_by'": null, '"deleted_at'": null, '"product_id'": 5, '"updated_at'": '"2026-07-02T22:35:18.383Z'", '"updated_by'": 1, '"stock_status'": '"in_stock'"}",2026-07-02 17:35:18.383958-05,,
631,1,UPDATE,products,4,"{'"id'": 4, '"sku'": '"B21'", '"name'": '"B21'", '"image_url'": '"/uploads/products/1dbe66db-50e0-4425-a2eb-c0caa1290398.png'", '"created_at'": '"2026-06-20T21:09:11.370Z'", '"created_by'": null, '"deleted_at'": null, '"updated_at'": '"2026-06-30T20:04:04.606Z'", '"updated_by'": null, '"description'": '"1 Door & 1 Drawer'", '"sub_category_id'": 3}","{'"id'": 4, '"sku'": '"B21'", '"name'": '"B21'", '"image_url'": null, '"created_at'": '"2026-06-20T21:09:11.370Z'", '"created_by'": null, '"deleted_at'": null, '"updated_at'": '"2026-07-02T22:35:29.348Z'", '"updated_by'": 1, '"description'": '"1 Door & 1 Drawer'", '"sub_category_id'": 3}",2026-07-02 17:35:29.348221-05,,
632,1,UPDATE,product_variants,10,"{'"id'": 10, '"sku'": '"HA-B21'", '"price'": '"499.60'", '"depth_in'": '"24.00'", '"width_in'": '"21.00'", '"finish_id'": 3, '"height_in'": '"34.50'", '"created_at'": '"2026-06-22T16:51:30.132Z'", '"created_by'": null, '"deleted_at'": null, '"product_id'": 4, '"updated_at'": '"2026-06-30T20:04:04.606Z'", '"updated_by'": null, '"stock_status'": '"in_stock'"}","{'"id'": 10, '"sku'": '"HA-B21'", '"price'": '"499.60'", '"depth_in'": '"24.00'", '"width_in'": '"21.00'", '"finish_id'": 3, '"height_in'": '"34.50'", '"created_at'": '"2026-06-22T16:51:30.132Z'", '"created_by'": null, '"deleted_at'": null, '"product_id'": 4, '"updated_at'": '"2026-07-02T22:35:41.394Z'", '"updated_by'": 1, '"stock_status'": '"in_stock'"}",2026-07-02 17:35:41.394867-05,,
633,1,UPDATE,product_variants,6,"{'"id'": 6, '"sku'": '"HA-B15'", '"price'": '"430.10'", '"depth_in'": '"24.00'", '"width_in'": '"15.00'", '"finish_id'": 3, '"height_in'": '"34.50'", '"created_at'": '"2026-06-20T21:09:11.370Z'", '"created_by'": null, '"deleted_at'": null, '"product_id'": 6, '"updated_at'": '"2026-07-02T22:34:23.699Z'", '"updated_by'": 1, '"stock_status'": '"in_stock'"}","{'"id'": 6, '"sku'": '"HA-B15'", '"price'": '"430.10'", '"depth_in'": '"24.00'", '"width_in'": '"15.00'", '"finish_id'": 3, '"height_in'": '"34.50'", '"created_at'": '"2026-06-20T21:09:11.370Z'", '"created_by'": null, '"deleted_at'": null, '"product_id'": 6, '"updated_at'": '"2026-07-03T14:49:19.635Z'", '"updated_by'": 1, '"stock_status'": '"in_stock'"}",2026-07-03 09:49:19.635107-05,,
634,1,UPDATE,products,6,"{'"id'": 6, '"sku'": '"B15'", '"name'": '"B15'", '"image_url'": '"https://images.unsplash.com/photo-1560184897-ae75e788474b?auto=format&fit=crop&w=800&q=80'", '"created_at'": '"2026-06-20T21:09:11.370Z'", '"created_by'": null, '"deleted_at'": null, '"updated_at'": '"2026-06-30T20:04:04.606Z'", '"updated_by'": null, '"description'": '"1 Door & 1 Drawer'", '"sub_category_id'": 3}","{'"id'": 6, '"sku'": '"B15'", '"name'": '"B15'", '"image_url'": '"/uploads/products/58a597d9-5799-411f-936d-17184ed49169.png'", '"created_at'": '"2026-06-20T21:09:11.370Z'", '"created_by'": null, '"deleted_at'": null, '"updated_at'": '"2026-07-03T14:49:26.667Z'", '"updated_by'": 1, '"description'": '"1 Door & 1 Drawer'", '"sub_category_id'": 3}",2026-07-03 09:49:26.667555-05,,
635,1,UPDATE,product_variants,329,"{'"id'": 329, '"sku'": '"HA-B24'", '"price'": '"548.80'", '"depth_in'": '"24.00'", '"width_in'": '"24.00'", '"finish_id'": 3, '"height_in'": '"34.50'", '"created_at'": '"2026-06-25T21:39:27.007Z'", '"created_by'": null, '"deleted_at'": null, '"product_id'": 9, '"updated_at'": '"2026-06-30T20:04:04.606Z'", '"updated_by'": null, '"stock_status'": '"in_stock'"}","{'"id'": 329, '"sku'": '"HA-B24'", '"price'": '"548.80'", '"depth_in'": '"24.00'", '"width_in'": '"24.00'", '"finish_id'": 3, '"height_in'": '"34.50'", '"created_at'": '"2026-06-25T21:39:27.007Z'", '"created_by'": null, '"deleted_at'": null, '"product_id'": 9, '"updated_at'": '"2026-07-03T14:49:47.552Z'", '"updated_by'": 1, '"stock_status'": '"in_stock'"}",2026-07-03 09:49:47.55209-05,,
1181,1,UPDATE,orders,10,"{'"status'": '"pending'", '"order_label'": '"ORD-10'"}","{'"status'": '"shipped'", '"summary'": '"admin@cabinet.local changed ORD-10 (X Co.) status from pending to shipped.'", '"order_label'": '"ORD-10'"}",2026-07-08 11:52:05.104109-05,,
636,1,UPDATE,products,57,"{'"id'": 57, '"sku'": '"B27'", '"name'": '"B27'", '"image_url'": null, '"created_at'": '"2026-06-25T21:39:27.007Z'", '"created_by'": null, '"deleted_at'": null, '"updated_at'": '"2026-06-30T20:04:04.606Z'", '"updated_by'": null, '"description'": '"2 Door & 1 Drawer'", '"sub_category_id'": 3}","{'"id'": 57, '"sku'": '"B27'", '"name'": '"B27'", '"image_url'": '"/uploads/products/6194d98a-255a-4b90-9784-72871ea33343.png'", '"created_at'": '"2026-06-25T21:39:27.007Z'", '"created_by'": null, '"deleted_at'": null, '"updated_at'": '"2026-07-03T14:50:24.400Z'", '"updated_by'": 1, '"description'": '"2 Door & 1 Drawer'", '"sub_category_id'": 3}",2026-07-03 09:50:24.400176-05,,
637,1,UPDATE,products,58,"{'"id'": 58, '"sku'": '"B30'", '"name'": '"B30'", '"image_url'": null, '"created_at'": '"2026-06-25T21:39:27.007Z'", '"created_by'": null, '"deleted_at'": null, '"updated_at'": '"2026-06-30T20:04:04.606Z'", '"updated_by'": null, '"description'": '"2 Door & 1 Drawer'", '"sub_category_id'": 3}","{'"id'": 58, '"sku'": '"B30'", '"name'": '"B30'", '"image_url'": '"/uploads/products/6fe1655d-ebaa-46ee-82db-2d541c916fba.png'", '"created_at'": '"2026-06-25T21:39:27.007Z'", '"created_by'": null, '"deleted_at'": null, '"updated_at'": '"2026-07-03T14:50:35.233Z'", '"updated_by'": 1, '"description'": '"2 Door & 1 Drawer'", '"sub_category_id'": 3}",2026-07-03 09:50:35.233359-05,,
638,1,UPDATE,products,59,"{'"id'": 59, '"sku'": '"B33'", '"name'": '"B33'", '"image_url'": null, '"created_at'": '"2026-06-25T21:39:27.007Z'", '"created_by'": null, '"deleted_at'": null, '"updated_at'": '"2026-06-30T20:04:04.606Z'", '"updated_by'": null, '"description'": '"2 Door & 1 Drawer'", '"sub_category_id'": 3}","{'"id'": 59, '"sku'": '"B33'", '"name'": '"B33'", '"image_url'": '"/uploads/products/dc8678c1-2d83-4e7e-9e89-a53ec340cc85.webp'", '"created_at'": '"2026-06-25T21:39:27.007Z'", '"created_by'": null, '"deleted_at'": null, '"updated_at'": '"2026-07-03T14:50:49.964Z'", '"updated_by'": 1, '"description'": '"2 Door & 1 Drawer'", '"sub_category_id'": 3}",2026-07-03 09:50:49.964254-05,,
639,1,UPDATE,products,60,"{'"id'": 60, '"sku'": '"B36'", '"name'": '"B36'", '"image_url'": null, '"created_at'": '"2026-06-25T21:39:27.007Z'", '"created_by'": null, '"deleted_at'": null, '"updated_at'": '"2026-06-30T20:04:04.606Z'", '"updated_by'": null, '"description'": '"2 Door & 1 Drawer'", '"sub_category_id'": 3}","{'"id'": 60, '"sku'": '"B36'", '"name'": '"B36'", '"image_url'": '"/uploads/products/78dc448c-e322-4aa2-ae07-33ed6098b0ea.png'", '"created_at'": '"2026-06-25T21:39:27.007Z'", '"created_by'": null, '"deleted_at'": null, '"updated_at'": '"2026-07-03T14:51:04.599Z'", '"updated_by'": 1, '"description'": '"2 Door & 1 Drawer'", '"sub_category_id'": 3}",2026-07-03 09:51:04.599088-05,,
640,1,UPDATE,product_variants,385,"{'"id'": 385, '"sku'": '"HLG-B36'", '"price'": '"750.40'", '"depth_in'": '"24.00'", '"width_in'": '"36.00'", '"finish_id'": 16, '"height_in'": '"34.50'", '"created_at'": '"2026-06-25T21:39:27.007Z'", '"created_by'": null, '"deleted_at'": null, '"product_id'": 60, '"updated_at'": '"2026-06-30T20:04:04.606Z'", '"updated_by'": null, '"stock_status'": '"in_stock'"}","{'"id'": 385, '"sku'": '"HLG-B36'", '"price'": '"750.40'", '"depth_in'": '"24.00'", '"width_in'": '"36.00'", '"finish_id'": 16, '"height_in'": '"34.50'", '"created_at'": '"2026-06-25T21:39:27.007Z'", '"created_by'": null, '"deleted_at'": null, '"product_id'": 60, '"updated_at'": '"2026-07-03T14:51:19.764Z'", '"updated_by'": 1, '"stock_status'": '"in_stock'"}",2026-07-03 09:51:19.76482-05,,
641,1,UPDATE,products,61,"{'"id'": 61, '"sku'": '"B39'", '"name'": '"B39'", '"image_url'": null, '"created_at'": '"2026-06-25T21:39:27.007Z'", '"created_by'": null, '"deleted_at'": null, '"updated_at'": '"2026-06-30T20:04:04.606Z'", '"updated_by'": null, '"description'": '"2 Door & 2 Drawer'", '"sub_category_id'": 3}","{'"id'": 61, '"sku'": '"B39'", '"name'": '"B39'", '"image_url'": '"/uploads/products/5fc6623e-9d45-4d9b-ad02-360855c29eed.png'", '"created_at'": '"2026-06-25T21:39:27.007Z'", '"created_by'": null, '"deleted_at'": null, '"updated_at'": '"2026-07-03T14:51:34.616Z'", '"updated_by'": 1, '"description'": '"2 Door & 2 Drawer'", '"sub_category_id'": 3}",2026-07-03 09:51:34.616039-05,,
642,1,UPDATE,product_variants,390,"{'"id'": 390, '"sku'": '"HT-B39'", '"price'": '"929.60'", '"depth_in'": '"24.00'", '"width_in'": '"39.00'", '"finish_id'": 9, '"height_in'": '"34.50'", '"created_at'": '"2026-06-25T21:39:27.007Z'", '"created_by'": null, '"deleted_at'": null, '"product_id'": 61, '"updated_at'": '"2026-06-30T20:04:04.606Z'", '"updated_by'": null, '"stock_status'": '"in_stock'"}","{'"id'": 390, '"sku'": '"HT-B39'", '"price'": '"929.60'", '"depth_in'": '"24.00'", '"width_in'": '"39.00'", '"finish_id'": 9, '"height_in'": '"34.50'", '"created_at'": '"2026-06-25T21:39:27.007Z'", '"created_by'": null, '"deleted_at'": null, '"product_id'": 61, '"updated_at'": '"2026-07-03T14:51:48.647Z'", '"updated_by'": 1, '"stock_status'": '"in_stock'"}",2026-07-03 09:51:48.647154-05,,
643,1,UPDATE,products,62,"{'"id'": 62, '"sku'": '"B42'", '"name'": '"B42'", '"image_url'": null, '"created_at'": '"2026-06-25T21:39:27.007Z'", '"created_by'": null, '"deleted_at'": null, '"updated_at'": '"2026-06-30T20:04:04.606Z'", '"updated_by'": null, '"description'": '"2 Door & 2 Drawer'", '"sub_category_id'": 3}","{'"id'": 62, '"sku'": '"B42'", '"name'": '"B42'", '"image_url'": '"/uploads/products/235ca85b-31d0-426f-ae32-8dadc7b16724.png'", '"created_at'": '"2026-06-25T21:39:27.007Z'", '"created_by'": null, '"deleted_at'": null, '"updated_at'": '"2026-07-03T14:52:01.981Z'", '"updated_by'": 1, '"description'": '"2 Door & 2 Drawer'", '"sub_category_id'": 3}",2026-07-03 09:52:01.981209-05,,
644,1,UPDATE,product_variants,404,"{'"id'": 404, '"sku'": '"SF-B42'", '"price'": '"931.90'", '"depth_in'": '"24.00'", '"width_in'": '"42.00'", '"finish_id'": 10, '"height_in'": '"34.50'", '"created_at'": '"2026-06-25T21:39:27.007Z'", '"created_by'": null, '"deleted_at'": null, '"product_id'": 62, '"updated_at'": '"2026-06-30T20:04:04.606Z'", '"updated_by'": null, '"stock_status'": '"in_stock'"}","{'"id'": 404, '"sku'": '"SF-B42'", '"price'": '"931.90'", '"depth_in'": '"24.00'", '"width_in'": '"42.00'", '"finish_id'": 10, '"height_in'": '"34.50'", '"created_at'": '"2026-06-25T21:39:27.007Z'", '"created_by'": null, '"deleted_at'": null, '"product_id'": 62, '"updated_at'": '"2026-07-03T14:52:11.330Z'", '"updated_by'": 1, '"stock_status'": '"in_stock'"}",2026-07-03 09:52:11.3306-05,,
645,1,UPDATE,products,80,"{'"id'": 80, '"sku'": '"BBC39/42'", '"name'": '"BBC39/42'", '"image_url'": null, '"created_at'": '"2026-06-25T21:39:27.007Z'", '"created_by'": null, '"deleted_at'": null, '"updated_at'": '"2026-06-30T20:04:04.606Z'", '"updated_by'": null, '"description'": '"Blind Base Corner - Blind W/1 Door & 1 Drawer'", '"sub_category_id'": 9}","{'"id'": 80, '"sku'": '"BBC39/42'", '"name'": '"BBC39/42'", '"image_url'": '"/uploads/products/01d084ba-36ed-4913-9c61-e7eb5c51b2db.webp'", '"created_at'": '"2026-06-25T21:39:27.007Z'", '"created_by'": null, '"deleted_at'": null, '"updated_at'": '"2026-07-03T14:54:40.434Z'", '"updated_by'": 1, '"description'": '"Blind Base Corner - Blind W/1 Door & 1 Drawer'", '"sub_category_id'": 9}",2026-07-03 09:54:40.434277-05,,
646,1,UPDATE,products,81,"{'"id'": 81, '"sku'": '"BBC42/45'", '"name'": '"BBC42/45'", '"image_url'": null, '"created_at'": '"2026-06-25T21:39:27.007Z'", '"created_by'": null, '"deleted_at'": null, '"updated_at'": '"2026-06-30T20:04:04.606Z'", '"updated_by'": null, '"description'": '"Blind Base Corner - Blind W/1 Door & 1 Drawer'", '"sub_category_id'": 9}","{'"id'": 81, '"sku'": '"BBC42/45'", '"name'": '"BBC42/45'", '"image_url'": '"/uploads/products/295edd7d-4084-4bdd-9cb1-02c380b6698f.png'", '"created_at'": '"2026-06-25T21:39:27.007Z'", '"created_by'": null, '"deleted_at'": null, '"updated_at'": '"2026-07-03T14:54:50.696Z'", '"updated_by'": 1, '"description'": '"Blind Base Corner - Blind W/1 Door & 1 Drawer'", '"sub_category_id'": 9}",2026-07-03 09:54:50.69649-05,,
647,1,UPDATE,product_variants,635,"{'"id'": 635, '"sku'": '"HG-BBC42/45'", '"price'": '"846.80'", '"depth_in'": '"24.00'", '"width_in'": '"39.00'", '"finish_id'": 14, '"height_in'": '"34.50'", '"created_at'": '"2026-06-25T21:39:27.007Z'", '"created_by'": null, '"deleted_at'": null, '"product_id'": 81, '"updated_at'": '"2026-06-30T20:04:04.606Z'", '"updated_by'": null, '"stock_status'": '"in_stock'"}","{'"id'": 635, '"sku'": '"HG-BBC42/45'", '"price'": '"846.80'", '"depth_in'": '"24.00'", '"width_in'": '"39.00'", '"finish_id'": 14, '"height_in'": '"34.50'", '"created_at'": '"2026-06-25T21:39:27.007Z'", '"created_by'": null, '"deleted_at'": null, '"product_id'": 81, '"updated_at'": '"2026-07-03T15:02:06.512Z'", '"updated_by'": 1, '"stock_status'": '"in_stock'"}",2026-07-03 10:02:06.512787-05,,
648,1,UPDATE,product_variants,635,"{'"id'": 635, '"sku'": '"HG-BBC42/45'", '"price'": '"846.80'", '"depth_in'": '"24.00'", '"width_in'": '"39.00'", '"finish_id'": 14, '"height_in'": '"34.50'", '"created_at'": '"2026-06-25T21:39:27.007Z'", '"created_by'": null, '"deleted_at'": null, '"product_id'": 81, '"updated_at'": '"2026-07-03T15:02:06.512Z'", '"updated_by'": 1, '"stock_status'": '"in_stock'"}","{'"id'": 635, '"sku'": '"HG-BBC42/45'", '"price'": '"846.80'", '"depth_in'": '"24.00'", '"width_in'": '"39.00'", '"finish_id'": 14, '"height_in'": '"34.50'", '"created_at'": '"2026-06-25T21:39:27.007Z'", '"created_by'": null, '"deleted_at'": null, '"product_id'": 81, '"updated_at'": '"2026-07-03T15:02:21.199Z'", '"updated_by'": 1, '"stock_status'": '"in_stock'"}",2026-07-03 10:02:21.199597-05,,
649,1,UPDATE,product_variants,635,"{'"id'": 635, '"sku'": '"HG-BBC42/45'", '"price'": '"846.80'", '"depth_in'": '"24.00'", '"width_in'": '"39.00'", '"finish_id'": 14, '"height_in'": '"34.50'", '"created_at'": '"2026-06-25T21:39:27.007Z'", '"created_by'": null, '"deleted_at'": null, '"product_id'": 81, '"updated_at'": '"2026-07-03T15:02:21.199Z'", '"updated_by'": 1, '"stock_status'": '"in_stock'"}","{'"id'": 635, '"sku'": '"HG-BBC42/45'", '"price'": '"846.80'", '"depth_in'": '"24.00'", '"width_in'": '"39.00'", '"finish_id'": 14, '"height_in'": '"34.50'", '"created_at'": '"2026-06-25T21:39:27.007Z'", '"created_by'": null, '"deleted_at'": null, '"product_id'": 81, '"updated_at'": '"2026-07-03T15:08:46.495Z'", '"updated_by'": 1, '"stock_status'": '"in_stock'"}",2026-07-03 10:08:46.495626-05,,
650,1,UPDATE,products,83,"{'"id'": 83, '"sku'": '"BF09-PO'", '"name'": '"BF09-PO'", '"image_url'": null, '"created_at'": '"2026-06-25T21:46:01.934Z'", '"created_by'": null, '"deleted_at'": null, '"updated_at'": '"2026-06-30T20:04:04.606Z'", '"updated_by'": null, '"description'": '"Spice Rack w/Drawer'", '"sub_category_id'": 3}","{'"id'": 83, '"sku'": '"BF09-PO'", '"name'": '"BF09-PO'", '"image_url'": '"/uploads/products/b25aa956-6fd4-4ac5-a8b1-c113710d46e1.png'", '"created_at'": '"2026-06-25T21:46:01.934Z'", '"created_by'": null, '"deleted_at'": null, '"updated_at'": '"2026-07-03T15:10:09.976Z'", '"updated_by'": 1, '"description'": '"Spice Rack w/Drawer'", '"sub_category_id'": 3}",2026-07-03 10:10:09.97643-05,,
651,1,UPDATE,product_variants,653,"{'"id'": 653, '"sku'": '"HA-BF09-PO'", '"price'": '"526.40'", '"depth_in'": '"24.00'", '"width_in'": '"9.00'", '"finish_id'": 3, '"height_in'": '"34.50'", '"created_at'": '"2026-06-25T21:46:01.934Z'", '"created_by'": null, '"deleted_at'": null, '"product_id'": 83, '"updated_at'": '"2026-06-30T20:04:04.606Z'", '"updated_by'": null, '"stock_status'": '"in_stock'"}","{'"id'": 653, '"sku'": '"HA-BF09-PO'", '"price'": '"526.40'", '"depth_in'": '"24.00'", '"width_in'": '"9.00'", '"finish_id'": 3, '"height_in'": '"34.50'", '"created_at'": '"2026-06-25T21:46:01.934Z'", '"created_by'": null, '"deleted_at'": null, '"product_id'": 83, '"updated_at'": '"2026-07-03T15:10:13.059Z'", '"updated_by'": 1, '"stock_status'": '"in_stock'"}",2026-07-03 10:10:13.059835-05,,
652,1,UPDATE,product_variants,795,"{'"id'": 795, '"sku'": '"HA-BES12R'", '"price'": '"385.30'", '"depth_in'": '"24.00'", '"width_in'": '"12.00'", '"finish_id'": 3, '"height_in'": '"34.50'", '"created_at'": '"2026-06-26T16:20:52.969Z'", '"created_by'": null, '"deleted_at'": null, '"product_id'": 89, '"updated_at'": '"2026-06-30T20:04:04.606Z'", '"updated_by'": null, '"stock_status'": '"in_stock'"}","{'"id'": 795, '"sku'": '"HA-BES12R'", '"price'": '"385.30'", '"depth_in'": '"24.00'", '"width_in'": '"12.00'", '"finish_id'": 3, '"height_in'": '"34.50'", '"created_at'": '"2026-06-26T16:20:52.969Z'", '"created_by'": null, '"deleted_at'": null, '"product_id'": 89, '"updated_at'": '"2026-07-03T15:11:18.458Z'", '"updated_by'": 1, '"stock_status'": '"in_stock'"}",2026-07-03 10:11:18.458396-05,,
653,1,UPDATE,products,89,"{'"id'": 89, '"sku'": '"BES12R'", '"name'": '"BES12R'", '"image_url'": null, '"created_at'": '"2026-06-26T16:20:52.969Z'", '"created_by'": null, '"deleted_at'": null, '"updated_at'": '"2026-06-30T20:04:04.606Z'", '"updated_by'": null, '"description'": '"End Shelf w/4 Shelf(Right Open)'", '"sub_category_id'": 34}","{'"id'": 89, '"sku'": '"BES12R'", '"name'": '"BES12R'", '"image_url'": '"/uploads/products/1e6ed655-23e5-45ce-8061-21ea17c0e75a.png'", '"created_at'": '"2026-06-26T16:20:52.969Z'", '"created_by'": null, '"deleted_at'": null, '"updated_at'": '"2026-07-03T15:11:22.907Z'", '"updated_by'": 1, '"description'": '"End Shelf w/4 Shelf(Right Open)'", '"sub_category_id'": 34}",2026-07-03 10:11:22.907577-05,,
654,1,UPDATE,products,88,"{'"id'": 88, '"sku'": '"BES12L'", '"name'": '"BES12L'", '"image_url'": null, '"created_at'": '"2026-06-26T16:20:52.969Z'", '"created_by'": null, '"deleted_at'": null, '"updated_at'": '"2026-06-30T20:04:04.606Z'", '"updated_by'": null, '"description'": '"End Shelf w/4 Shelf(Left Open)'", '"sub_category_id'": 34}","{'"id'": 88, '"sku'": '"BES12L'", '"name'": '"BES12L'", '"image_url'": '"/uploads/products/08c76fd7-9547-4f2e-85fb-73f589e29e0d.webp'", '"created_at'": '"2026-06-26T16:20:52.969Z'", '"created_by'": null, '"deleted_at'": null, '"updated_at'": '"2026-07-03T15:11:56.374Z'", '"updated_by'": 1, '"description'": '"End Shelf w/4 Shelf(Left Open)'", '"sub_category_id'": 34}",2026-07-03 10:11:56.374722-05,,
655,1,UPDATE,product_variants,783,"{'"id'": 783, '"sku'": '"HA-BES12L'", '"price'": '"385.30'", '"depth_in'": '"24.00'", '"width_in'": '"12.00'", '"finish_id'": 3, '"height_in'": '"34.50'", '"created_at'": '"2026-06-26T16:20:52.969Z'", '"created_by'": null, '"deleted_at'": null, '"product_id'": 88, '"updated_at'": '"2026-06-30T20:04:04.606Z'", '"updated_by'": null, '"stock_status'": '"in_stock'"}","{'"id'": 783, '"sku'": '"HA-BES12L'", '"price'": '"385.30'", '"depth_in'": '"24.00'", '"width_in'": '"12.00'", '"finish_id'": 3, '"height_in'": '"34.50'", '"created_at'": '"2026-06-26T16:20:52.969Z'", '"created_by'": null, '"deleted_at'": null, '"product_id'": 88, '"updated_at'": '"2026-07-03T15:12:01.941Z'", '"updated_by'": 1, '"stock_status'": '"in_stock'"}",2026-07-03 10:12:01.941616-05,,
656,1,UPDATE,products,90,"{'"id'": 90, '"sku'": '"BEC24'", '"name'": '"BEC24'", '"image_url'": null, '"created_at'": '"2026-06-26T16:20:52.969Z'", '"created_by'": null, '"deleted_at'": null, '"updated_at'": '"2026-06-30T20:04:04.606Z'", '"updated_by'": null, '"description'": '"Angle End w/2 Full Height Door'", '"sub_category_id'": 34}","{'"id'": 90, '"sku'": '"BEC24'", '"name'": '"BEC24'", '"image_url'": '"/uploads/products/8786d796-ad3f-47cb-8bd3-1a5eb3b7b9c5.png'", '"created_at'": '"2026-06-26T16:20:52.969Z'", '"created_by'": null, '"deleted_at'": null, '"updated_at'": '"2026-07-03T15:12:46.673Z'", '"updated_by'": 1, '"description'": '"Angle End w/2 Full Height Door'", '"sub_category_id'": 34}",2026-07-03 10:12:46.673596-05,,
1182,1,UPDATE,orders,10,"{'"status'": '"shipped'", '"order_label'": '"ORD-10'"}","{'"status'": '"completed'", '"summary'": '"admin@cabinet.local changed ORD-10 (X Co.) status from shipped to completed.'", '"order_label'": '"ORD-10'"}",2026-07-08 11:52:18.352424-05,,
657,1,UPDATE,product_variants,807,"{'"id'": 807, '"sku'": '"HA-BEC24'", '"price'": '"508.50'", '"depth_in'": '"24.00'", '"width_in'": '"24.00'", '"finish_id'": 3, '"height_in'": '"34.50'", '"created_at'": '"2026-06-26T16:20:52.969Z'", '"created_by'": null, '"deleted_at'": null, '"product_id'": 90, '"updated_at'": '"2026-06-30T20:04:04.606Z'", '"updated_by'": null, '"stock_status'": '"in_stock'"}","{'"id'": 807, '"sku'": '"HA-BEC24'", '"price'": '"508.50'", '"depth_in'": '"24.00'", '"width_in'": '"24.00'", '"finish_id'": 3, '"height_in'": '"34.50'", '"created_at'": '"2026-06-26T16:20:52.969Z'", '"created_by'": null, '"deleted_at'": null, '"product_id'": 90, '"updated_at'": '"2026-07-03T15:12:48.107Z'", '"updated_by'": 1, '"stock_status'": '"in_stock'"}",2026-07-03 10:12:48.107695-05,,
658,1,UPDATE,products,82,"{'"id'": 82, '"sku'": '"BF0924'", '"name'": '"BF0924'", '"image_url'": null, '"created_at'": '"2026-06-25T21:46:01.934Z'", '"created_by'": null, '"deleted_at'": null, '"updated_at'": '"2026-06-30T20:04:04.606Z'", '"updated_by'": null, '"description'": '"Full Height Door Only'", '"sub_category_id'": 3}","{'"id'": 82, '"sku'": '"BF0924'", '"name'": '"BF0924'", '"image_url'": '"/uploads/products/3aef78b5-4678-4a0d-90bb-0ea2eb9b464d.png'", '"created_at'": '"2026-06-25T21:46:01.934Z'", '"created_by'": null, '"deleted_at'": null, '"updated_at'": '"2026-07-03T15:15:49.625Z'", '"updated_by'": 1, '"description'": '"Full Height Door Only'", '"sub_category_id'": 3}",2026-07-03 10:15:49.625187-05,,
659,1,UPDATE,product_variants,641,"{'"id'": 641, '"sku'": '"HA-BF0924'", '"price'": '"273.30'", '"depth_in'": '"24.00'", '"width_in'": '"9.00'", '"finish_id'": 3, '"height_in'": '"34.50'", '"created_at'": '"2026-06-25T21:46:01.934Z'", '"created_by'": null, '"deleted_at'": null, '"product_id'": 82, '"updated_at'": '"2026-06-30T20:04:04.606Z'", '"updated_by'": null, '"stock_status'": '"in_stock'"}","{'"id'": 641, '"sku'": '"HA-BF0924'", '"price'": '"273.30'", '"depth_in'": '"24.00'", '"width_in'": '"9.00'", '"finish_id'": 3, '"height_in'": '"34.50'", '"created_at'": '"2026-06-25T21:46:01.934Z'", '"created_by'": null, '"deleted_at'": null, '"product_id'": 82, '"updated_at'": '"2026-07-03T15:15:54.823Z'", '"updated_by'": 1, '"stock_status'": '"in_stock'"}",2026-07-03 10:15:54.823556-05,,
660,1,UPDATE,products,274,"{'"id'": 274, '"sku'": '"BF6'", '"name'": '"BF6'", '"image_url'": null, '"created_at'": '"2026-06-26T21:29:57.071Z'", '"created_by'": null, '"deleted_at'": null, '"updated_at'": '"2026-06-30T20:04:04.606Z'", '"updated_by'": null, '"description'": '"Base Filler 3\'"'", '"sub_category_id'": 45}","{'"id'": 274, '"sku'": '"BF6'", '"name'": '"BF6'", '"image_url'": '"/uploads/products/40c01928-b7b3-4de8-bcd9-73c6c58c4050.png'", '"created_at'": '"2026-06-26T21:29:57.071Z'", '"created_by'": null, '"deleted_at'": null, '"updated_at'": '"2026-07-03T15:16:36.738Z'", '"updated_by'": 1, '"description'": '"Base Filler 3\'"'", '"sub_category_id'": 45}",2026-07-03 10:16:36.738418-05,,
661,1,UPDATE,products,273,"{'"id'": 273, '"sku'": '"BF3'", '"name'": '"BF3'", '"image_url'": null, '"created_at'": '"2026-06-26T21:29:57.071Z'", '"created_by'": null, '"deleted_at'": null, '"updated_at'": '"2026-06-30T20:04:04.606Z'", '"updated_by'": null, '"description'": '"Base Filler 3\'"'", '"sub_category_id'": 45}","{'"id'": 273, '"sku'": '"BF3'", '"name'": '"BF3'", '"image_url'": '"/uploads/products/e7947cc8-b258-4928-88d7-5683486fb83c.png'", '"created_at'": '"2026-06-26T21:29:57.071Z'", '"created_by'": null, '"deleted_at'": null, '"updated_at'": '"2026-07-03T15:17:03.156Z'", '"updated_by'": 1, '"description'": '"Base Filler 3\'"'", '"sub_category_id'": 45}",2026-07-03 10:17:03.156885-05,,
662,1,UPDATE,products,77,"{'"id'": 77, '"sku'": '"BMC30'", '"name'": '"BMC30'", '"image_url'": null, '"created_at'": '"2026-06-25T21:39:27.007Z'", '"created_by'": null, '"deleted_at'": null, '"updated_at'": '"2026-06-30T20:04:04.606Z'", '"updated_by'": null, '"description'": '"Appliance Base - Microwave Shelf W/1 Drawer'", '"sub_category_id'": 38}","{'"id'": 77, '"sku'": '"BMC30'", '"name'": '"BMC30'", '"image_url'": '"/uploads/products/144394e9-c5f1-4313-866a-0f7429761748.png'", '"created_at'": '"2026-06-25T21:39:27.007Z'", '"created_by'": null, '"deleted_at'": null, '"updated_at'": '"2026-07-03T15:18:22.904Z'", '"updated_by'": 1, '"description'": '"Appliance Base - Microwave Shelf W/1 Drawer'", '"sub_category_id'": 38}",2026-07-03 10:18:22.904435-05,,
663,1,UPDATE,product_variants,582,"{'"id'": 582, '"sku'": '"HT-BMC30'", '"price'": '"719.10'", '"depth_in'": '"24.00'", '"width_in'": '"30.00'", '"finish_id'": 9, '"height_in'": '"34.50'", '"created_at'": '"2026-06-25T21:39:27.007Z'", '"created_by'": null, '"deleted_at'": null, '"product_id'": 77, '"updated_at'": '"2026-06-30T20:04:04.606Z'", '"updated_by'": null, '"stock_status'": '"in_stock'"}","{'"id'": 582, '"sku'": '"HT-BMC30'", '"price'": '"719.10'", '"depth_in'": '"24.00'", '"width_in'": '"30.00'", '"finish_id'": 9, '"height_in'": '"34.50'", '"created_at'": '"2026-06-25T21:39:27.007Z'", '"created_by'": null, '"deleted_at'": null, '"product_id'": 77, '"updated_at'": '"2026-07-03T15:18:29.722Z'", '"updated_by'": 1, '"stock_status'": '"in_stock'"}",2026-07-03 10:18:29.72282-05,,
664,1,UPDATE,products,63,"{'"id'": 63, '"sku'": '"DB12'", '"name'": '"DB12'", '"image_url'": null, '"created_at'": '"2026-06-25T21:39:27.007Z'", '"created_by'": null, '"deleted_at'": null, '"updated_at'": '"2026-06-30T20:04:04.606Z'", '"updated_by'": null, '"description'": '"3 Drawer'", '"sub_category_id'": 7}","{'"id'": 63, '"sku'": '"DB12'", '"name'": '"DB12'", '"image_url'": '"/uploads/products/a4d89653-d7c1-4b7a-b2d8-7ead23e791c2.png'", '"created_at'": '"2026-06-25T21:39:27.007Z'", '"created_by'": null, '"deleted_at'": null, '"updated_at'": '"2026-07-03T15:19:31.325Z'", '"updated_by'": 1, '"description'": '"3 Drawer'", '"sub_category_id'": 7}",2026-07-03 10:19:31.325631-05,,
665,1,UPDATE,product_variants,414,"{'"id'": 414, '"sku'": '"HT-DB12'", '"price'": '"698.90'", '"depth_in'": '"24.00'", '"width_in'": '"12.00'", '"finish_id'": 9, '"height_in'": '"34.50'", '"created_at'": '"2026-06-25T21:39:27.007Z'", '"created_by'": null, '"deleted_at'": null, '"product_id'": 63, '"updated_at'": '"2026-06-30T20:04:04.606Z'", '"updated_by'": null, '"stock_status'": '"in_stock'"}","{'"id'": 414, '"sku'": '"HT-DB12'", '"price'": '"698.90'", '"depth_in'": '"24.00'", '"width_in'": '"12.00'", '"finish_id'": 9, '"height_in'": '"34.50'", '"created_at'": '"2026-06-25T21:39:27.007Z'", '"created_by'": null, '"deleted_at'": null, '"product_id'": 63, '"updated_at'": '"2026-07-03T15:19:40.048Z'", '"updated_by'": 1, '"stock_status'": '"in_stock'"}",2026-07-03 10:19:40.048113-05,,
666,1,UPDATE,product_variants,426,"{'"id'": 426, '"sku'": '"HT-DB15'", '"price'": '"759.40'", '"depth_in'": '"24.00'", '"width_in'": '"15.00'", '"finish_id'": 9, '"height_in'": '"34.50'", '"created_at'": '"2026-06-25T21:39:27.007Z'", '"created_by'": null, '"deleted_at'": null, '"product_id'": 64, '"updated_at'": '"2026-06-30T20:04:04.606Z'", '"updated_by'": null, '"stock_status'": '"in_stock'"}","{'"id'": 426, '"sku'": '"HT-DB15'", '"price'": '"759.40'", '"depth_in'": '"24.00'", '"width_in'": '"15.00'", '"finish_id'": 9, '"height_in'": '"34.50'", '"created_at'": '"2026-06-25T21:39:27.007Z'", '"created_by'": null, '"deleted_at'": null, '"product_id'": 64, '"updated_at'": '"2026-07-03T15:20:12.023Z'", '"updated_by'": 1, '"stock_status'": '"in_stock'"}",2026-07-03 10:20:12.023682-05,,
1183,1,UPDATE,orders,9,"{'"status'": '"pending'", '"order_label'": '"ORD-9'"}","{'"status'": '"processing'", '"summary'": '"admin@cabinet.local changed ORD-9 (X Co.) status from pending to processing.'", '"order_label'": '"ORD-9'"}",2026-07-08 11:52:20.83742-05,,
1184,1,UPDATE,orders,8,"{'"status'": '"pending'", '"order_label'": '"ORD-8'"}","{'"status'": '"confirmed'", '"summary'": '"admin@cabinet.local changed ORD-8 (X Co.) status from pending to confirmed.'", '"order_label'": '"ORD-8'"}",2026-07-08 11:52:23.615026-05,,
667,1,UPDATE,products,64,"{'"id'": 64, '"sku'": '"DB15'", '"name'": '"DB15'", '"image_url'": null, '"created_at'": '"2026-06-25T21:39:27.007Z'", '"created_by'": null, '"deleted_at'": null, '"updated_at'": '"2026-06-30T20:04:04.606Z'", '"updated_by'": null, '"description'": '"3 Drawer'", '"sub_category_id'": 7}","{'"id'": 64, '"sku'": '"DB15'", '"name'": '"DB15'", '"image_url'": '"/uploads/products/1edc0584-afcf-4721-be58-6925b081b912.png'", '"created_at'": '"2026-06-25T21:39:27.007Z'", '"created_by'": null, '"deleted_at'": null, '"updated_at'": '"2026-07-03T15:20:16.029Z'", '"updated_by'": 1, '"description'": '"3 Drawer'", '"sub_category_id'": 7}",2026-07-03 10:20:16.029004-05,,
668,1,UPDATE,products,65,"{'"id'": 65, '"sku'": '"DB18'", '"name'": '"DB18'", '"image_url'": null, '"created_at'": '"2026-06-25T21:39:27.007Z'", '"created_by'": null, '"deleted_at'": null, '"updated_at'": '"2026-06-30T20:04:04.606Z'", '"updated_by'": null, '"description'": '"3 Drawer'", '"sub_category_id'": 7}","{'"id'": 65, '"sku'": '"DB18'", '"name'": '"DB18'", '"image_url'": '"/uploads/products/793ce749-2de6-45fa-a3aa-c187f1b16c5a.png'", '"created_at'": '"2026-06-25T21:39:27.007Z'", '"created_by'": null, '"deleted_at'": null, '"updated_at'": '"2026-07-03T15:20:44.740Z'", '"updated_by'": 1, '"description'": '"3 Drawer'", '"sub_category_id'": 7}",2026-07-03 10:20:44.740832-05,,
669,1,UPDATE,product_variants,438,"{'"id'": 438, '"sku'": '"HT-DB18'", '"price'": '"822.10'", '"depth_in'": '"24.00'", '"width_in'": '"18.00'", '"finish_id'": 9, '"height_in'": '"34.50'", '"created_at'": '"2026-06-25T21:39:27.007Z'", '"created_by'": null, '"deleted_at'": null, '"product_id'": 65, '"updated_at'": '"2026-06-30T20:04:04.606Z'", '"updated_by'": null, '"stock_status'": '"in_stock'"}","{'"id'": 438, '"sku'": '"HT-DB18'", '"price'": '"822.10'", '"depth_in'": '"24.00'", '"width_in'": '"18.00'", '"finish_id'": 9, '"height_in'": '"34.50'", '"created_at'": '"2026-06-25T21:39:27.007Z'", '"created_by'": null, '"deleted_at'": null, '"product_id'": 65, '"updated_at'": '"2026-07-03T15:20:45.705Z'", '"updated_by'": 1, '"stock_status'": '"in_stock'"}",2026-07-03 10:20:45.705908-05,,
670,1,UPDATE,products,65,"{'"id'": 65, '"sku'": '"DB18'", '"name'": '"DB18'", '"image_url'": '"/uploads/products/793ce749-2de6-45fa-a3aa-c187f1b16c5a.png'", '"created_at'": '"2026-06-25T21:39:27.007Z'", '"created_by'": null, '"deleted_at'": null, '"updated_at'": '"2026-07-03T15:20:44.740Z'", '"updated_by'": 1, '"description'": '"3 Drawer'", '"sub_category_id'": 7}","{'"id'": 65, '"sku'": '"DB18'", '"name'": '"DB18'", '"image_url'": '"/uploads/products/793ce749-2de6-45fa-a3aa-c187f1b16c5a.png'", '"created_at'": '"2026-06-25T21:39:27.007Z'", '"created_by'": null, '"deleted_at'": null, '"updated_at'": '"2026-07-03T15:20:45.705Z'", '"updated_by'": 1, '"description'": '"3 Drawer'", '"sub_category_id'": 7}",2026-07-03 10:20:45.705908-05,,
671,1,UPDATE,product_variants,438,"{'"id'": 438, '"sku'": '"HT-DB18'", '"price'": '"822.10'", '"depth_in'": '"24.00'", '"width_in'": '"18.00'", '"finish_id'": 9, '"height_in'": '"34.50'", '"created_at'": '"2026-06-25T21:39:27.007Z'", '"created_by'": null, '"deleted_at'": null, '"product_id'": 65, '"updated_at'": '"2026-07-03T15:20:45.705Z'", '"updated_by'": 1, '"stock_status'": '"in_stock'"}","{'"id'": 438, '"sku'": '"HT-DB18'", '"price'": '"822.10'", '"depth_in'": '"24.00'", '"width_in'": '"18.00'", '"finish_id'": 9, '"height_in'": '"34.50'", '"created_at'": '"2026-06-25T21:39:27.007Z'", '"created_by'": null, '"deleted_at'": null, '"product_id'": 65, '"updated_at'": '"2026-07-03T15:20:51.552Z'", '"updated_by'": 1, '"stock_status'": '"in_stock'"}",2026-07-03 10:20:51.552689-05,,
672,1,UPDATE,products,66,"{'"id'": 66, '"sku'": '"DB21'", '"name'": '"DB21'", '"image_url'": null, '"created_at'": '"2026-06-25T21:39:27.007Z'", '"created_by'": null, '"deleted_at'": null, '"updated_at'": '"2026-06-30T20:04:04.606Z'", '"updated_by'": null, '"description'": '"3 Drawer'", '"sub_category_id'": 7}","{'"id'": 66, '"sku'": '"DB21'", '"name'": '"DB21'", '"image_url'": '"/uploads/products/1f4c5f0d-7ef4-4fe9-879a-7e7380563507.png'", '"created_at'": '"2026-06-25T21:39:27.007Z'", '"created_by'": null, '"deleted_at'": null, '"updated_at'": '"2026-07-03T15:29:57.969Z'", '"updated_by'": 1, '"description'": '"3 Drawer'", '"sub_category_id'": 7}",2026-07-03 10:29:57.969307-05,,
673,1,UPDATE,product_variants,450,"{'"id'": 450, '"sku'": '"HT-DB21'", '"price'": '"882.60'", '"depth_in'": '"24.00'", '"width_in'": '"21.00'", '"finish_id'": 9, '"height_in'": '"34.50'", '"created_at'": '"2026-06-25T21:39:27.007Z'", '"created_by'": null, '"deleted_at'": null, '"product_id'": 66, '"updated_at'": '"2026-06-30T20:04:04.606Z'", '"updated_by'": null, '"stock_status'": '"in_stock'"}","{'"id'": 450, '"sku'": '"HT-DB21'", '"price'": '"882.60'", '"depth_in'": '"24.00'", '"width_in'": '"21.00'", '"finish_id'": 9, '"height_in'": '"34.50'", '"created_at'": '"2026-06-25T21:39:27.007Z'", '"created_by'": null, '"deleted_at'": null, '"product_id'": 66, '"updated_at'": '"2026-07-03T15:30:14.304Z'", '"updated_by'": 1, '"stock_status'": '"in_stock'"}",2026-07-03 10:30:14.304787-05,,
674,1,UPDATE,products,67,"{'"id'": 67, '"sku'": '"DB24'", '"name'": '"DB24'", '"image_url'": null, '"created_at'": '"2026-06-25T21:39:27.007Z'", '"created_by'": null, '"deleted_at'": null, '"updated_at'": '"2026-06-30T20:04:04.606Z'", '"updated_by'": null, '"description'": '"3 Drawer'", '"sub_category_id'": 7}","{'"id'": 67, '"sku'": '"DB24'", '"name'": '"DB24'", '"image_url'": '"/uploads/products/305b1553-3848-47ab-8703-0ead12e4d0a0.png'", '"created_at'": '"2026-06-25T21:39:27.007Z'", '"created_by'": null, '"deleted_at'": null, '"updated_at'": '"2026-07-03T15:30:48.172Z'", '"updated_by'": 1, '"description'": '"3 Drawer'", '"sub_category_id'": 7}",2026-07-03 10:30:48.172144-05,,
675,1,UPDATE,product_variants,462,"{'"id'": 462, '"sku'": '"HT-DB24'", '"price'": '"945.30'", '"depth_in'": '"24.00'", '"width_in'": '"24.00'", '"finish_id'": 9, '"height_in'": '"34.50'", '"created_at'": '"2026-06-25T21:39:27.007Z'", '"created_by'": null, '"deleted_at'": null, '"product_id'": 67, '"updated_at'": '"2026-06-30T20:04:04.606Z'", '"updated_by'": null, '"stock_status'": '"in_stock'"}","{'"id'": 462, '"sku'": '"HT-DB24'", '"price'": '"945.30'", '"depth_in'": '"24.00'", '"width_in'": '"24.00'", '"finish_id'": 9, '"height_in'": '"34.50'", '"created_at'": '"2026-06-25T21:39:27.007Z'", '"created_by'": null, '"deleted_at'": null, '"product_id'": 67, '"updated_at'": '"2026-07-03T15:30:53.420Z'", '"updated_by'": 1, '"stock_status'": '"in_stock'"}",2026-07-03 10:30:53.420322-05,,
676,1,UPDATE,products,68,"{'"id'": 68, '"sku'": '"DB27'", '"name'": '"DB27'", '"image_url'": null, '"created_at'": '"2026-06-25T21:39:27.007Z'", '"created_by'": null, '"deleted_at'": null, '"updated_at'": '"2026-06-30T20:04:04.606Z'", '"updated_by'": null, '"description'": '"3 Drawer'", '"sub_category_id'": 7}","{'"id'": 68, '"sku'": '"DB27'", '"name'": '"DB27'", '"image_url'": null, '"created_at'": '"2026-06-25T21:39:27.007Z'", '"created_by'": null, '"deleted_at'": null, '"updated_at'": '"2026-07-03T15:31:57.049Z'", '"updated_by'": 1, '"description'": '"3 Drawer'", '"sub_category_id'": 7}",2026-07-03 10:31:57.049672-05,,
677,1,UPDATE,products,68,"{'"id'": 68, '"sku'": '"DB27'", '"name'": '"DB27'", '"image_url'": null, '"created_at'": '"2026-06-25T21:39:27.007Z'", '"created_by'": null, '"deleted_at'": null, '"updated_at'": '"2026-07-03T15:31:57.049Z'", '"updated_by'": 1, '"description'": '"3 Drawer'", '"sub_category_id'": 7}","{'"id'": 68, '"sku'": '"DB27'", '"name'": '"DB27'", '"image_url'": '"/uploads/products/352bcbcd-43f2-403e-ad32-d87d4464f69a.png'", '"created_at'": '"2026-06-25T21:39:27.007Z'", '"created_by'": null, '"deleted_at'": null, '"updated_at'": '"2026-07-03T15:32:09.104Z'", '"updated_by'": 1, '"description'": '"3 Drawer'", '"sub_category_id'": 7}",2026-07-03 10:32:09.104125-05,,
678,1,UPDATE,product_variants,474,"{'"id'": 474, '"sku'": '"HT-DB27'", '"price'": '"974.40'", '"depth_in'": '"24.00'", '"width_in'": '"27.00'", '"finish_id'": 9, '"height_in'": '"34.50'", '"created_at'": '"2026-06-25T21:39:27.007Z'", '"created_by'": null, '"deleted_at'": null, '"product_id'": 68, '"updated_at'": '"2026-06-30T20:04:04.606Z'", '"updated_by'": null, '"stock_status'": '"in_stock'"}","{'"id'": 474, '"sku'": '"HT-DB27'", '"price'": '"974.40'", '"depth_in'": '"24.00'", '"width_in'": '"27.00'", '"finish_id'": 9, '"height_in'": '"34.50'", '"created_at'": '"2026-06-25T21:39:27.007Z'", '"created_by'": null, '"deleted_at'": null, '"product_id'": 68, '"updated_at'": '"2026-07-03T15:32:14.670Z'", '"updated_by'": 1, '"stock_status'": '"in_stock'"}",2026-07-03 10:32:14.670936-05,,
679,1,UPDATE,products,69,"{'"id'": 69, '"sku'": '"DB30'", '"name'": '"DB30'", '"image_url'": null, '"created_at'": '"2026-06-25T21:39:27.007Z'", '"created_by'": null, '"deleted_at'": null, '"updated_at'": '"2026-06-30T20:04:04.606Z'", '"updated_by'": null, '"description'": '"3 Drawer'", '"sub_category_id'": 7}","{'"id'": 69, '"sku'": '"DB30'", '"name'": '"DB30'", '"image_url'": '"/uploads/products/796dfea7-c643-43b3-8de7-5e7527646178.png'", '"created_at'": '"2026-06-25T21:39:27.007Z'", '"created_by'": null, '"deleted_at'": null, '"updated_at'": '"2026-07-03T15:32:49.831Z'", '"updated_by'": 1, '"description'": '"3 Drawer'", '"sub_category_id'": 7}",2026-07-03 10:32:49.831661-05,,
680,1,UPDATE,product_variants,486,"{'"id'": 486, '"sku'": '"HT-DB30'", '"price'": '"994.60'", '"depth_in'": '"24.00'", '"width_in'": '"30.00'", '"finish_id'": 9, '"height_in'": '"34.50'", '"created_at'": '"2026-06-25T21:39:27.007Z'", '"created_by'": null, '"deleted_at'": null, '"product_id'": 69, '"updated_at'": '"2026-06-30T20:04:04.606Z'", '"updated_by'": null, '"stock_status'": '"in_stock'"}","{'"id'": 486, '"sku'": '"HT-DB30'", '"price'": '"994.60'", '"depth_in'": '"24.00'", '"width_in'": '"30.00'", '"finish_id'": 9, '"height_in'": '"34.50'", '"created_at'": '"2026-06-25T21:39:27.007Z'", '"created_by'": null, '"deleted_at'": null, '"product_id'": 69, '"updated_at'": '"2026-07-03T15:32:54.054Z'", '"updated_by'": 1, '"stock_status'": '"in_stock'"}",2026-07-03 10:32:54.05459-05,,
681,1,UPDATE,product_variants,498,"{'"id'": 498, '"sku'": '"HT-DB33'", '"price'": '"1030.40'", '"depth_in'": '"24.00'", '"width_in'": '"33.00'", '"finish_id'": 9, '"height_in'": '"34.50'", '"created_at'": '"2026-06-25T21:39:27.007Z'", '"created_by'": null, '"deleted_at'": null, '"product_id'": 70, '"updated_at'": '"2026-06-30T20:04:04.606Z'", '"updated_by'": null, '"stock_status'": '"in_stock'"}","{'"id'": 498, '"sku'": '"HT-DB33'", '"price'": '"1030.40'", '"depth_in'": '"24.00'", '"width_in'": '"33.00'", '"finish_id'": 9, '"height_in'": '"34.50'", '"created_at'": '"2026-06-25T21:39:27.007Z'", '"created_by'": null, '"deleted_at'": null, '"product_id'": 70, '"updated_at'": '"2026-07-03T15:33:28.869Z'", '"updated_by'": 1, '"stock_status'": '"in_stock'"}",2026-07-03 10:33:28.869021-05,,
682,1,UPDATE,products,70,"{'"id'": 70, '"sku'": '"DB33'", '"name'": '"DB33'", '"image_url'": null, '"created_at'": '"2026-06-25T21:39:27.007Z'", '"created_by'": null, '"deleted_at'": null, '"updated_at'": '"2026-06-30T20:04:04.606Z'", '"updated_by'": null, '"description'": '"3 Drawer'", '"sub_category_id'": 7}","{'"id'": 70, '"sku'": '"DB33'", '"name'": '"DB33'", '"image_url'": '"/uploads/products/302e567d-5167-4805-8460-24e1262bd0a4.png'", '"created_at'": '"2026-06-25T21:39:27.007Z'", '"created_by'": null, '"deleted_at'": null, '"updated_at'": '"2026-07-03T15:33:33.001Z'", '"updated_by'": 1, '"description'": '"3 Drawer'", '"sub_category_id'": 7}",2026-07-03 10:33:33.001282-05,,
683,1,UPDATE,products,71,"{'"id'": 71, '"sku'": '"DB36'", '"name'": '"DB36'", '"image_url'": null, '"created_at'": '"2026-06-25T21:39:27.007Z'", '"created_by'": null, '"deleted_at'": null, '"updated_at'": '"2026-06-30T20:04:04.606Z'", '"updated_by'": null, '"description'": '"3 Drawer'", '"sub_category_id'": 7}","{'"id'": 71, '"sku'": '"DB36'", '"name'": '"DB36'", '"image_url'": '"/uploads/products/6f048e0e-5ac5-42b3-9d13-388a88da5cef.png'", '"created_at'": '"2026-06-25T21:39:27.007Z'", '"created_by'": null, '"deleted_at'": null, '"updated_at'": '"2026-07-03T15:34:02.492Z'", '"updated_by'": 1, '"description'": '"3 Drawer'", '"sub_category_id'": 7}",2026-07-03 10:34:02.492343-05,,
684,1,UPDATE,product_variants,510,"{'"id'": 510, '"sku'": '"HT-DB36'", '"price'": '"1079.70'", '"depth_in'": '"24.00'", '"width_in'": '"36.00'", '"finish_id'": 9, '"height_in'": '"34.50'", '"created_at'": '"2026-06-25T21:39:27.007Z'", '"created_by'": null, '"deleted_at'": null, '"product_id'": 71, '"updated_at'": '"2026-06-30T20:04:04.606Z'", '"updated_by'": null, '"stock_status'": '"in_stock'"}","{'"id'": 510, '"sku'": '"HT-DB36'", '"price'": '"1079.70'", '"depth_in'": '"24.00'", '"width_in'": '"36.00'", '"finish_id'": 9, '"height_in'": '"34.50'", '"created_at'": '"2026-06-25T21:39:27.007Z'", '"created_by'": null, '"deleted_at'": null, '"product_id'": 71, '"updated_at'": '"2026-07-03T15:34:07.000Z'", '"updated_by'": 1, '"stock_status'": '"in_stock'"}",2026-07-03 10:34:07.000869-05,,
685,1,UPDATE,products,72,"{'"id'": 72, '"sku'": '"DB24-2'", '"name'": '"DB24-2'", '"image_url'": null, '"created_at'": '"2026-06-25T21:39:27.007Z'", '"created_by'": null, '"deleted_at'": null, '"updated_at'": '"2026-06-30T20:04:04.606Z'", '"updated_by'": null, '"description'": '"2 Drawer'", '"sub_category_id'": 7}","{'"id'": 72, '"sku'": '"DB24-2'", '"name'": '"DB24-2'", '"image_url'": '"/uploads/products/7e61563f-8b3c-417d-b1da-c621f6202793.png'", '"created_at'": '"2026-06-25T21:39:27.007Z'", '"created_by'": null, '"deleted_at'": null, '"updated_at'": '"2026-07-03T15:34:47.668Z'", '"updated_by'": 1, '"description'": '"2 Drawer'", '"sub_category_id'": 7}",2026-07-03 10:34:47.668352-05,,
686,1,UPDATE,product_variants,521,"{'"id'": 521, '"sku'": '"HA-DB24-2'", '"price'": '"866.90'", '"depth_in'": '"24.00'", '"width_in'": '"24.00'", '"finish_id'": 3, '"height_in'": '"34.50'", '"created_at'": '"2026-06-25T21:39:27.007Z'", '"created_by'": null, '"deleted_at'": null, '"product_id'": 72, '"updated_at'": '"2026-06-30T20:04:04.606Z'", '"updated_by'": null, '"stock_status'": '"in_stock'"}","{'"id'": 521, '"sku'": '"HA-DB24-2'", '"price'": '"866.90'", '"depth_in'": '"24.00'", '"width_in'": '"24.00'", '"finish_id'": 3, '"height_in'": '"34.50'", '"created_at'": '"2026-06-25T21:39:27.007Z'", '"created_by'": null, '"deleted_at'": null, '"product_id'": 72, '"updated_at'": '"2026-07-03T15:34:53.027Z'", '"updated_by'": 1, '"stock_status'": '"in_stock'"}",2026-07-03 10:34:53.027516-05,,
687,1,UPDATE,product_variants,534,"{'"id'": 534, '"sku'": '"HT-DB30-2'", '"price'": '"994.60'", '"depth_in'": '"24.00'", '"width_in'": '"30.00'", '"finish_id'": 9, '"height_in'": '"34.50'", '"created_at'": '"2026-06-25T21:39:27.007Z'", '"created_by'": null, '"deleted_at'": null, '"product_id'": 73, '"updated_at'": '"2026-06-30T20:04:04.606Z'", '"updated_by'": null, '"stock_status'": '"in_stock'"}","{'"id'": 534, '"sku'": '"HT-DB30-2'", '"price'": '"994.60'", '"depth_in'": '"24.00'", '"width_in'": '"30.00'", '"finish_id'": 9, '"height_in'": '"34.50'", '"created_at'": '"2026-06-25T21:39:27.007Z'", '"created_by'": null, '"deleted_at'": null, '"product_id'": 73, '"updated_at'": '"2026-07-03T15:35:27.403Z'", '"updated_by'": 1, '"stock_status'": '"in_stock'"}",2026-07-03 10:35:27.403097-05,,
1185,1,UPDATE,orders,7,"{'"status'": '"pending'", '"order_label'": '"ORD-7'"}","{'"status'": '"shipped'", '"summary'": '"admin@cabinet.local changed ORD-7 (X Co.) status from pending to shipped.'", '"order_label'": '"ORD-7'"}",2026-07-08 11:52:25.848363-05,,
1186,1,UPDATE,orders,6,"{'"status'": '"pending'", '"order_label'": '"ORD-6'"}","{'"status'": '"cancelled'", '"summary'": '"admin@cabinet.local changed ORD-6 (X Co.) status from pending to cancelled.'", '"order_label'": '"ORD-6'"}",2026-07-08 11:52:29.451721-05,,
688,1,UPDATE,products,73,"{'"id'": 73, '"sku'": '"DB30-2'", '"name'": '"DB30-2'", '"image_url'": null, '"created_at'": '"2026-06-25T21:39:27.007Z'", '"created_by'": null, '"deleted_at'": null, '"updated_at'": '"2026-06-30T20:04:04.606Z'", '"updated_by'": null, '"description'": '"2 Drawer'", '"sub_category_id'": 7}","{'"id'": 73, '"sku'": '"DB30-2'", '"name'": '"DB30-2'", '"image_url'": '"/uploads/products/8c90179e-a0d7-41b2-9b10-bef03bb91bb5.png'", '"created_at'": '"2026-06-25T21:39:27.007Z'", '"created_by'": null, '"deleted_at'": null, '"updated_at'": '"2026-07-03T15:35:31.133Z'", '"updated_by'": 1, '"description'": '"2 Drawer'", '"sub_category_id'": 7}",2026-07-03 10:35:31.13395-05,,
689,1,UPDATE,products,9,"{'"id'": 9, '"sku'": '"B24'", '"name'": '"B24'", '"image_url'": '"/uploads/products/882fc0c1-3e64-4b32-9b23-99df49db6d74.webp'", '"created_at'": '"2026-06-23T18:16:06.218Z'", '"created_by'": null, '"deleted_at'": null, '"updated_at'": '"2026-07-02T22:07:09.617Z'", '"updated_by'": 1, '"description'": '"2 Door & 1 Drawer'", '"sub_category_id'": 3}","{'"id'": 9, '"sku'": '"B24'", '"name'": '"B24'", '"image_url'": '"/uploads/products/3c01bf9a-8f55-4c7c-bbb4-d34ded8e96aa.png'", '"created_at'": '"2026-06-23T18:16:06.218Z'", '"created_by'": null, '"deleted_at'": null, '"updated_at'": '"2026-07-03T15:36:37.324Z'", '"updated_by'": 1, '"description'": '"2 Door & 1 Drawer'", '"sub_category_id'": 3}",2026-07-03 10:36:37.324615-05,,
690,1,UPDATE,products,51,"{'"id'": 51, '"sku'": '"SB24'", '"name'": '"SB24'", '"image_url'": null, '"created_at'": '"2026-06-24T15:09:21.205Z'", '"created_by'": null, '"deleted_at'": null, '"updated_at'": '"2026-06-30T20:04:04.606Z'", '"updated_by'": null, '"description'": '"2 Door & 1 False Drawer'", '"sub_category_id'": 6}","{'"id'": 51, '"sku'": '"SB24'", '"name'": '"SB24'", '"image_url'": '"/uploads/products/715f6e73-9ee6-4b34-8ac9-fdc27cfff216.png'", '"created_at'": '"2026-06-24T15:09:21.205Z'", '"created_by'": null, '"deleted_at'": null, '"updated_at'": '"2026-07-03T15:38:59.451Z'", '"updated_by'": 1, '"description'": '"2 Door & 1 False Drawer'", '"sub_category_id'": 6}",2026-07-03 10:38:59.451005-05,,
691,1,UPDATE,product_variants,234,"{'"id'": 234, '"sku'": '"HT-SB24'", '"price'": '"533.20'", '"depth_in'": '"24.00'", '"width_in'": '"24.00'", '"finish_id'": 9, '"height_in'": '"34.50'", '"created_at'": '"2026-06-24T15:11:53.011Z'", '"created_by'": null, '"deleted_at'": null, '"product_id'": 51, '"updated_at'": '"2026-06-30T20:04:04.606Z'", '"updated_by'": null, '"stock_status'": '"in_stock'"}","{'"id'": 234, '"sku'": '"HT-SB24'", '"price'": '"533.20'", '"depth_in'": '"24.00'", '"width_in'": '"24.00'", '"finish_id'": 9, '"height_in'": '"34.50'", '"created_at'": '"2026-06-24T15:11:53.011Z'", '"created_by'": null, '"deleted_at'": null, '"product_id'": 51, '"updated_at'": '"2026-07-03T15:39:13.897Z'", '"updated_by'": 1, '"stock_status'": '"in_stock'"}",2026-07-03 10:39:13.897154-05,,
692,1,UPDATE,product_variants,242,"{'"id'": 242, '"sku'": '"TW-SB24'", '"price'": '"555.60'", '"depth_in'": '"24.00'", '"width_in'": '"24.00'", '"finish_id'": 13, '"height_in'": '"34.50'", '"created_at'": '"2026-06-24T15:15:56.319Z'", '"created_by'": null, '"deleted_at'": null, '"product_id'": 51, '"updated_at'": '"2026-06-30T20:04:04.606Z'", '"updated_by'": null, '"stock_status'": '"in_stock'"}","{'"id'": 242, '"sku'": '"TW-SB24'", '"price'": '"555.60'", '"depth_in'": '"24.00'", '"width_in'": '"24.00'", '"finish_id'": 13, '"height_in'": '"34.50'", '"created_at'": '"2026-06-24T15:15:56.319Z'", '"created_by'": null, '"deleted_at'": null, '"product_id'": 51, '"updated_at'": '"2026-07-03T15:39:26.083Z'", '"updated_by'": 1, '"stock_status'": '"in_stock'"}",2026-07-03 10:39:26.083491-05,,
693,1,UPDATE,products,52,"{'"id'": 52, '"sku'": '"SB30'", '"name'": '"SB30'", '"image_url'": null, '"created_at'": '"2026-06-24T15:09:21.205Z'", '"created_by'": null, '"deleted_at'": null, '"updated_at'": '"2026-06-30T20:04:04.606Z'", '"updated_by'": null, '"description'": '"2 Door & 1 False Drawer'", '"sub_category_id'": 6}","{'"id'": 52, '"sku'": '"SB30'", '"name'": '"SB30'", '"image_url'": '"/uploads/products/4d6dab5f-f813-4a17-9698-c8e768234ec0.png'", '"created_at'": '"2026-06-24T15:09:21.205Z'", '"created_by'": null, '"deleted_at'": null, '"updated_at'": '"2026-07-03T15:40:09.966Z'", '"updated_by'": 1, '"description'": '"2 Door & 1 False Drawer'", '"sub_category_id'": 6}",2026-07-03 10:40:09.966816-05,,
694,1,UPDATE,product_variants,237,"{'"id'": 237, '"sku'": '"HT-SB30'", '"price'": '"602.60'", '"depth_in'": '"24.00'", '"width_in'": '"30.00'", '"finish_id'": 9, '"height_in'": '"34.50'", '"created_at'": '"2026-06-24T15:11:53.011Z'", '"created_by'": null, '"deleted_at'": null, '"product_id'": 52, '"updated_at'": '"2026-06-30T20:04:04.606Z'", '"updated_by'": null, '"stock_status'": '"in_stock'"}","{'"id'": 237, '"sku'": '"HT-SB30'", '"price'": '"602.60'", '"depth_in'": '"24.00'", '"width_in'": '"30.00'", '"finish_id'": 9, '"height_in'": '"34.50'", '"created_at'": '"2026-06-24T15:11:53.011Z'", '"created_by'": null, '"deleted_at'": null, '"product_id'": 52, '"updated_at'": '"2026-07-03T15:40:15.335Z'", '"updated_by'": 1, '"stock_status'": '"in_stock'"}",2026-07-03 10:40:15.335915-05,,
695,1,UPDATE,product_variants,258,"{'"id'": 258, '"sku'": '"HT-SB33'", '"price'": '"638.40'", '"depth_in'": '"24.00'", '"width_in'": '"33.00'", '"finish_id'": 9, '"height_in'": '"34.50'", '"created_at'": '"2026-06-24T17:50:24.088Z'", '"created_by'": null, '"deleted_at'": null, '"product_id'": 53, '"updated_at'": '"2026-06-30T20:04:04.606Z'", '"updated_by'": null, '"stock_status'": '"in_stock'"}","{'"id'": 258, '"sku'": '"HT-SB33'", '"price'": '"638.40'", '"depth_in'": '"24.00'", '"width_in'": '"33.00'", '"finish_id'": 9, '"height_in'": '"34.50'", '"created_at'": '"2026-06-24T17:50:24.088Z'", '"created_by'": null, '"deleted_at'": null, '"product_id'": 53, '"updated_at'": '"2026-07-03T15:41:00.633Z'", '"updated_by'": 1, '"stock_status'": '"in_stock'"}",2026-07-03 10:41:00.633456-05,,
696,1,UPDATE,products,53,"{'"id'": 53, '"sku'": '"SB33'", '"name'": '"SB33'", '"image_url'": null, '"created_at'": '"2026-06-24T17:50:24.088Z'", '"created_by'": null, '"deleted_at'": null, '"updated_at'": '"2026-06-30T20:04:04.606Z'", '"updated_by'": null, '"description'": '"2 Door & 1 False Drawer'", '"sub_category_id'": 6}","{'"id'": 53, '"sku'": '"SB33'", '"name'": '"SB33'", '"image_url'": '"/uploads/products/8987fb8a-85ec-4871-8581-da2560dc74e6.png'", '"created_at'": '"2026-06-24T17:50:24.088Z'", '"created_by'": null, '"deleted_at'": null, '"updated_at'": '"2026-07-03T15:41:15.472Z'", '"updated_by'": 1, '"description'": '"2 Door & 1 False Drawer'", '"sub_category_id'": 6}",2026-07-03 10:41:15.472496-05,,
697,1,UPDATE,products,54,"{'"id'": 54, '"sku'": '"SB36'", '"name'": '"SB36'", '"image_url'": null, '"created_at'": '"2026-06-24T17:50:24.088Z'", '"created_by'": null, '"deleted_at'": null, '"updated_at'": '"2026-06-30T20:04:04.606Z'", '"updated_by'": null, '"description'": '"2 Door & 1 False Drawer'", '"sub_category_id'": 6}","{'"id'": 54, '"sku'": '"SB36'", '"name'": '"SB36'", '"image_url'": '"/uploads/products/994944a4-00e4-4fac-8400-fce7bc7fa907.png'", '"created_at'": '"2026-06-24T17:50:24.088Z'", '"created_by'": null, '"deleted_at'": null, '"updated_at'": '"2026-07-03T15:41:28.165Z'", '"updated_by'": 1, '"description'": '"2 Door & 1 False Drawer'", '"sub_category_id'": 6}",2026-07-03 10:41:28.165574-05,,
1187,1,UPDATE,orders,5,"{'"status'": '"pending'", '"order_label'": '"ORD-5'"}","{'"status'": '"cancelled'", '"summary'": '"admin@cabinet.local changed ORD-5 (X Co.) status from pending to cancelled.'", '"order_label'": '"ORD-5'"}",2026-07-08 11:52:32.346912-05,,
1188,1,UPDATE,orders,4,"{'"status'": '"confirmed'", '"order_label'": '"ORD-4'"}","{'"status'": '"completed'", '"summary'": '"admin@cabinet.local changed ORD-4 (X Co.) status from confirmed to completed.'", '"order_label'": '"ORD-4'"}",2026-07-08 11:52:37.001508-05,,
698,1,UPDATE,products,55,"{'"id'": 55, '"sku'": '"SB39'", '"name'": '"SB39'", '"image_url'": null, '"created_at'": '"2026-06-25T21:07:29.240Z'", '"created_by'": null, '"deleted_at'": null, '"updated_at'": '"2026-06-30T20:04:04.606Z'", '"updated_by'": null, '"description'": '"2 Door & 2 False Drawer'", '"sub_category_id'": 6}","{'"id'": 55, '"sku'": '"SB39'", '"name'": '"SB39'", '"image_url'": '"/uploads/products/e9fda5c5-e88d-4e4d-b954-55c7f585533e.png'", '"created_at'": '"2026-06-25T21:07:29.240Z'", '"created_by'": null, '"deleted_at'": null, '"updated_at'": '"2026-07-03T15:41:43.383Z'", '"updated_by'": 1, '"description'": '"2 Door & 2 False Drawer'", '"sub_category_id'": 6}",2026-07-03 10:41:43.383107-05,,
699,1,UPDATE,products,55,"{'"id'": 55, '"sku'": '"SB39'", '"name'": '"SB39'", '"image_url'": '"/uploads/products/e9fda5c5-e88d-4e4d-b954-55c7f585533e.png'", '"created_at'": '"2026-06-25T21:07:29.240Z'", '"created_by'": null, '"deleted_at'": null, '"updated_at'": '"2026-07-03T15:41:43.383Z'", '"updated_by'": 1, '"description'": '"2 Door & 2 False Drawer'", '"sub_category_id'": 6}","{'"id'": 55, '"sku'": '"SB39'", '"name'": '"SB39'", '"image_url'": '"/uploads/products/066c004e-d503-40d0-b227-85ec4270d132.png'", '"created_at'": '"2026-06-25T21:07:29.240Z'", '"created_by'": null, '"deleted_at'": null, '"updated_at'": '"2026-07-03T15:41:48.630Z'", '"updated_by'": 1, '"description'": '"2 Door & 2 False Drawer'", '"sub_category_id'": 6}",2026-07-03 10:41:48.630587-05,,
700,1,UPDATE,products,56,"{'"id'": 56, '"sku'": '"SB42'", '"name'": '"SB42'", '"image_url'": null, '"created_at'": '"2026-06-25T21:07:29.240Z'", '"created_by'": null, '"deleted_at'": null, '"updated_at'": '"2026-06-30T20:04:04.606Z'", '"updated_by'": null, '"description'": '"2 Door & 2 False Drawer'", '"sub_category_id'": 6}","{'"id'": 56, '"sku'": '"SB42'", '"name'": '"SB42'", '"image_url'": '"/uploads/products/a1ccc09c-eda5-431c-bf91-ec31a57a37ae.png'", '"created_at'": '"2026-06-25T21:07:29.240Z'", '"created_by'": null, '"deleted_at'": null, '"updated_at'": '"2026-07-03T15:42:16.193Z'", '"updated_by'": 1, '"description'": '"2 Door & 2 False Drawer'", '"sub_category_id'": 6}",2026-07-03 10:42:16.193178-05,,
701,1,UPDATE,products,5,"{'"id'": 5, '"sku'": '"B18'", '"name'": '"B18'", '"image_url'": null, '"created_at'": '"2026-06-20T21:09:11.370Z'", '"created_by'": null, '"deleted_at'": null, '"updated_at'": '"2026-07-02T22:34:38.210Z'", '"updated_by'": 1, '"description'": '"1 Door & 1 Drawer'", '"sub_category_id'": 3}","{'"id'": 5, '"sku'": '"B18'", '"name'": '"B18'", '"image_url'": '"/uploads/products/88693115-0829-47c1-9039-0c15b225df47.png'", '"created_at'": '"2026-06-20T21:09:11.370Z'", '"created_by'": null, '"deleted_at'": null, '"updated_at'": '"2026-07-03T15:43:43.400Z'", '"updated_by'": 1, '"description'": '"1 Door & 1 Drawer'", '"sub_category_id'": 3}",2026-07-03 10:43:43.400087-05,,
702,1,UPDATE,product_variants,21,"{'"id'": 21, '"sku'": '"HT-B18'", '"price'": '"508.50'", '"depth_in'": '"24.00'", '"width_in'": '"18.00'", '"finish_id'": 9, '"height_in'": '"34.50'", '"created_at'": '"2026-06-23T20:26:13.163Z'", '"created_by'": null, '"deleted_at'": null, '"product_id'": 5, '"updated_at'": '"2026-06-30T20:04:04.606Z'", '"updated_by'": null, '"stock_status'": '"in_stock'"}","{'"id'": 21, '"sku'": '"HT-B18'", '"price'": '"508.50'", '"depth_in'": '"24.00'", '"width_in'": '"18.00'", '"finish_id'": 9, '"height_in'": '"34.50'", '"created_at'": '"2026-06-23T20:26:13.163Z'", '"created_by'": null, '"deleted_at'": null, '"product_id'": 5, '"updated_at'": '"2026-07-03T15:43:58.475Z'", '"updated_by'": 1, '"stock_status'": '"in_stock'"}",2026-07-03 10:43:58.475966-05,,
703,1,UPDATE,product_variants,10,"{'"id'": 10, '"sku'": '"HA-B21'", '"price'": '"499.60'", '"depth_in'": '"24.00'", '"width_in'": '"21.00'", '"finish_id'": 3, '"height_in'": '"34.50'", '"created_at'": '"2026-06-22T16:51:30.132Z'", '"created_by'": null, '"deleted_at'": null, '"product_id'": 4, '"updated_at'": '"2026-07-02T22:35:41.394Z'", '"updated_by'": 1, '"stock_status'": '"in_stock'"}","{'"id'": 10, '"sku'": '"HA-B21'", '"price'": '"499.60'", '"depth_in'": '"24.00'", '"width_in'": '"21.00'", '"finish_id'": 3, '"height_in'": '"34.50'", '"created_at'": '"2026-06-22T16:51:30.132Z'", '"created_by'": null, '"deleted_at'": null, '"product_id'": 4, '"updated_at'": '"2026-07-03T15:44:10.013Z'", '"updated_by'": 1, '"stock_status'": '"in_stock'"}",2026-07-03 10:44:10.013237-05,,
704,1,UPDATE,product_variants,773,"{'"id'": 773, '"sku'": '"HT-B21'", '"price'": '"542.10'", '"depth_in'": '"24.00'", '"width_in'": '"21.00'", '"finish_id'": 9, '"height_in'": '"34.50'", '"created_at'": '"2026-06-26T16:20:52.969Z'", '"created_by'": null, '"deleted_at'": null, '"product_id'": 4, '"updated_at'": '"2026-06-30T20:04:04.606Z'", '"updated_by'": null, '"stock_status'": '"in_stock'"}","{'"id'": 773, '"sku'": '"HT-B21'", '"price'": '"542.10'", '"depth_in'": '"24.00'", '"width_in'": '"21.00'", '"finish_id'": 9, '"height_in'": '"34.50'", '"created_at'": '"2026-06-26T16:20:52.969Z'", '"created_by'": null, '"deleted_at'": null, '"product_id'": 4, '"updated_at'": '"2026-07-03T15:44:29.063Z'", '"updated_by'": 1, '"stock_status'": '"in_stock'"}",2026-07-03 10:44:29.063482-05,,
705,1,UPDATE,products,4,"{'"id'": 4, '"sku'": '"B21'", '"name'": '"B21'", '"image_url'": null, '"created_at'": '"2026-06-20T21:09:11.370Z'", '"created_by'": null, '"deleted_at'": null, '"updated_at'": '"2026-07-02T22:35:29.348Z'", '"updated_by'": 1, '"description'": '"1 Door & 1 Drawer'", '"sub_category_id'": 3}","{'"id'": 4, '"sku'": '"B21'", '"name'": '"B21'", '"image_url'": '"/uploads/products/b0e28c78-161e-4302-adbb-a525e205f4fd.png'", '"created_at'": '"2026-06-20T21:09:11.370Z'", '"created_by'": null, '"deleted_at'": null, '"updated_at'": '"2026-07-03T15:44:34.693Z'", '"updated_by'": 1, '"description'": '"1 Door & 1 Drawer'", '"sub_category_id'": 3}",2026-07-03 10:44:34.693646-05,,
706,1,UPDATE,product_variants,773,"{'"id'": 773, '"sku'": '"HT-B21'", '"price'": '"542.10'", '"depth_in'": '"24.00'", '"width_in'": '"21.00'", '"finish_id'": 9, '"height_in'": '"34.50'", '"created_at'": '"2026-06-26T16:20:52.969Z'", '"created_by'": null, '"deleted_at'": null, '"product_id'": 4, '"updated_at'": '"2026-07-03T15:44:29.063Z'", '"updated_by'": 1, '"stock_status'": '"in_stock'"}","{'"id'": 773, '"sku'": '"HT-B21'", '"price'": '"542.10'", '"depth_in'": '"24.00'", '"width_in'": '"21.00'", '"finish_id'": 9, '"height_in'": '"34.50'", '"created_at'": '"2026-06-26T16:20:52.969Z'", '"created_by'": null, '"deleted_at'": null, '"product_id'": 4, '"updated_at'": '"2026-07-03T15:44:35.557Z'", '"updated_by'": 1, '"stock_status'": '"in_stock'"}",2026-07-03 10:44:35.557531-05,,
707,1,UPDATE,products,4,"{'"id'": 4, '"sku'": '"B21'", '"name'": '"B21'", '"image_url'": '"/uploads/products/b0e28c78-161e-4302-adbb-a525e205f4fd.png'", '"created_at'": '"2026-06-20T21:09:11.370Z'", '"created_by'": null, '"deleted_at'": null, '"updated_at'": '"2026-07-03T15:44:34.693Z'", '"updated_by'": 1, '"description'": '"1 Door & 1 Drawer'", '"sub_category_id'": 3}","{'"id'": 4, '"sku'": '"B21'", '"name'": '"B21'", '"image_url'": '"/uploads/products/01d364bd-2f9f-47cc-8867-974f0d323a81.png'", '"created_at'": '"2026-06-20T21:09:11.370Z'", '"created_by'": null, '"deleted_at'": null, '"updated_at'": '"2026-07-03T15:45:05.326Z'", '"updated_by'": 1, '"description'": '"1 Door & 1 Drawer'", '"sub_category_id'": 3}",2026-07-03 10:45:05.326013-05,,
708,1,UPDATE,product_variants,773,"{'"id'": 773, '"sku'": '"HT-B21'", '"price'": '"542.10'", '"depth_in'": '"24.00'", '"width_in'": '"21.00'", '"finish_id'": 9, '"height_in'": '"34.50'", '"created_at'": '"2026-06-26T16:20:52.969Z'", '"created_by'": null, '"deleted_at'": null, '"product_id'": 4, '"updated_at'": '"2026-07-03T15:44:35.557Z'", '"updated_by'": 1, '"stock_status'": '"in_stock'"}","{'"id'": 773, '"sku'": '"HT-B21'", '"price'": '"542.10'", '"depth_in'": '"24.00'", '"width_in'": '"21.00'", '"finish_id'": 9, '"height_in'": '"34.50'", '"created_at'": '"2026-06-26T16:20:52.969Z'", '"created_by'": null, '"deleted_at'": null, '"product_id'": 4, '"updated_at'": '"2026-07-03T15:45:34.958Z'", '"updated_by'": 1, '"stock_status'": '"in_stock'"}",2026-07-03 10:45:34.958089-05,,
709,1,UPDATE,product_variants,318,"{'"id'": 318, '"sku'": '"HT-SB42'", '"price'": '"822.10'", '"depth_in'": '"24.00'", '"width_in'": '"42.00'", '"finish_id'": 9, '"height_in'": '"34.50'", '"created_at'": '"2026-06-25T21:39:27.007Z'", '"created_by'": null, '"deleted_at'": null, '"product_id'": 56, '"updated_at'": '"2026-06-30T20:04:04.606Z'", '"updated_by'": null, '"stock_status'": '"in_stock'"}","{'"id'": 318, '"sku'": '"HT-SB42'", '"price'": '"822.10'", '"depth_in'": '"24.00'", '"width_in'": '"42.00'", '"finish_id'": 9, '"height_in'": '"34.50'", '"created_at'": '"2026-06-25T21:39:27.007Z'", '"created_by'": null, '"deleted_at'": null, '"product_id'": 56, '"updated_at'": '"2026-07-03T15:46:09.331Z'", '"updated_by'": 1, '"stock_status'": '"in_stock'"}",2026-07-03 10:46:09.331646-05,,
710,1,UPDATE,products,120,"{'"id'": 120, '"sku'": '"W3012'", '"name'": '"W3012'", '"image_url'": null, '"created_at'": '"2026-06-26T18:13:08.164Z'", '"created_by'": null, '"deleted_at'": null, '"updated_at'": '"2026-06-30T20:04:04.606Z'", '"updated_by'": null, '"description'": '"2 Door'", '"sub_category_id'": 23}","{'"id'": 120, '"sku'": '"W3012'", '"name'": '"W3012'", '"image_url'": '"/uploads/products/10e51a32-3d0f-41b2-ac62-9958e10b348f.png'", '"created_at'": '"2026-06-26T18:13:08.164Z'", '"created_by'": null, '"deleted_at'": null, '"updated_at'": '"2026-07-03T15:49:25.259Z'", '"updated_by'": 1, '"description'": '"2 Door'", '"sub_category_id'": 23}",2026-07-03 10:49:25.259763-05,,
711,1,UPDATE,product_variants,1420,"{'"id'": 1420, '"sku'": '"HT-W3012'", '"price'": '"302.40'", '"depth_in'": '"12.00'", '"width_in'": '"30.00'", '"finish_id'": 9, '"height_in'": '"12.00'", '"created_at'": '"2026-06-26T18:13:08.164Z'", '"created_by'": null, '"deleted_at'": null, '"product_id'": 120, '"updated_at'": '"2026-06-30T20:04:04.606Z'", '"updated_by'": null, '"stock_status'": '"in_stock'"}","{'"id'": 1420, '"sku'": '"HT-W3012'", '"price'": '"302.40'", '"depth_in'": '"12.00'", '"width_in'": '"30.00'", '"finish_id'": 9, '"height_in'": '"12.00'", '"created_at'": '"2026-06-26T18:13:08.164Z'", '"created_by'": null, '"deleted_at'": null, '"product_id'": 120, '"updated_at'": '"2026-07-03T15:49:26.030Z'", '"updated_by'": 1, '"stock_status'": '"in_stock'"}",2026-07-03 10:49:26.030779-05,,
712,1,UPDATE,product_variants,1420,"{'"id'": 1420, '"sku'": '"HT-W3012'", '"price'": '"302.40'", '"depth_in'": '"12.00'", '"width_in'": '"30.00'", '"finish_id'": 9, '"height_in'": '"12.00'", '"created_at'": '"2026-06-26T18:13:08.164Z'", '"created_by'": null, '"deleted_at'": null, '"product_id'": 120, '"updated_at'": '"2026-07-03T15:49:26.030Z'", '"updated_by'": 1, '"stock_status'": '"in_stock'"}","{'"id'": 1420, '"sku'": '"HT-W3012'", '"price'": '"302.40'", '"depth_in'": '"12.00'", '"width_in'": '"30.00'", '"finish_id'": 9, '"height_in'": '"12.00'", '"created_at'": '"2026-06-26T18:13:08.164Z'", '"created_by'": null, '"deleted_at'": null, '"product_id'": 120, '"updated_at'": '"2026-07-03T15:49:32.181Z'", '"updated_by'": 1, '"stock_status'": '"in_stock'"}",2026-07-03 10:49:32.18162-05,,
713,1,UPDATE,product_variants,1420,"{'"id'": 1420, '"sku'": '"HT-W3012'", '"price'": '"302.40'", '"depth_in'": '"12.00'", '"width_in'": '"30.00'", '"finish_id'": 9, '"height_in'": '"12.00'", '"created_at'": '"2026-06-26T18:13:08.164Z'", '"created_by'": null, '"deleted_at'": null, '"product_id'": 120, '"updated_at'": '"2026-07-03T15:49:32.181Z'", '"updated_by'": 1, '"stock_status'": '"in_stock'"}","{'"id'": 1420, '"sku'": '"HT-W3012'", '"price'": '"302.40'", '"depth_in'": '"12.00'", '"width_in'": '"30.00'", '"finish_id'": 9, '"height_in'": '"12.00'", '"created_at'": '"2026-06-26T18:13:08.164Z'", '"created_by'": null, '"deleted_at'": null, '"product_id'": 120, '"updated_at'": '"2026-07-03T15:49:33.615Z'", '"updated_by'": 1, '"stock_status'": '"in_stock'"}",2026-07-03 10:49:33.615835-05,,
714,1,UPDATE,products,121,"{'"id'": 121, '"sku'": '"W3312'", '"name'": '"W3312'", '"image_url'": null, '"created_at'": '"2026-06-26T18:13:08.164Z'", '"created_by'": null, '"deleted_at'": null, '"updated_at'": '"2026-06-30T20:04:04.606Z'", '"updated_by'": null, '"description'": '"2 Door'", '"sub_category_id'": 23}","{'"id'": 121, '"sku'": '"W3312'", '"name'": '"W3312'", '"image_url'": '"/uploads/products/26df07ef-3962-45b3-a45d-12158a4b0697.png'", '"created_at'": '"2026-06-26T18:13:08.164Z'", '"created_by'": null, '"deleted_at'": null, '"updated_at'": '"2026-07-03T15:50:47.147Z'", '"updated_by'": 1, '"description'": '"2 Door'", '"sub_category_id'": 23}",2026-07-03 10:50:47.147008-05,,
715,1,UPDATE,product_variants,1432,"{'"id'": 1432, '"sku'": '"HT-W3312'", '"price'": '"324.80'", '"depth_in'": '"12.00'", '"width_in'": '"33.00'", '"finish_id'": 9, '"height_in'": '"12.00'", '"created_at'": '"2026-06-26T18:13:08.164Z'", '"created_by'": null, '"deleted_at'": null, '"product_id'": 121, '"updated_at'": '"2026-06-30T20:04:04.606Z'", '"updated_by'": null, '"stock_status'": '"in_stock'"}","{'"id'": 1432, '"sku'": '"HT-W3312'", '"price'": '"324.80'", '"depth_in'": '"12.00'", '"width_in'": '"33.00'", '"finish_id'": 9, '"height_in'": '"12.00'", '"created_at'": '"2026-06-26T18:13:08.164Z'", '"created_by'": null, '"deleted_at'": null, '"product_id'": 121, '"updated_at'": '"2026-07-03T15:50:51.848Z'", '"updated_by'": 1, '"stock_status'": '"in_stock'"}",2026-07-03 10:50:51.84874-05,,
716,1,UPDATE,products,122,"{'"id'": 122, '"sku'": '"W3612'", '"name'": '"W3612'", '"image_url'": null, '"created_at'": '"2026-06-26T18:13:08.164Z'", '"created_by'": null, '"deleted_at'": null, '"updated_at'": '"2026-06-30T20:04:04.606Z'", '"updated_by'": null, '"description'": '"2 Door'", '"sub_category_id'": 23}","{'"id'": 122, '"sku'": '"W3612'", '"name'": '"W3612'", '"image_url'": '"/uploads/products/19bbd16e-2f19-4bd7-b0ec-266055077b59.png'", '"created_at'": '"2026-06-26T18:13:08.164Z'", '"created_by'": null, '"deleted_at'": null, '"updated_at'": '"2026-07-03T15:52:22.781Z'", '"updated_by'": 1, '"description'": '"2 Door'", '"sub_category_id'": 23}",2026-07-03 10:52:22.781319-05,,
717,1,UPDATE,product_variants,1444,"{'"id'": 1444, '"sku'": '"HT-W3612'", '"price'": '"342.80'", '"depth_in'": '"12.00'", '"width_in'": '"36.00'", '"finish_id'": 9, '"height_in'": '"12.00'", '"created_at'": '"2026-06-26T18:13:08.164Z'", '"created_by'": null, '"deleted_at'": null, '"product_id'": 122, '"updated_at'": '"2026-06-30T20:04:04.606Z'", '"updated_by'": null, '"stock_status'": '"in_stock'"}","{'"id'": 1444, '"sku'": '"HT-W3612'", '"price'": '"342.80'", '"depth_in'": '"12.00'", '"width_in'": '"36.00'", '"finish_id'": 9, '"height_in'": '"12.00'", '"created_at'": '"2026-06-26T18:13:08.164Z'", '"created_by'": null, '"deleted_at'": null, '"product_id'": 122, '"updated_at'": '"2026-07-03T15:52:29.044Z'", '"updated_by'": 1, '"stock_status'": '"in_stock'"}",2026-07-03 10:52:29.044645-05,,
718,1,UPDATE,products,123,"{'"id'": 123, '"sku'": '"W3912'", '"name'": '"W3912'", '"image_url'": null, '"created_at'": '"2026-06-26T18:13:08.164Z'", '"created_by'": null, '"deleted_at'": null, '"updated_at'": '"2026-06-30T20:04:04.606Z'", '"updated_by'": null, '"description'": '"2 Door'", '"sub_category_id'": 23}","{'"id'": 123, '"sku'": '"W3912'", '"name'": '"W3912'", '"image_url'": '"/uploads/products/f69ac1a8-0104-4765-9c0f-6158153756a3.png'", '"created_at'": '"2026-06-26T18:13:08.164Z'", '"created_by'": null, '"deleted_at'": null, '"updated_at'": '"2026-07-03T15:52:41.911Z'", '"updated_by'": 1, '"description'": '"2 Door'", '"sub_category_id'": 23}",2026-07-03 10:52:41.911553-05,,
719,1,UPDATE,product_variants,1455,"{'"id'": 1455, '"sku'": '"HA-W3912'", '"price'": '"338.30'", '"depth_in'": '"12.00'", '"width_in'": '"39.00'", '"finish_id'": 3, '"height_in'": '"12.00'", '"created_at'": '"2026-06-26T18:13:08.164Z'", '"created_by'": null, '"deleted_at'": null, '"product_id'": 123, '"updated_at'": '"2026-06-30T20:04:04.606Z'", '"updated_by'": null, '"stock_status'": '"in_stock'"}","{'"id'": 1455, '"sku'": '"HA-W3912'", '"price'": '"338.30'", '"depth_in'": '"12.00'", '"width_in'": '"39.00'", '"finish_id'": 3, '"height_in'": '"12.00'", '"created_at'": '"2026-06-26T18:13:08.164Z'", '"created_by'": null, '"deleted_at'": null, '"product_id'": 123, '"updated_at'": '"2026-07-03T15:52:47.975Z'", '"updated_by'": 1, '"stock_status'": '"in_stock'"}",2026-07-03 10:52:47.975249-05,,
720,1,UPDATE,product_variants,1468,"{'"id'": 1468, '"sku'": '"HT-W1215'", '"price'": '"208.40'", '"depth_in'": '"12.00'", '"width_in'": '"12.00'", '"finish_id'": 9, '"height_in'": '"15.00'", '"created_at'": '"2026-06-26T18:13:08.164Z'", '"created_by'": null, '"deleted_at'": null, '"product_id'": 124, '"updated_at'": '"2026-06-30T20:04:04.606Z'", '"updated_by'": null, '"stock_status'": '"in_stock'"}","{'"id'": 1468, '"sku'": '"HT-W1215'", '"price'": '"208.40'", '"depth_in'": '"12.00'", '"width_in'": '"12.00'", '"finish_id'": 9, '"height_in'": '"15.00'", '"created_at'": '"2026-06-26T18:13:08.164Z'", '"created_by'": null, '"deleted_at'": null, '"product_id'": 124, '"updated_at'": '"2026-07-03T16:03:56.941Z'", '"updated_by'": 1, '"stock_status'": '"in_stock'"}",2026-07-03 11:03:56.941914-05,,
721,1,UPDATE,products,124,"{'"id'": 124, '"sku'": '"W1215'", '"name'": '"W1215'", '"image_url'": null, '"created_at'": '"2026-06-26T18:13:08.164Z'", '"created_by'": null, '"deleted_at'": null, '"updated_at'": '"2026-06-30T20:04:04.606Z'", '"updated_by'": null, '"description'": '"1 Door'", '"sub_category_id'": 24}","{'"id'": 124, '"sku'": '"W1215'", '"name'": '"W1215'", '"image_url'": '"/uploads/products/93cb948e-6179-4c3e-81a3-f6afadfb8e18.png'", '"created_at'": '"2026-06-26T18:13:08.164Z'", '"created_by'": null, '"deleted_at'": null, '"updated_at'": '"2026-07-03T16:04:00.267Z'", '"updated_by'": 1, '"description'": '"1 Door'", '"sub_category_id'": 24}",2026-07-03 11:04:00.267889-05,,
722,1,UPDATE,products,125,"{'"id'": 125, '"sku'": '"W1515'", '"name'": '"W1515'", '"image_url'": null, '"created_at'": '"2026-06-26T18:13:08.164Z'", '"created_by'": null, '"deleted_at'": null, '"updated_at'": '"2026-06-30T20:04:04.606Z'", '"updated_by'": null, '"description'": '"1 Door'", '"sub_category_id'": 24}","{'"id'": 125, '"sku'": '"W1515'", '"name'": '"W1515'", '"image_url'": '"/uploads/products/4933d0e4-c60e-4612-9b92-20981c28a7d0.png'", '"created_at'": '"2026-06-26T18:13:08.164Z'", '"created_by'": null, '"deleted_at'": null, '"updated_at'": '"2026-07-03T16:04:08.808Z'", '"updated_by'": 1, '"description'": '"1 Door'", '"sub_category_id'": 24}",2026-07-03 11:04:08.808878-05,,
723,1,UPDATE,product_variants,1480,"{'"id'": 1480, '"sku'": '"HT-W1515'", '"price'": '"230.80'", '"depth_in'": '"12.00'", '"width_in'": '"15.00'", '"finish_id'": 9, '"height_in'": '"15.00'", '"created_at'": '"2026-06-26T18:13:08.164Z'", '"created_by'": null, '"deleted_at'": null, '"product_id'": 125, '"updated_at'": '"2026-06-30T20:04:04.606Z'", '"updated_by'": null, '"stock_status'": '"in_stock'"}","{'"id'": 1480, '"sku'": '"HT-W1515'", '"price'": '"230.80'", '"depth_in'": '"12.00'", '"width_in'": '"15.00'", '"finish_id'": 9, '"height_in'": '"15.00'", '"created_at'": '"2026-06-26T18:13:08.164Z'", '"created_by'": null, '"deleted_at'": null, '"product_id'": 125, '"updated_at'": '"2026-07-03T16:04:12.686Z'", '"updated_by'": 1, '"stock_status'": '"in_stock'"}",2026-07-03 11:04:12.686783-05,,
724,1,UPDATE,product_variants,1492,"{'"id'": 1492, '"sku'": '"HT-W1815'", '"price'": '"255.40'", '"depth_in'": '"12.00'", '"width_in'": '"18.00'", '"finish_id'": 9, '"height_in'": '"15.00'", '"created_at'": '"2026-06-26T18:13:08.164Z'", '"created_by'": null, '"deleted_at'": null, '"product_id'": 126, '"updated_at'": '"2026-06-30T20:04:04.606Z'", '"updated_by'": null, '"stock_status'": '"in_stock'"}","{'"id'": 1492, '"sku'": '"HT-W1815'", '"price'": '"255.40'", '"depth_in'": '"12.00'", '"width_in'": '"18.00'", '"finish_id'": 9, '"height_in'": '"15.00'", '"created_at'": '"2026-06-26T18:13:08.164Z'", '"created_by'": null, '"deleted_at'": null, '"product_id'": 126, '"updated_at'": '"2026-07-03T16:04:22.121Z'", '"updated_by'": 1, '"stock_status'": '"in_stock'"}",2026-07-03 11:04:22.121293-05,,
725,1,UPDATE,products,126,"{'"id'": 126, '"sku'": '"W1815'", '"name'": '"W1815'", '"image_url'": null, '"created_at'": '"2026-06-26T18:13:08.164Z'", '"created_by'": null, '"deleted_at'": null, '"updated_at'": '"2026-06-30T20:04:04.606Z'", '"updated_by'": null, '"description'": '"1 Door'", '"sub_category_id'": 24}","{'"id'": 126, '"sku'": '"W1815'", '"name'": '"W1815'", '"image_url'": '"/uploads/products/04eb8063-cf9d-4ad9-8db4-75cb3c6356b1.png'", '"created_at'": '"2026-06-26T18:13:08.164Z'", '"created_by'": null, '"deleted_at'": null, '"updated_at'": '"2026-07-03T16:04:25.543Z'", '"updated_by'": 1, '"description'": '"1 Door'", '"sub_category_id'": 24}",2026-07-03 11:04:25.543833-05,,
726,1,UPDATE,products,127,"{'"id'": 127, '"sku'": '"W2115'", '"name'": '"W2115'", '"image_url'": null, '"created_at'": '"2026-06-26T18:13:08.164Z'", '"created_by'": null, '"deleted_at'": null, '"updated_at'": '"2026-06-30T20:04:04.606Z'", '"updated_by'": null, '"description'": '"1 Door'", '"sub_category_id'": 24}","{'"id'": 127, '"sku'": '"W2115'", '"name'": '"W2115'", '"image_url'": '"/uploads/products/6b97d9c7-7af2-4103-ad9a-047fec75c0d2.png'", '"created_at'": '"2026-06-26T18:13:08.164Z'", '"created_by'": null, '"deleted_at'": null, '"updated_at'": '"2026-07-03T16:04:33.840Z'", '"updated_by'": 1, '"description'": '"1 Door'", '"sub_category_id'": 24}",2026-07-03 11:04:33.840792-05,,
727,1,UPDATE,product_variants,1504,"{'"id'": 1504, '"sku'": '"HT-W2115'", '"price'": '"277.80'", '"depth_in'": '"12.00'", '"width_in'": '"21.00'", '"finish_id'": 9, '"height_in'": '"15.00'", '"created_at'": '"2026-06-26T18:13:08.164Z'", '"created_by'": null, '"deleted_at'": null, '"product_id'": 127, '"updated_at'": '"2026-06-30T20:04:04.606Z'", '"updated_by'": null, '"stock_status'": '"in_stock'"}","{'"id'": 1504, '"sku'": '"HT-W2115'", '"price'": '"277.80'", '"depth_in'": '"12.00'", '"width_in'": '"21.00'", '"finish_id'": 9, '"height_in'": '"15.00'", '"created_at'": '"2026-06-26T18:13:08.164Z'", '"created_by'": null, '"deleted_at'": null, '"product_id'": 127, '"updated_at'": '"2026-07-03T16:04:38.875Z'", '"updated_by'": 1, '"stock_status'": '"in_stock'"}",2026-07-03 11:04:38.875391-05,,
728,1,UPDATE,products,128,"{'"id'": 128, '"sku'": '"W2415'", '"name'": '"W3015'", '"image_url'": null, '"created_at'": '"2026-06-26T18:13:08.164Z'", '"created_by'": null, '"deleted_at'": null, '"updated_at'": '"2026-06-30T20:04:04.606Z'", '"updated_by'": null, '"description'": '"2 Door'", '"sub_category_id'": 24}","{'"id'": 128, '"sku'": '"W2415'", '"name'": '"W3015'", '"image_url'": '"/uploads/products/65262d2a-960f-49dc-88c9-bb60406b2071.png'", '"created_at'": '"2026-06-26T18:13:08.164Z'", '"created_by'": null, '"deleted_at'": null, '"updated_at'": '"2026-07-03T16:04:52.361Z'", '"updated_by'": 1, '"description'": '"2 Door'", '"sub_category_id'": 24}",2026-07-03 11:04:52.361365-05,,
729,1,UPDATE,product_variants,1516,"{'"id'": 1516, '"sku'": '"HT-W2415'", '"price'": '"284.50'", '"depth_in'": '"12.00'", '"width_in'": '"24.00'", '"finish_id'": 9, '"height_in'": '"15.00'", '"created_at'": '"2026-06-26T18:13:08.164Z'", '"created_by'": null, '"deleted_at'": null, '"product_id'": 128, '"updated_at'": '"2026-06-30T20:04:04.606Z'", '"updated_by'": null, '"stock_status'": '"in_stock'"}","{'"id'": 1516, '"sku'": '"HT-W2415'", '"price'": '"284.50'", '"depth_in'": '"12.00'", '"width_in'": '"24.00'", '"finish_id'": 9, '"height_in'": '"15.00'", '"created_at'": '"2026-06-26T18:13:08.164Z'", '"created_by'": null, '"deleted_at'": null, '"product_id'": 128, '"updated_at'": '"2026-07-03T16:04:58.066Z'", '"updated_by'": 1, '"stock_status'": '"in_stock'"}",2026-07-03 11:04:58.066459-05,,
730,1,UPDATE,products,129,"{'"id'": 129, '"sku'": '"W2715'", '"name'": '"W3315'", '"image_url'": null, '"created_at'": '"2026-06-26T18:13:08.164Z'", '"created_by'": null, '"deleted_at'": null, '"updated_at'": '"2026-06-30T20:04:04.606Z'", '"updated_by'": null, '"description'": '"2 Door'", '"sub_category_id'": 24}","{'"id'": 129, '"sku'": '"W2715'", '"name'": '"W3315'", '"image_url'": '"/uploads/products/c7df5a6c-e8d4-48e9-ab6f-b6d519255b3f.png'", '"created_at'": '"2026-06-26T18:13:08.164Z'", '"created_by'": null, '"deleted_at'": null, '"updated_at'": '"2026-07-03T16:05:05.289Z'", '"updated_by'": 1, '"description'": '"2 Door'", '"sub_category_id'": 24}",2026-07-03 11:05:05.289108-05,,
731,1,UPDATE,product_variants,1528,"{'"id'": 1528, '"sku'": '"HT-W2715'", '"price'": '"315.90'", '"depth_in'": '"12.00'", '"width_in'": '"27.00'", '"finish_id'": 9, '"height_in'": '"15.00'", '"created_at'": '"2026-06-26T18:13:08.164Z'", '"created_by'": null, '"deleted_at'": null, '"product_id'": 129, '"updated_at'": '"2026-06-30T20:04:04.606Z'", '"updated_by'": null, '"stock_status'": '"in_stock'"}","{'"id'": 1528, '"sku'": '"HT-W2715'", '"price'": '"315.90'", '"depth_in'": '"12.00'", '"width_in'": '"27.00'", '"finish_id'": 9, '"height_in'": '"15.00'", '"created_at'": '"2026-06-26T18:13:08.164Z'", '"created_by'": null, '"deleted_at'": null, '"product_id'": 129, '"updated_at'": '"2026-07-03T16:05:09.737Z'", '"updated_by'": 1, '"stock_status'": '"in_stock'"}",2026-07-03 11:05:09.737547-05,,
732,1,UPDATE,products,130,"{'"id'": 130, '"sku'": '"W3015'", '"name'": '"W3015'", '"image_url'": null, '"created_at'": '"2026-06-26T18:13:08.164Z'", '"created_by'": null, '"deleted_at'": null, '"updated_at'": '"2026-06-30T20:04:04.606Z'", '"updated_by'": null, '"description'": '"2 Door'", '"sub_category_id'": 24}","{'"id'": 130, '"sku'": '"W3015'", '"name'": '"W3015'", '"image_url'": '"/uploads/products/e46a8bc5-9838-4afb-8159-84fc109815bc.png'", '"created_at'": '"2026-06-26T18:13:08.164Z'", '"created_by'": null, '"deleted_at'": null, '"updated_at'": '"2026-07-03T16:05:19.490Z'", '"updated_by'": 1, '"description'": '"2 Door'", '"sub_category_id'": 24}",2026-07-03 11:05:19.490007-05,,
733,1,UPDATE,product_variants,1540,"{'"id'": 1540, '"sku'": '"HT-W3015'", '"price'": '"342.80'", '"depth_in'": '"12.00'", '"width_in'": '"30.00'", '"finish_id'": 9, '"height_in'": '"15.00'", '"created_at'": '"2026-06-26T18:13:08.164Z'", '"created_by'": null, '"deleted_at'": null, '"product_id'": 130, '"updated_at'": '"2026-06-30T20:04:04.606Z'", '"updated_by'": null, '"stock_status'": '"in_stock'"}","{'"id'": 1540, '"sku'": '"HT-W3015'", '"price'": '"342.80'", '"depth_in'": '"12.00'", '"width_in'": '"30.00'", '"finish_id'": 9, '"height_in'": '"15.00'", '"created_at'": '"2026-06-26T18:13:08.164Z'", '"created_by'": null, '"deleted_at'": null, '"product_id'": 130, '"updated_at'": '"2026-07-03T16:05:23.844Z'", '"updated_by'": 1, '"stock_status'": '"in_stock'"}",2026-07-03 11:05:23.844607-05,,
734,1,UPDATE,products,131,"{'"id'": 131, '"sku'": '"W3315'", '"name'": '"W3315'", '"image_url'": null, '"created_at'": '"2026-06-26T18:13:08.164Z'", '"created_by'": null, '"deleted_at'": null, '"updated_at'": '"2026-06-30T20:04:04.606Z'", '"updated_by'": null, '"description'": '"2 Door'", '"sub_category_id'": 24}","{'"id'": 131, '"sku'": '"W3315'", '"name'": '"W3315'", '"image_url'": '"/uploads/products/6b8e8bbf-5ffc-4fac-b3cd-58f1ee60903f.png'", '"created_at'": '"2026-06-26T18:13:08.164Z'", '"created_by'": null, '"deleted_at'": null, '"updated_at'": '"2026-07-03T16:05:32.441Z'", '"updated_by'": 1, '"description'": '"2 Door'", '"sub_category_id'": 24}",2026-07-03 11:05:32.441518-05,,
735,1,UPDATE,product_variants,1552,"{'"id'": 1552, '"sku'": '"HT-W3315'", '"price'": '"371.90'", '"depth_in'": '"12.00'", '"width_in'": '"33.00'", '"finish_id'": 9, '"height_in'": '"15.00'", '"created_at'": '"2026-06-26T18:13:08.164Z'", '"created_by'": null, '"deleted_at'": null, '"product_id'": 131, '"updated_at'": '"2026-06-30T20:04:04.606Z'", '"updated_by'": null, '"stock_status'": '"in_stock'"}","{'"id'": 1552, '"sku'": '"HT-W3315'", '"price'": '"371.90'", '"depth_in'": '"12.00'", '"width_in'": '"33.00'", '"finish_id'": 9, '"height_in'": '"15.00'", '"created_at'": '"2026-06-26T18:13:08.164Z'", '"created_by'": null, '"deleted_at'": null, '"product_id'": 131, '"updated_at'": '"2026-07-03T16:05:36.623Z'", '"updated_by'": 1, '"stock_status'": '"in_stock'"}",2026-07-03 11:05:36.623064-05,,
736,1,UPDATE,products,132,"{'"id'": 132, '"sku'": '"W3615'", '"name'": '"W3615'", '"image_url'": null, '"created_at'": '"2026-06-26T18:13:08.164Z'", '"created_by'": null, '"deleted_at'": null, '"updated_at'": '"2026-06-30T20:04:04.606Z'", '"updated_by'": null, '"description'": '"2 Door'", '"sub_category_id'": 24}","{'"id'": 132, '"sku'": '"W3615'", '"name'": '"W3615'", '"image_url'": '"/uploads/products/1fd69dfd-c613-4cc7-87ec-bb401238cc54.png'", '"created_at'": '"2026-06-26T18:13:08.164Z'", '"created_by'": null, '"deleted_at'": null, '"updated_at'": '"2026-07-03T16:05:43.642Z'", '"updated_by'": 1, '"description'": '"2 Door'", '"sub_category_id'": 24}",2026-07-03 11:05:43.642918-05,,
737,1,UPDATE,product_variants,1564,"{'"id'": 1564, '"sku'": '"HT-W3615'", '"price'": '"410.00'", '"depth_in'": '"12.00'", '"width_in'": '"36.00'", '"finish_id'": 9, '"height_in'": '"15.00'", '"created_at'": '"2026-06-26T18:13:08.164Z'", '"created_by'": null, '"deleted_at'": null, '"product_id'": 132, '"updated_at'": '"2026-06-30T20:04:04.606Z'", '"updated_by'": null, '"stock_status'": '"in_stock'"}","{'"id'": 1564, '"sku'": '"HT-W3615'", '"price'": '"410.00'", '"depth_in'": '"12.00'", '"width_in'": '"36.00'", '"finish_id'": 9, '"height_in'": '"15.00'", '"created_at'": '"2026-06-26T18:13:08.164Z'", '"created_by'": null, '"deleted_at'": null, '"product_id'": 132, '"updated_at'": '"2026-07-03T16:05:48.106Z'", '"updated_by'": 1, '"stock_status'": '"in_stock'"}",2026-07-03 11:05:48.106912-05,,
738,1,UPDATE,products,133,"{'"id'": 133, '"sku'": '"W3915'", '"name'": '"W3915'", '"image_url'": null, '"created_at'": '"2026-06-26T18:13:08.164Z'", '"created_by'": null, '"deleted_at'": null, '"updated_at'": '"2026-06-30T20:04:04.606Z'", '"updated_by'": null, '"description'": '"2 Door'", '"sub_category_id'": 24}","{'"id'": 133, '"sku'": '"W3915'", '"name'": '"W3915'", '"image_url'": '"/uploads/products/1ed38aeb-8376-4c06-9e40-954cea0eb63c.png'", '"created_at'": '"2026-06-26T18:13:08.164Z'", '"created_by'": null, '"deleted_at'": null, '"updated_at'": '"2026-07-03T16:05:55.292Z'", '"updated_by'": 1, '"description'": '"2 Door'", '"sub_category_id'": 24}",2026-07-03 11:05:55.292446-05,,
739,1,UPDATE,product_variants,1576,"{'"id'": 1576, '"sku'": '"HT-W3915'", '"price'": '"434.60'", '"depth_in'": '"12.00'", '"width_in'": '"39.00'", '"finish_id'": 9, '"height_in'": '"15.00'", '"created_at'": '"2026-06-26T18:13:08.164Z'", '"created_by'": null, '"deleted_at'": null, '"product_id'": 133, '"updated_at'": '"2026-06-30T20:04:04.606Z'", '"updated_by'": null, '"stock_status'": '"in_stock'"}","{'"id'": 1576, '"sku'": '"HT-W3915'", '"price'": '"434.60'", '"depth_in'": '"12.00'", '"width_in'": '"39.00'", '"finish_id'": 9, '"height_in'": '"15.00'", '"created_at'": '"2026-06-26T18:13:08.164Z'", '"created_by'": null, '"deleted_at'": null, '"product_id'": 133, '"updated_at'": '"2026-07-03T16:05:59.355Z'", '"updated_by'": 1, '"stock_status'": '"in_stock'"}",2026-07-03 11:05:59.355436-05,,
740,1,UPDATE,products,78,"{'"id'": 78, '"sku'": '"LSB33'", '"name'": '"LSB33'", '"image_url'": null, '"created_at'": '"2026-06-25T21:39:27.007Z'", '"created_by'": null, '"deleted_at'": null, '"updated_at'": '"2026-06-30T20:04:04.606Z'", '"updated_by'": null, '"description'": '"Corner Base - Lazy Susan W/2 Door'", '"sub_category_id'": 9}","{'"id'": 78, '"sku'": '"LSB33'", '"name'": '"LSB33'", '"image_url'": '"/uploads/products/99163155-acd3-464e-b125-7d6b101f6ed3.png'", '"created_at'": '"2026-06-25T21:39:27.007Z'", '"created_by'": null, '"deleted_at'": null, '"updated_at'": '"2026-07-03T16:09:27.105Z'", '"updated_by'": 1, '"description'": '"Corner Base - Lazy Susan W/2 Door'", '"sub_category_id'": 9}",2026-07-03 11:09:27.105496-05,,
741,1,UPDATE,product_variants,594,"{'"id'": 594, '"sku'": '"HT-LSB33'", '"price'": '"1140.20'", '"depth_in'": '"24.00'", '"width_in'": '"33.00'", '"finish_id'": 9, '"height_in'": '"34.50'", '"created_at'": '"2026-06-25T21:39:27.007Z'", '"created_by'": null, '"deleted_at'": null, '"product_id'": 78, '"updated_at'": '"2026-06-30T20:04:04.606Z'", '"updated_by'": null, '"stock_status'": '"in_stock'"}","{'"id'": 594, '"sku'": '"HT-LSB33'", '"price'": '"1140.20'", '"depth_in'": '"24.00'", '"width_in'": '"33.00'", '"finish_id'": 9, '"height_in'": '"34.50'", '"created_at'": '"2026-06-25T21:39:27.007Z'", '"created_by'": null, '"deleted_at'": null, '"product_id'": 78, '"updated_at'": '"2026-07-03T16:09:33.259Z'", '"updated_by'": 1, '"stock_status'": '"in_stock'"}",2026-07-03 11:09:33.259811-05,,
742,1,UPDATE,products,79,"{'"id'": 79, '"sku'": '"LSB36'", '"name'": '"LSB36'", '"image_url'": null, '"created_at'": '"2026-06-25T21:39:27.007Z'", '"created_by'": null, '"deleted_at'": null, '"updated_at'": '"2026-06-30T20:04:04.606Z'", '"updated_by'": null, '"description'": '"Corner Base - Lazy Susan W/2 Door'", '"sub_category_id'": 9}","{'"id'": 79, '"sku'": '"LSB36'", '"name'": '"LSB36'", '"image_url'": '"/uploads/products/298e3d07-128a-4559-ac47-346805d3cae0.webp'", '"created_at'": '"2026-06-25T21:39:27.007Z'", '"created_by'": null, '"deleted_at'": null, '"updated_at'": '"2026-07-03T16:09:44.990Z'", '"updated_by'": 1, '"description'": '"Corner Base - Lazy Susan W/2 Door'", '"sub_category_id'": 9}",2026-07-03 11:09:44.990177-05,,
743,1,UPDATE,product_variants,606,"{'"id'": 606, '"sku'": '"HT-LSB36'", '"price'": '"1169.30'", '"depth_in'": '"24.00'", '"width_in'": '"36.00'", '"finish_id'": 9, '"height_in'": '"34.50'", '"created_at'": '"2026-06-25T21:39:27.007Z'", '"created_by'": null, '"deleted_at'": null, '"product_id'": 79, '"updated_at'": '"2026-06-30T20:04:04.606Z'", '"updated_by'": null, '"stock_status'": '"in_stock'"}","{'"id'": 606, '"sku'": '"HT-LSB36'", '"price'": '"1169.30'", '"depth_in'": '"24.00'", '"width_in'": '"36.00'", '"finish_id'": 9, '"height_in'": '"34.50'", '"created_at'": '"2026-06-25T21:39:27.007Z'", '"created_by'": null, '"deleted_at'": null, '"product_id'": 79, '"updated_at'": '"2026-07-03T16:09:48.955Z'", '"updated_by'": 1, '"stock_status'": '"in_stock'"}",2026-07-03 11:09:48.955348-05,,
744,1,UPDATE,products,271,"{'"id'": 271, '"sku'": '"DWR3'", '"name'": '"DWR3'", '"image_url'": null, '"created_at'": '"2026-06-26T21:29:57.071Z'", '"created_by'": null, '"deleted_at'": null, '"updated_at'": '"2026-06-30T20:04:04.606Z'", '"updated_by'": null, '"description'": '"Dishwasher Return Panel w/3\'" Filler'", '"sub_category_id'": 45}","{'"id'": 271, '"sku'": '"DWR3'", '"name'": '"DWR3'", '"image_url'": '"/uploads/products/8c46b0b9-b4c2-4b69-a505-240f45df50a2.png'", '"created_at'": '"2026-06-26T21:29:57.071Z'", '"created_by'": null, '"deleted_at'": null, '"updated_at'": '"2026-07-03T16:15:55.065Z'", '"updated_by'": 1, '"description'": '"Dishwasher Return Panel w/3\'" Filler'", '"sub_category_id'": 45}",2026-07-03 11:15:55.065367-05,,
745,1,UPDATE,product_variants,3220,"{'"id'": 3220, '"sku'": '"HT-DWR3'", '"price'": '"134.40'", '"depth_in'": '"1.00'", '"width_in'": '"24.00'", '"finish_id'": 9, '"height_in'": '"34.50'", '"created_at'": '"2026-06-26T21:29:57.071Z'", '"created_by'": null, '"deleted_at'": null, '"product_id'": 271, '"updated_at'": '"2026-06-30T20:04:04.606Z'", '"updated_by'": null, '"stock_status'": '"in_stock'"}","{'"id'": 3220, '"sku'": '"HT-DWR3'", '"price'": '"134.40'", '"depth_in'": '"1.00'", '"width_in'": '"24.00'", '"finish_id'": 9, '"height_in'": '"34.50'", '"created_at'": '"2026-06-26T21:29:57.071Z'", '"created_by'": null, '"deleted_at'": null, '"product_id'": 271, '"updated_at'": '"2026-07-03T16:15:58.174Z'", '"updated_by'": 1, '"stock_status'": '"in_stock'"}",2026-07-03 11:15:58.174168-05,,
746,1,UPDATE,products,272,"{'"id'": 272, '"sku'": '"DWR6'", '"name'": '"DWR6'", '"image_url'": null, '"created_at'": '"2026-06-26T21:29:57.071Z'", '"created_by'": null, '"deleted_at'": null, '"updated_at'": '"2026-06-30T20:04:04.606Z'", '"updated_by'": null, '"description'": '"Dishwasher Return Panel w/6\'" Filler'", '"sub_category_id'": 45}","{'"id'": 272, '"sku'": '"DWR6'", '"name'": '"DWR6'", '"image_url'": '"/uploads/products/9613d660-847e-4ce0-9c60-da6a0519c658.png'", '"created_at'": '"2026-06-26T21:29:57.071Z'", '"created_by'": null, '"deleted_at'": null, '"updated_at'": '"2026-07-03T16:16:13.513Z'", '"updated_by'": 1, '"description'": '"Dishwasher Return Panel w/6\'" Filler'", '"sub_category_id'": 45}",2026-07-03 11:16:13.513241-05,,
747,1,UPDATE,product_variants,3231,"{'"id'": 3231, '"sku'": '"HA-DWR6'", '"price'": '"165.20'", '"depth_in'": '"1.00'", '"width_in'": '"24.00'", '"finish_id'": 3, '"height_in'": '"34.50'", '"created_at'": '"2026-06-26T21:29:57.071Z'", '"created_by'": null, '"deleted_at'": null, '"product_id'": 272, '"updated_at'": '"2026-06-30T20:04:04.606Z'", '"updated_by'": null, '"stock_status'": '"in_stock'"}","{'"id'": 3231, '"sku'": '"HA-DWR6'", '"price'": '"165.20'", '"depth_in'": '"1.00'", '"width_in'": '"24.00'", '"finish_id'": 3, '"height_in'": '"34.50'", '"created_at'": '"2026-06-26T21:29:57.071Z'", '"created_by'": null, '"deleted_at'": null, '"product_id'": 272, '"updated_at'": '"2026-07-03T16:16:19.128Z'", '"updated_by'": 1, '"stock_status'": '"in_stock'"}",2026-07-03 11:16:19.128842-05,,
748,1,UPDATE,products,275,"{'"id'": 275, '"sku'": '"WF330'", '"name'": '"WF330'", '"image_url'": null, '"created_at'": '"2026-06-26T21:29:57.071Z'", '"created_by'": null, '"deleted_at'": null, '"updated_at'": '"2026-06-30T20:04:04.606Z'", '"updated_by'": null, '"description'": '"Wall Filler 3\'"'", '"sub_category_id'": 45}","{'"id'": 275, '"sku'": '"WF330'", '"name'": '"WF330'", '"image_url'": '"/uploads/products/e60ac183-7d48-46ef-8b62-25a20faa6c38.webp'", '"created_at'": '"2026-06-26T21:29:57.071Z'", '"created_by'": null, '"deleted_at'": null, '"updated_at'": '"2026-07-03T16:16:45.806Z'", '"updated_by'": 1, '"description'": '"Wall Filler 3\'"'", '"sub_category_id'": 45}",2026-07-03 11:16:45.806762-05,,
749,1,UPDATE,product_variants,3268,"{'"id'": 3268, '"sku'": '"HT-WF330'", '"price'": '"26.90'", '"depth_in'": '"3.00'", '"width_in'": '"3.00'", '"finish_id'": 9, '"height_in'": '"30.00'", '"created_at'": '"2026-06-26T21:29:57.071Z'", '"created_by'": null, '"deleted_at'": null, '"product_id'": 275, '"updated_at'": '"2026-06-30T20:04:04.606Z'", '"updated_by'": null, '"stock_status'": '"in_stock'"}","{'"id'": 3268, '"sku'": '"HT-WF330'", '"price'": '"26.90'", '"depth_in'": '"3.00'", '"width_in'": '"3.00'", '"finish_id'": 9, '"height_in'": '"30.00'", '"created_at'": '"2026-06-26T21:29:57.071Z'", '"created_by'": null, '"deleted_at'": null, '"product_id'": 275, '"updated_at'": '"2026-07-03T16:16:48.772Z'", '"updated_by'": 1, '"stock_status'": '"in_stock'"}",2026-07-03 11:16:48.772543-05,,
750,1,UPDATE,products,276,"{'"id'": 276, '"sku'": '"WF336'", '"name'": '"WF336'", '"image_url'": null, '"created_at'": '"2026-06-26T21:29:57.071Z'", '"created_by'": null, '"deleted_at'": null, '"updated_at'": '"2026-06-30T20:04:04.606Z'", '"updated_by'": null, '"description'": '"Wall Filler 3\'"'", '"sub_category_id'": 45}","{'"id'": 276, '"sku'": '"WF336'", '"name'": '"WF336'", '"image_url'": '"/uploads/products/422b197c-c1c0-4b3a-ab23-7aa2ebbcd48c.webp'", '"created_at'": '"2026-06-26T21:29:57.071Z'", '"created_by'": null, '"deleted_at'": null, '"updated_at'": '"2026-07-03T16:16:56.946Z'", '"updated_by'": 1, '"description'": '"Wall Filler 3\'"'", '"sub_category_id'": 45}",2026-07-03 11:16:56.946464-05,,
751,1,UPDATE,product_variants,3280,"{'"id'": 3280, '"sku'": '"HT-WF336'", '"price'": '"31.40'", '"depth_in'": '"3.00'", '"width_in'": '"3.00'", '"finish_id'": 9, '"height_in'": '"36.00'", '"created_at'": '"2026-06-26T21:29:57.071Z'", '"created_by'": null, '"deleted_at'": null, '"product_id'": 276, '"updated_at'": '"2026-06-30T20:04:04.606Z'", '"updated_by'": null, '"stock_status'": '"in_stock'"}","{'"id'": 3280, '"sku'": '"HT-WF336'", '"price'": '"31.40'", '"depth_in'": '"3.00'", '"width_in'": '"3.00'", '"finish_id'": 9, '"height_in'": '"36.00'", '"created_at'": '"2026-06-26T21:29:57.071Z'", '"created_by'": null, '"deleted_at'": null, '"product_id'": 276, '"updated_at'": '"2026-07-03T16:16:59.711Z'", '"updated_by'": 1, '"stock_status'": '"in_stock'"}",2026-07-03 11:16:59.711345-05,,
752,1,UPDATE,products,278,"{'"id'": 278, '"sku'": '"WF342'", '"name'": '"WF342'", '"image_url'": null, '"created_at'": '"2026-06-26T21:29:57.071Z'", '"created_by'": null, '"deleted_at'": null, '"updated_at'": '"2026-06-30T20:04:04.606Z'", '"updated_by'": null, '"description'": '"Wall Filler 3\'"'", '"sub_category_id'": 45}","{'"id'": 278, '"sku'": '"WF342'", '"name'": '"WF342'", '"image_url'": '"/uploads/products/baaf031c-74ec-483e-ba00-fc1ae3a3a0ea.webp'", '"created_at'": '"2026-06-26T21:29:57.071Z'", '"created_by'": null, '"deleted_at'": null, '"updated_at'": '"2026-07-03T16:17:09.214Z'", '"updated_by'": 1, '"description'": '"Wall Filler 3\'"'", '"sub_category_id'": 45}",2026-07-03 11:17:09.21454-05,,
753,1,UPDATE,product_variants,3304,"{'"id'": 3304, '"sku'": '"HT-WF342'", '"price'": '"33.60'", '"depth_in'": '"3.00'", '"width_in'": '"3.00'", '"finish_id'": 9, '"height_in'": '"42.00'", '"created_at'": '"2026-06-26T21:29:57.071Z'", '"created_by'": null, '"deleted_at'": null, '"product_id'": 278, '"updated_at'": '"2026-06-30T20:04:04.606Z'", '"updated_by'": null, '"stock_status'": '"in_stock'"}","{'"id'": 3304, '"sku'": '"HT-WF342'", '"price'": '"33.60'", '"depth_in'": '"3.00'", '"width_in'": '"3.00'", '"finish_id'": 9, '"height_in'": '"42.00'", '"created_at'": '"2026-06-26T21:29:57.071Z'", '"created_by'": null, '"deleted_at'": null, '"product_id'": 278, '"updated_at'": '"2026-07-03T16:17:11.872Z'", '"updated_by'": 1, '"stock_status'": '"in_stock'"}",2026-07-03 11:17:11.872-05,,
754,1,UPDATE,products,279,"{'"id'": 279, '"sku'": '"WF396'", '"name'": '"WF396'", '"image_url'": null, '"created_at'": '"2026-06-26T21:29:57.071Z'", '"created_by'": null, '"deleted_at'": null, '"updated_at'": '"2026-06-30T20:04:04.606Z'", '"updated_by'": null, '"description'": '"Wall Filler 3\'"'", '"sub_category_id'": 45}","{'"id'": 279, '"sku'": '"WF396'", '"name'": '"WF396'", '"image_url'": '"/uploads/products/60f6e45b-271d-4290-bfb6-65c9e88a2eb4.webp'", '"created_at'": '"2026-06-26T21:29:57.071Z'", '"created_by'": null, '"deleted_at'": null, '"updated_at'": '"2026-07-03T16:17:18.920Z'", '"updated_by'": 1, '"description'": '"Wall Filler 3\'"'", '"sub_category_id'": 45}",2026-07-03 11:17:18.920888-05,,
755,1,UPDATE,product_variants,3316,"{'"id'": 3316, '"sku'": '"HT-WF396'", '"price'": '"118.80'", '"depth_in'": '"3.00'", '"width_in'": '"3.00'", '"finish_id'": 9, '"height_in'": '"96.00'", '"created_at'": '"2026-06-26T21:29:57.071Z'", '"created_by'": null, '"deleted_at'": null, '"product_id'": 279, '"updated_at'": '"2026-06-30T20:04:04.606Z'", '"updated_by'": null, '"stock_status'": '"in_stock'"}","{'"id'": 3316, '"sku'": '"HT-WF396'", '"price'": '"118.80'", '"depth_in'": '"3.00'", '"width_in'": '"3.00'", '"finish_id'": 9, '"height_in'": '"96.00'", '"created_at'": '"2026-06-26T21:29:57.071Z'", '"created_by'": null, '"deleted_at'": null, '"product_id'": 279, '"updated_at'": '"2026-07-03T16:17:23.175Z'", '"updated_by'": 1, '"stock_status'": '"in_stock'"}",2026-07-03 11:17:23.175551-05,,
756,1,UPDATE,products,280,"{'"id'": 280, '"sku'": '"WF630'", '"name'": '"WF630'", '"image_url'": null, '"created_at'": '"2026-06-26T21:29:57.071Z'", '"created_by'": null, '"deleted_at'": null, '"updated_at'": '"2026-06-30T20:04:04.606Z'", '"updated_by'": null, '"description'": '"Wall Filler 6\'"'", '"sub_category_id'": 45}","{'"id'": 280, '"sku'": '"WF630'", '"name'": '"WF630'", '"image_url'": '"/uploads/products/80bdb09b-a482-4237-a482-1f409eab40e2.png'", '"created_at'": '"2026-06-26T21:29:57.071Z'", '"created_by'": null, '"deleted_at'": null, '"updated_at'": '"2026-07-03T16:17:29.766Z'", '"updated_by'": 1, '"description'": '"Wall Filler 6\'"'", '"sub_category_id'": 45}",2026-07-03 11:17:29.766196-05,,
757,1,UPDATE,product_variants,3328,"{'"id'": 3328, '"sku'": '"HT-WF630'", '"price'": '"47.10'", '"depth_in'": '"3.00'", '"width_in'": '"6.00'", '"finish_id'": 9, '"height_in'": '"30.00'", '"created_at'": '"2026-06-26T21:29:57.071Z'", '"created_by'": null, '"deleted_at'": null, '"product_id'": 280, '"updated_at'": '"2026-06-30T20:04:04.606Z'", '"updated_by'": null, '"stock_status'": '"in_stock'"}","{'"id'": 3328, '"sku'": '"HT-WF630'", '"price'": '"47.10'", '"depth_in'": '"3.00'", '"width_in'": '"6.00'", '"finish_id'": 9, '"height_in'": '"30.00'", '"created_at'": '"2026-06-26T21:29:57.071Z'", '"created_by'": null, '"deleted_at'": null, '"product_id'": 280, '"updated_at'": '"2026-07-03T16:17:32.253Z'", '"updated_by'": 1, '"stock_status'": '"in_stock'"}",2026-07-03 11:17:32.253891-05,,
758,1,UPDATE,products,281,"{'"id'": 281, '"sku'": '"WF636'", '"name'": '"WF636'", '"image_url'": null, '"created_at'": '"2026-06-26T21:29:57.071Z'", '"created_by'": null, '"deleted_at'": null, '"updated_at'": '"2026-06-30T20:04:04.606Z'", '"updated_by'": null, '"description'": '"Wall Filler 6\'"'", '"sub_category_id'": 45}","{'"id'": 281, '"sku'": '"WF636'", '"name'": '"WF636'", '"image_url'": '"/uploads/products/5d4cb83d-594d-4009-8202-fabce650b45f.webp'", '"created_at'": '"2026-06-26T21:29:57.071Z'", '"created_by'": null, '"deleted_at'": null, '"updated_at'": '"2026-07-03T16:17:40.506Z'", '"updated_by'": 1, '"description'": '"Wall Filler 6\'"'", '"sub_category_id'": 45}",2026-07-03 11:17:40.506203-05,,
759,1,UPDATE,product_variants,3340,"{'"id'": 3340, '"sku'": '"HT-WF636'", '"price'": '"67.20'", '"depth_in'": '"3.00'", '"width_in'": '"6.00'", '"finish_id'": 9, '"height_in'": '"36.00'", '"created_at'": '"2026-06-26T21:29:57.071Z'", '"created_by'": null, '"deleted_at'": null, '"product_id'": 281, '"updated_at'": '"2026-06-30T20:04:04.606Z'", '"updated_by'": null, '"stock_status'": '"in_stock'"}","{'"id'": 3340, '"sku'": '"HT-WF636'", '"price'": '"67.20'", '"depth_in'": '"3.00'", '"width_in'": '"6.00'", '"finish_id'": 9, '"height_in'": '"36.00'", '"created_at'": '"2026-06-26T21:29:57.071Z'", '"created_by'": null, '"deleted_at'": null, '"product_id'": 281, '"updated_at'": '"2026-07-03T16:17:43.313Z'", '"updated_by'": 1, '"stock_status'": '"in_stock'"}",2026-07-03 11:17:43.313726-05,,
760,1,UPDATE,products,282,"{'"id'": 282, '"sku'": '"WF642'", '"name'": '"WF642'", '"image_url'": null, '"created_at'": '"2026-06-26T21:29:57.071Z'", '"created_by'": null, '"deleted_at'": null, '"updated_at'": '"2026-06-30T20:04:04.606Z'", '"updated_by'": null, '"description'": '"Wall Filler 6\'"'", '"sub_category_id'": 45}","{'"id'": 282, '"sku'": '"WF642'", '"name'": '"WF642'", '"image_url'": '"/uploads/products/93985df6-d957-4462-8aef-7d5dd7890fb2.webp'", '"created_at'": '"2026-06-26T21:29:57.071Z'", '"created_by'": null, '"deleted_at'": null, '"updated_at'": '"2026-07-03T16:17:50.811Z'", '"updated_by'": 1, '"description'": '"Wall Filler 6\'"'", '"sub_category_id'": 45}",2026-07-03 11:17:50.811931-05,,
761,1,UPDATE,product_variants,3352,"{'"id'": 3352, '"sku'": '"HT-WF642'", '"price'": '"85.20'", '"depth_in'": '"3.00'", '"width_in'": '"6.00'", '"finish_id'": 9, '"height_in'": '"42.00'", '"created_at'": '"2026-06-26T21:29:57.071Z'", '"created_by'": null, '"deleted_at'": null, '"product_id'": 282, '"updated_at'": '"2026-06-30T20:04:04.606Z'", '"updated_by'": null, '"stock_status'": '"in_stock'"}","{'"id'": 3352, '"sku'": '"HT-WF642'", '"price'": '"85.20'", '"depth_in'": '"3.00'", '"width_in'": '"6.00'", '"finish_id'": 9, '"height_in'": '"42.00'", '"created_at'": '"2026-06-26T21:29:57.071Z'", '"created_by'": null, '"deleted_at'": null, '"product_id'": 282, '"updated_at'": '"2026-07-03T16:17:53.234Z'", '"updated_by'": 1, '"stock_status'": '"in_stock'"}",2026-07-03 11:17:53.234098-05,,
762,1,UPDATE,products,283,"{'"id'": 283, '"sku'": '"WF696'", '"name'": '"WF696'", '"image_url'": null, '"created_at'": '"2026-06-26T21:29:57.071Z'", '"created_by'": null, '"deleted_at'": null, '"updated_at'": '"2026-06-30T20:04:04.606Z'", '"updated_by'": null, '"description'": '"Wall Filler 6\'"'", '"sub_category_id'": 45}","{'"id'": 283, '"sku'": '"WF696'", '"name'": '"WF696'", '"image_url'": '"/uploads/products/cfbbeb9e-f630-4199-8cd6-ff5d1b85dd7f.webp'", '"created_at'": '"2026-06-26T21:29:57.071Z'", '"created_by'": null, '"deleted_at'": null, '"updated_at'": '"2026-07-03T16:18:00.931Z'", '"updated_by'": 1, '"description'": '"Wall Filler 6\'"'", '"sub_category_id'": 45}",2026-07-03 11:18:00.931638-05,,
763,1,UPDATE,product_variants,3364,"{'"id'": 3364, '"sku'": '"HT-WF696'", '"price'": '"246.40'", '"depth_in'": '"3.00'", '"width_in'": '"6.00'", '"finish_id'": 9, '"height_in'": '"96.00'", '"created_at'": '"2026-06-26T21:29:57.071Z'", '"created_by'": null, '"deleted_at'": null, '"product_id'": 283, '"updated_at'": '"2026-06-30T20:04:04.606Z'", '"updated_by'": null, '"stock_status'": '"in_stock'"}","{'"id'": 3364, '"sku'": '"HT-WF696'", '"price'": '"246.40'", '"depth_in'": '"3.00'", '"width_in'": '"6.00'", '"finish_id'": 9, '"height_in'": '"96.00'", '"created_at'": '"2026-06-26T21:29:57.071Z'", '"created_by'": null, '"deleted_at'": null, '"product_id'": 283, '"updated_at'": '"2026-07-03T16:18:03.954Z'", '"updated_by'": 1, '"stock_status'": '"in_stock'"}",2026-07-03 11:18:03.954845-05,,
764,1,UPDATE,products,331,"{'"id'": 331, '"sku'": '"WRH4848'", '"name'": '"WRH4848'", '"image_url'": null, '"created_at'": '"2026-06-30T19:38:45.468Z'", '"created_by'": null, '"deleted_at'": null, '"updated_at'": '"2026-06-30T20:04:04.606Z'", '"updated_by'": null, '"description'": '"Wall Wood Range Hood'", '"sub_category_id'": 39}","{'"id'": 331, '"sku'": '"WRH4848'", '"name'": '"WRH4848'", '"image_url'": '"/uploads/products/cedd8a8b-2d74-4930-9d14-004a2e086799.png'", '"created_at'": '"2026-06-30T19:38:45.468Z'", '"created_by'": null, '"deleted_at'": null, '"updated_at'": '"2026-07-03T16:24:46.448Z'", '"updated_by'": 1, '"description'": '"Wall Wood Range Hood'", '"sub_category_id'": 39}",2026-07-03 11:24:46.448976-05,,
765,1,UPDATE,product_variants,3940,"{'"id'": 3940, '"sku'": '"HT-WRH4848'", '"price'": '"5210.30'", '"depth_in'": '"22.00'", '"width_in'": '"48.00'", '"finish_id'": 9, '"height_in'": '"48.00'", '"created_at'": '"2026-06-30T19:38:45.468Z'", '"created_by'": null, '"deleted_at'": null, '"product_id'": 331, '"updated_at'": '"2026-06-30T20:04:04.606Z'", '"updated_by'": null, '"stock_status'": '"in_stock'"}","{'"id'": 3940, '"sku'": '"HT-WRH4848'", '"price'": '"5210.30'", '"depth_in'": '"22.00'", '"width_in'": '"48.00'", '"finish_id'": 9, '"height_in'": '"48.00'", '"created_at'": '"2026-06-30T19:38:45.468Z'", '"created_by'": null, '"deleted_at'": null, '"product_id'": 331, '"updated_at'": '"2026-07-03T16:24:47.368Z'", '"updated_by'": 1, '"stock_status'": '"in_stock'"}",2026-07-03 11:24:47.368513-05,,
766,1,UPDATE,products,331,"{'"id'": 331, '"sku'": '"WRH4848'", '"name'": '"WRH4848'", '"image_url'": '"/uploads/products/cedd8a8b-2d74-4930-9d14-004a2e086799.png'", '"created_at'": '"2026-06-30T19:38:45.468Z'", '"created_by'": null, '"deleted_at'": null, '"updated_at'": '"2026-07-03T16:24:46.448Z'", '"updated_by'": 1, '"description'": '"Wall Wood Range Hood'", '"sub_category_id'": 39}","{'"id'": 331, '"sku'": '"WRH4848'", '"name'": '"WRH4848'", '"image_url'": '"/uploads/products/cedd8a8b-2d74-4930-9d14-004a2e086799.png'", '"created_at'": '"2026-06-30T19:38:45.468Z'", '"created_by'": null, '"deleted_at'": null, '"updated_at'": '"2026-07-03T16:24:47.368Z'", '"updated_by'": 1, '"description'": '"Wall Wood Range Hood'", '"sub_category_id'": 39}",2026-07-03 11:24:47.368513-05,,
767,1,UPDATE,product_variants,3940,"{'"id'": 3940, '"sku'": '"HT-WRH4848'", '"price'": '"5210.30'", '"depth_in'": '"22.00'", '"width_in'": '"48.00'", '"finish_id'": 9, '"height_in'": '"48.00'", '"created_at'": '"2026-06-30T19:38:45.468Z'", '"created_by'": null, '"deleted_at'": null, '"product_id'": 331, '"updated_at'": '"2026-07-03T16:24:47.368Z'", '"updated_by'": 1, '"stock_status'": '"in_stock'"}","{'"id'": 3940, '"sku'": '"HT-WRH4848'", '"price'": '"5210.30'", '"depth_in'": '"22.00'", '"width_in'": '"48.00'", '"finish_id'": 9, '"height_in'": '"48.00'", '"created_at'": '"2026-06-30T19:38:45.468Z'", '"created_by'": null, '"deleted_at'": null, '"product_id'": 331, '"updated_at'": '"2026-07-03T16:24:54.537Z'", '"updated_by'": 1, '"stock_status'": '"in_stock'"}",2026-07-03 11:24:54.53716-05,,
768,1,UPDATE,products,330,"{'"id'": 330, '"sku'": '"WRH4836'", '"name'": '"WRH4836'", '"image_url'": null, '"created_at'": '"2026-06-30T19:38:45.468Z'", '"created_by'": null, '"deleted_at'": null, '"updated_at'": '"2026-06-30T20:04:04.606Z'", '"updated_by'": null, '"description'": '"Wall Wood Range Hood'", '"sub_category_id'": 39}","{'"id'": 330, '"sku'": '"WRH4836'", '"name'": '"WRH4836'", '"image_url'": '"/uploads/products/762d1963-3429-4c0d-80d3-891de19d2a75.webp'", '"created_at'": '"2026-06-30T19:38:45.468Z'", '"created_by'": null, '"deleted_at'": null, '"updated_at'": '"2026-07-03T16:25:05.703Z'", '"updated_by'": 1, '"description'": '"Wall Wood Range Hood'", '"sub_category_id'": 39}",2026-07-03 11:25:05.703528-05,,
769,1,UPDATE,product_variants,3928,"{'"id'": 3928, '"sku'": '"HT-WRH4836'", '"price'": '"4520.40'", '"depth_in'": '"22.00'", '"width_in'": '"48.00'", '"finish_id'": 9, '"height_in'": '"36.00'", '"created_at'": '"2026-06-30T19:38:45.468Z'", '"created_by'": null, '"deleted_at'": null, '"product_id'": 330, '"updated_at'": '"2026-06-30T20:04:04.606Z'", '"updated_by'": null, '"stock_status'": '"in_stock'"}","{'"id'": 3928, '"sku'": '"HT-WRH4836'", '"price'": '"4520.40'", '"depth_in'": '"22.00'", '"width_in'": '"48.00'", '"finish_id'": 9, '"height_in'": '"36.00'", '"created_at'": '"2026-06-30T19:38:45.468Z'", '"created_by'": null, '"deleted_at'": null, '"product_id'": 330, '"updated_at'": '"2026-07-03T16:25:09.172Z'", '"updated_by'": 1, '"stock_status'": '"in_stock'"}",2026-07-03 11:25:09.172796-05,,
770,1,UPDATE,products,329,"{'"id'": 329, '"sku'": '"WRH3648'", '"name'": '"WRH3648'", '"image_url'": null, '"created_at'": '"2026-06-30T19:38:45.468Z'", '"created_by'": null, '"deleted_at'": null, '"updated_at'": '"2026-06-30T20:04:04.606Z'", '"updated_by'": null, '"description'": '"Wall Wood Range Hood'", '"sub_category_id'": 39}","{'"id'": 329, '"sku'": '"WRH3648'", '"name'": '"WRH3648'", '"image_url'": '"/uploads/products/ccc617d8-204c-4c0f-baf4-039e63e4ba09.webp'", '"created_at'": '"2026-06-30T19:38:45.468Z'", '"created_by'": null, '"deleted_at'": null, '"updated_at'": '"2026-07-03T16:25:19.947Z'", '"updated_by'": 1, '"description'": '"Wall Wood Range Hood'", '"sub_category_id'": 39}",2026-07-03 11:25:19.947993-05,,
771,1,UPDATE,product_variants,3916,"{'"id'": 3916, '"sku'": '"HT-WRH3648'", '"price'": '"4231.40'", '"depth_in'": '"22.00'", '"width_in'": '"36.00'", '"finish_id'": 9, '"height_in'": '"48.00'", '"created_at'": '"2026-06-30T19:38:45.468Z'", '"created_by'": null, '"deleted_at'": null, '"product_id'": 329, '"updated_at'": '"2026-06-30T20:04:04.606Z'", '"updated_by'": null, '"stock_status'": '"in_stock'"}","{'"id'": 3916, '"sku'": '"HT-WRH3648'", '"price'": '"4231.40'", '"depth_in'": '"22.00'", '"width_in'": '"36.00'", '"finish_id'": 9, '"height_in'": '"48.00'", '"created_at'": '"2026-06-30T19:38:45.468Z'", '"created_by'": null, '"deleted_at'": null, '"product_id'": 329, '"updated_at'": '"2026-07-03T16:25:25.391Z'", '"updated_by'": 1, '"stock_status'": '"in_stock'"}",2026-07-03 11:25:25.391697-05,,
772,1,UPDATE,products,328,"{'"id'": 328, '"sku'": '"WRH3636'", '"name'": '"WRH3636'", '"image_url'": null, '"created_at'": '"2026-06-30T19:38:45.468Z'", '"created_by'": null, '"deleted_at'": null, '"updated_at'": '"2026-06-30T20:04:04.606Z'", '"updated_by'": null, '"description'": '"Wall Wood Range Hood'", '"sub_category_id'": 39}","{'"id'": 328, '"sku'": '"WRH3636'", '"name'": '"WRH3636'", '"image_url'": '"/uploads/products/00e2fe38-9469-4c54-8cef-67b07b42d41a.png'", '"created_at'": '"2026-06-30T19:38:45.468Z'", '"created_by'": null, '"deleted_at'": null, '"updated_at'": '"2026-07-03T16:25:42.353Z'", '"updated_by'": 1, '"description'": '"Wall Wood Range Hood'", '"sub_category_id'": 39}",2026-07-03 11:25:42.353944-05,,
773,1,UPDATE,product_variants,3904,"{'"id'": 3904, '"sku'": '"HT-WRH3636'", '"price'": '"3684.80'", '"depth_in'": '"22.00'", '"width_in'": '"36.00'", '"finish_id'": 9, '"height_in'": '"36.00'", '"created_at'": '"2026-06-30T19:38:45.468Z'", '"created_by'": null, '"deleted_at'": null, '"product_id'": 328, '"updated_at'": '"2026-06-30T20:04:04.606Z'", '"updated_by'": null, '"stock_status'": '"in_stock'"}","{'"id'": 3904, '"sku'": '"HT-WRH3636'", '"price'": '"3684.80'", '"depth_in'": '"22.00'", '"width_in'": '"36.00'", '"finish_id'": 9, '"height_in'": '"36.00'", '"created_at'": '"2026-06-30T19:38:45.468Z'", '"created_by'": null, '"deleted_at'": null, '"product_id'": 328, '"updated_at'": '"2026-07-03T16:25:45.975Z'", '"updated_by'": 1, '"stock_status'": '"in_stock'"}",2026-07-03 11:25:45.975115-05,,
774,1,UPDATE,products,327,"{'"id'": 327, '"sku'": '"WRH3036'", '"name'": '"WRH3036'", '"image_url'": null, '"created_at'": '"2026-06-30T19:38:45.468Z'", '"created_by'": null, '"deleted_at'": null, '"updated_at'": '"2026-06-30T20:04:04.606Z'", '"updated_by'": null, '"description'": '"Wall Wood Range Hood'", '"sub_category_id'": 39}","{'"id'": 327, '"sku'": '"WRH3036'", '"name'": '"WRH3036'", '"image_url'": '"/uploads/products/2e7d95e0-fc4a-49cb-9246-df0fbc64ff77.png'", '"created_at'": '"2026-06-30T19:38:45.468Z'", '"created_by'": null, '"deleted_at'": null, '"updated_at'": '"2026-07-03T16:25:56.354Z'", '"updated_by'": 1, '"description'": '"Wall Wood Range Hood'", '"sub_category_id'": 39}",2026-07-03 11:25:56.354081-05,,
775,1,UPDATE,product_variants,3892,"{'"id'": 3892, '"sku'": '"HT-WRH3036'", '"price'": '"3431.70'", '"depth_in'": '"22.00'", '"width_in'": '"30.00'", '"finish_id'": 9, '"height_in'": '"36.00'", '"created_at'": '"2026-06-30T19:38:45.468Z'", '"created_by'": null, '"deleted_at'": null, '"product_id'": 327, '"updated_at'": '"2026-06-30T20:04:04.606Z'", '"updated_by'": null, '"stock_status'": '"in_stock'"}","{'"id'": 3892, '"sku'": '"HT-WRH3036'", '"price'": '"3431.70'", '"depth_in'": '"22.00'", '"width_in'": '"30.00'", '"finish_id'": 9, '"height_in'": '"36.00'", '"created_at'": '"2026-06-30T19:38:45.468Z'", '"created_by'": null, '"deleted_at'": null, '"product_id'": 327, '"updated_at'": '"2026-07-03T16:25:59.724Z'", '"updated_by'": 1, '"stock_status'": '"in_stock'"}",2026-07-03 11:25:59.724726-05,,
776,1,UPDATE,products,110,"{'"id'": 110, '"sku'": '"WM3042'", '"name'": '"WM3042'", '"image_url'": null, '"created_at'": '"2026-06-26T18:13:08.164Z'", '"created_by'": null, '"deleted_at'": null, '"updated_at'": '"2026-06-30T20:04:04.606Z'", '"updated_by'": null, '"description'": '"Microwave Shelf w/2 Door & 3 Shelf'", '"sub_category_id'": 38}","{'"id'": 110, '"sku'": '"WM3042'", '"name'": '"WM3042'", '"image_url'": '"/uploads/products/17af2bff-a42f-4846-a365-39a75d294172.png'", '"created_at'": '"2026-06-26T18:13:08.164Z'", '"created_by'": null, '"deleted_at'": null, '"updated_at'": '"2026-07-03T16:28:08.624Z'", '"updated_by'": 1, '"description'": '"Microwave Shelf w/2 Door & 3 Shelf'", '"sub_category_id'": 38}",2026-07-03 11:28:08.6244-05,,
777,1,UPDATE,product_variants,1300,"{'"id'": 1300, '"sku'": '"HT-WM3042'", '"price'": '"719.10'", '"depth_in'": '"12.00'", '"width_in'": '"24.00'", '"finish_id'": 9, '"height_in'": '"42.00'", '"created_at'": '"2026-06-26T18:13:08.164Z'", '"created_by'": null, '"deleted_at'": null, '"product_id'": 110, '"updated_at'": '"2026-06-30T20:04:04.606Z'", '"updated_by'": null, '"stock_status'": '"in_stock'"}","{'"id'": 1300, '"sku'": '"HT-WM3042'", '"price'": '"719.10'", '"depth_in'": '"12.00'", '"width_in'": '"24.00'", '"finish_id'": 9, '"height_in'": '"42.00'", '"created_at'": '"2026-06-26T18:13:08.164Z'", '"created_by'": null, '"deleted_at'": null, '"product_id'": 110, '"updated_at'": '"2026-07-03T16:28:13.905Z'", '"updated_by'": 1, '"stock_status'": '"in_stock'"}",2026-07-03 11:28:13.905155-05,,
778,1,UPDATE,products,109,"{'"id'": 109, '"sku'": '"WM3036'", '"name'": '"WM3036'", '"image_url'": null, '"created_at'": '"2026-06-26T18:13:08.164Z'", '"created_by'": null, '"deleted_at'": null, '"updated_at'": '"2026-06-30T20:04:04.606Z'", '"updated_by'": null, '"description'": '"Microwave Shelf w/2 Door'", '"sub_category_id'": 38}","{'"id'": 109, '"sku'": '"WM3036'", '"name'": '"WM3036'", '"image_url'": '"/uploads/products/b7380350-8b96-4efa-af58-a74561d63315.png'", '"created_at'": '"2026-06-26T18:13:08.164Z'", '"created_by'": null, '"deleted_at'": null, '"updated_at'": '"2026-07-03T16:28:25.354Z'", '"updated_by'": 1, '"description'": '"Microwave Shelf w/2 Door'", '"sub_category_id'": 38}",2026-07-03 11:28:25.354333-05,,
779,1,UPDATE,product_variants,1288,"{'"id'": 1288, '"sku'": '"HT-WM3036'", '"price'": '"654.10'", '"depth_in'": '"12.00'", '"width_in'": '"24.00'", '"finish_id'": 9, '"height_in'": '"36.00'", '"created_at'": '"2026-06-26T18:13:08.164Z'", '"created_by'": null, '"deleted_at'": null, '"product_id'": 109, '"updated_at'": '"2026-06-30T20:04:04.606Z'", '"updated_by'": null, '"stock_status'": '"in_stock'"}","{'"id'": 1288, '"sku'": '"HT-WM3036'", '"price'": '"654.10'", '"depth_in'": '"12.00'", '"width_in'": '"24.00'", '"finish_id'": 9, '"height_in'": '"36.00'", '"created_at'": '"2026-06-26T18:13:08.164Z'", '"created_by'": null, '"deleted_at'": null, '"product_id'": 109, '"updated_at'": '"2026-07-03T16:28:29.681Z'", '"updated_by'": 1, '"stock_status'": '"in_stock'"}",2026-07-03 11:28:29.681652-05,,
780,1,UPDATE,products,108,"{'"id'": 108, '"sku'": '"WM3030'", '"name'": '"WM3030'", '"image_url'": null, '"created_at'": '"2026-06-26T18:13:08.164Z'", '"created_by'": null, '"deleted_at'": null, '"updated_at'": '"2026-06-30T20:04:04.606Z'", '"updated_by'": null, '"description'": '"Microwave Shelf w/2 Door'", '"sub_category_id'": 38}","{'"id'": 108, '"sku'": '"WM3030'", '"name'": '"WM3030'", '"image_url'": '"/uploads/products/d3365bae-e914-4cfd-bd6a-5ed5c0d61e47.png'", '"created_at'": '"2026-06-26T18:13:08.164Z'", '"created_by'": null, '"deleted_at'": null, '"updated_at'": '"2026-07-03T16:28:45.763Z'", '"updated_by'": 1, '"description'": '"Microwave Shelf w/2 Door'", '"sub_category_id'": 38}",2026-07-03 11:28:45.763317-05,,
781,1,UPDATE,product_variants,1276,"{'"id'": 1276, '"sku'": '"HT-WM3030'", '"price'": '"548.80'", '"depth_in'": '"12.00'", '"width_in'": '"24.00'", '"finish_id'": 9, '"height_in'": '"30.00'", '"created_at'": '"2026-06-26T18:13:08.164Z'", '"created_by'": null, '"deleted_at'": null, '"product_id'": 108, '"updated_at'": '"2026-06-30T20:04:04.606Z'", '"updated_by'": null, '"stock_status'": '"in_stock'"}","{'"id'": 1276, '"sku'": '"HT-WM3030'", '"price'": '"548.80'", '"depth_in'": '"12.00'", '"width_in'": '"24.00'", '"finish_id'": 9, '"height_in'": '"30.00'", '"created_at'": '"2026-06-26T18:13:08.164Z'", '"created_by'": null, '"deleted_at'": null, '"product_id'": 108, '"updated_at'": '"2026-07-03T16:28:51.262Z'", '"updated_by'": 1, '"stock_status'": '"in_stock'"}",2026-07-03 11:28:51.262932-05,,
782,1,UPDATE,products,321,"{'"id'": 321, '"sku'": '"WM3018'", '"name'": '"WM3018'", '"image_url'": null, '"created_at'": '"2026-06-30T19:38:45.468Z'", '"created_by'": null, '"deleted_at'": null, '"updated_at'": '"2026-06-30T20:04:04.606Z'", '"updated_by'": null, '"description'": '"Microwave Shelf w/2 Door'", '"sub_category_id'": 38}","{'"event'": '"toggle_unlist'", '"summary'": '"Admin admin@cabinet.local unlisted from the catalog (hidden) WM3018.'", '"is_listed'": false, '"product_name'": '"WM3018'"}",2026-07-03 11:31:14.460437-05,,
783,1,UPDATE,products,256,"{'"id'": 256, '"sku'": '"OC3384'", '"name'": '"OC3384'", '"image_url'": null, '"created_at'": '"2026-06-26T20:14:28.016Z'", '"created_by'": null, '"deleted_at'": null, '"updated_at'": '"2026-06-30T20:04:04.606Z'", '"updated_by'": null, '"description'": '"Appliance Tall - Oven Shelf w/2 Door & 3 Drawer'", '"sub_category_id'": 42}","{'"id'": 256, '"sku'": '"OC3384'", '"name'": '"OC3384'", '"image_url'": '"/uploads/products/b03280c8-8bae-43a2-a706-b21a0b8f020a.png'", '"created_at'": '"2026-06-26T20:14:28.016Z'", '"created_by'": null, '"deleted_at'": null, '"updated_at'": '"2026-07-03T16:33:09.708Z'", '"updated_by'": 1, '"description'": '"Appliance Tall - Oven Shelf w/2 Door & 3 Drawer'", '"sub_category_id'": 42}",2026-07-03 11:33:09.70834-05,,
784,1,UPDATE,product_variants,3040,"{'"id'": 3040, '"sku'": '"HT-OC3384'", '"price'": '"1789.80'", '"depth_in'": '"24.00'", '"width_in'": '"33.00'", '"finish_id'": 9, '"height_in'": '"84.00'", '"created_at'": '"2026-06-26T20:14:28.016Z'", '"created_by'": null, '"deleted_at'": null, '"product_id'": 256, '"updated_at'": '"2026-06-30T20:04:04.606Z'", '"updated_by'": null, '"stock_status'": '"in_stock'"}","{'"id'": 3040, '"sku'": '"HT-OC3384'", '"price'": '"1789.80'", '"depth_in'": '"24.00'", '"width_in'": '"33.00'", '"finish_id'": 9, '"height_in'": '"84.00'", '"created_at'": '"2026-06-26T20:14:28.016Z'", '"created_by'": null, '"deleted_at'": null, '"product_id'": 256, '"updated_at'": '"2026-07-03T16:33:15.350Z'", '"updated_by'": 1, '"stock_status'": '"in_stock'"}",2026-07-03 11:33:15.350084-05,,
785,1,UPDATE,products,257,"{'"id'": 257, '"sku'": '"OC3390'", '"name'": '"OC3390'", '"image_url'": null, '"created_at'": '"2026-06-26T20:14:28.016Z'", '"created_by'": null, '"deleted_at'": null, '"updated_at'": '"2026-06-30T20:04:04.606Z'", '"updated_by'": null, '"description'": '"Appliance Tall - Oven Shelf w/2 Door & 3 Drawer'", '"sub_category_id'": 42}","{'"id'": 257, '"sku'": '"OC3390'", '"name'": '"OC3390'", '"image_url'": '"/uploads/products/d19a1144-23e6-4815-a634-de0542aa457a.webp'", '"created_at'": '"2026-06-26T20:14:28.016Z'", '"created_by'": null, '"deleted_at'": null, '"updated_at'": '"2026-07-03T16:33:24.072Z'", '"updated_by'": 1, '"description'": '"Appliance Tall - Oven Shelf w/2 Door & 3 Drawer'", '"sub_category_id'": 42}",2026-07-03 11:33:24.072759-05,,
786,1,UPDATE,products,257,"{'"id'": 257, '"sku'": '"OC3390'", '"name'": '"OC3390'", '"image_url'": '"/uploads/products/d19a1144-23e6-4815-a634-de0542aa457a.webp'", '"created_at'": '"2026-06-26T20:14:28.016Z'", '"created_by'": null, '"deleted_at'": null, '"updated_at'": '"2026-07-03T16:33:24.072Z'", '"updated_by'": 1, '"description'": '"Appliance Tall - Oven Shelf w/2 Door & 3 Drawer'", '"sub_category_id'": 42}","{'"id'": 257, '"sku'": '"OC3390'", '"name'": '"OC3390'", '"image_url'": '"/uploads/products/39bbb4a3-133e-49ed-ba39-7d0e92820966.png'", '"created_at'": '"2026-06-26T20:14:28.016Z'", '"created_by'": null, '"deleted_at'": null, '"updated_at'": '"2026-07-03T16:33:33.470Z'", '"updated_by'": 1, '"description'": '"Appliance Tall - Oven Shelf w/2 Door & 3 Drawer'", '"sub_category_id'": 42}",2026-07-03 11:33:33.470945-05,,
787,1,UPDATE,product_variants,3052,"{'"id'": 3052, '"sku'": '"HT-OC3390'", '"price'": '"1827.90'", '"depth_in'": '"24.00'", '"width_in'": '"33.00'", '"finish_id'": 9, '"height_in'": '"90.00'", '"created_at'": '"2026-06-26T20:14:28.016Z'", '"created_by'": null, '"deleted_at'": null, '"product_id'": 257, '"updated_at'": '"2026-06-30T20:04:04.606Z'", '"updated_by'": null, '"stock_status'": '"in_stock'"}","{'"id'": 3052, '"sku'": '"HT-OC3390'", '"price'": '"1827.90'", '"depth_in'": '"24.00'", '"width_in'": '"33.00'", '"finish_id'": 9, '"height_in'": '"90.00'", '"created_at'": '"2026-06-26T20:14:28.016Z'", '"created_by'": null, '"deleted_at'": null, '"product_id'": 257, '"updated_at'": '"2026-07-03T16:33:39.950Z'", '"updated_by'": 1, '"stock_status'": '"in_stock'"}",2026-07-03 11:33:39.950036-05,,
788,1,UPDATE,products,258,"{'"id'": 258, '"sku'": '"OC3396'", '"name'": '"OC3396'", '"image_url'": null, '"created_at'": '"2026-06-26T20:14:28.016Z'", '"created_by'": null, '"deleted_at'": null, '"updated_at'": '"2026-06-30T20:04:04.606Z'", '"updated_by'": null, '"description'": '"Appliance Tall - Oven Shelf w/2 Door & 3 Drawer'", '"sub_category_id'": 42}","{'"id'": 258, '"sku'": '"OC3396'", '"name'": '"OC3396'", '"image_url'": '"/uploads/products/ac843838-a7c1-4f01-ad11-39e94410541b.png'", '"created_at'": '"2026-06-26T20:14:28.016Z'", '"created_by'": null, '"deleted_at'": null, '"updated_at'": '"2026-07-03T16:33:54.316Z'", '"updated_by'": 1, '"description'": '"Appliance Tall - Oven Shelf w/2 Door & 3 Drawer'", '"sub_category_id'": 42}",2026-07-03 11:33:54.31683-05,,
789,1,UPDATE,product_variants,3064,"{'"id'": 3064, '"sku'": '"HT-OC3396'", '"price'": '"1957.80'", '"depth_in'": '"24.00'", '"width_in'": '"33.00'", '"finish_id'": 9, '"height_in'": '"96.00'", '"created_at'": '"2026-06-26T20:14:28.016Z'", '"created_by'": null, '"deleted_at'": null, '"product_id'": 258, '"updated_at'": '"2026-06-30T20:04:04.606Z'", '"updated_by'": null, '"stock_status'": '"in_stock'"}","{'"id'": 3064, '"sku'": '"HT-OC3396'", '"price'": '"1957.80'", '"depth_in'": '"24.00'", '"width_in'": '"33.00'", '"finish_id'": 9, '"height_in'": '"96.00'", '"created_at'": '"2026-06-26T20:14:28.016Z'", '"created_by'": null, '"deleted_at'": null, '"product_id'": 258, '"updated_at'": '"2026-07-03T16:33:58.904Z'", '"updated_by'": 1, '"stock_status'": '"in_stock'"}",2026-07-03 11:33:58.904958-05,,
790,1,UPDATE,products,74,"{'"id'": 74, '"sku'": '"FS36'", '"name'": '"FS36'", '"image_url'": null, '"created_at'": '"2026-06-25T21:39:27.007Z'", '"created_by'": null, '"deleted_at'": null, '"updated_at'": '"2026-06-30T20:04:04.606Z'", '"updated_by'": null, '"description'": '"Farmhouse W/2 Door'", '"sub_category_id'": 6}","{'"id'": 74, '"sku'": '"FS36'", '"name'": '"FS36'", '"image_url'": '"/uploads/products/a44150aa-36ba-4086-969e-139cb8906b38.png'", '"created_at'": '"2026-06-25T21:39:27.007Z'", '"created_by'": null, '"deleted_at'": null, '"updated_at'": '"2026-07-03T16:36:46.691Z'", '"updated_by'": 1, '"description'": '"Farmhouse W/2 Door'", '"sub_category_id'": 6}",2026-07-03 11:36:46.691206-05,,
791,1,UPDATE,product_variants,546,"{'"id'": 546, '"sku'": '"HT-FS36'", '"price'": '"810.90'", '"depth_in'": '"24.00'", '"width_in'": '"36.00'", '"finish_id'": 9, '"height_in'": '"34.50'", '"created_at'": '"2026-06-25T21:39:27.007Z'", '"created_by'": null, '"deleted_at'": null, '"product_id'": 74, '"updated_at'": '"2026-06-30T20:04:04.606Z'", '"updated_by'": null, '"stock_status'": '"in_stock'"}","{'"id'": 546, '"sku'": '"HT-FS36'", '"price'": '"810.90'", '"depth_in'": '"24.00'", '"width_in'": '"36.00'", '"finish_id'": 9, '"height_in'": '"34.50'", '"created_at'": '"2026-06-25T21:39:27.007Z'", '"created_by'": null, '"deleted_at'": null, '"product_id'": 74, '"updated_at'": '"2026-07-03T16:36:52.698Z'", '"updated_by'": 1, '"stock_status'": '"in_stock'"}",2026-07-03 11:36:52.698199-05,,
792,1,UPDATE,products,75,"{'"id'": 75, '"sku'": '"DSB36'", '"name'": '"DSB36'", '"image_url'": null, '"created_at'": '"2026-06-25T21:39:27.007Z'", '"created_by'": null, '"deleted_at'": null, '"updated_at'": '"2026-06-30T20:04:04.606Z'", '"updated_by'": null, '"description'": '"Corner - Diagonal W/1 Door & 1 False Drawer'", '"sub_category_id'": 6}","{'"id'": 75, '"sku'": '"DSB36'", '"name'": '"DSB36'", '"image_url'": '"/uploads/products/c40f00e9-6314-45b2-a1d2-4d3aa0fc30f0.png'", '"created_at'": '"2026-06-25T21:39:27.007Z'", '"created_by'": null, '"deleted_at'": null, '"updated_at'": '"2026-07-03T16:37:47.327Z'", '"updated_by'": 1, '"description'": '"Corner - Diagonal W/1 Door & 1 False Drawer'", '"sub_category_id'": 6}",2026-07-03 11:37:47.327054-05,,
793,1,UPDATE,product_variants,558,"{'"id'": 558, '"sku'": '"HT-DSB36'", '"price'": '"766.10'", '"depth_in'": '"24.00'", '"width_in'": '"36.00'", '"finish_id'": 9, '"height_in'": '"34.50'", '"created_at'": '"2026-06-25T21:39:27.007Z'", '"created_by'": null, '"deleted_at'": null, '"product_id'": 75, '"updated_at'": '"2026-06-30T20:04:04.606Z'", '"updated_by'": null, '"stock_status'": '"in_stock'"}","{'"id'": 558, '"sku'": '"HT-DSB36'", '"price'": '"766.10'", '"depth_in'": '"24.00'", '"width_in'": '"36.00'", '"finish_id'": 9, '"height_in'": '"34.50'", '"created_at'": '"2026-06-25T21:39:27.007Z'", '"created_by'": null, '"deleted_at'": null, '"product_id'": 75, '"updated_at'": '"2026-07-03T16:37:53.758Z'", '"updated_by'": 1, '"stock_status'": '"in_stock'"}",2026-07-03 11:37:53.758716-05,,
794,1,UPDATE,products,76,"{'"id'": 76, '"sku'": '"DSB42'", '"name'": '"DSB42'", '"image_url'": null, '"created_at'": '"2026-06-25T21:39:27.007Z'", '"created_by'": null, '"deleted_at'": null, '"updated_at'": '"2026-06-30T20:04:04.606Z'", '"updated_by'": null, '"description'": '"Corner - Diagonal W/1 Door & 1 False Drawer'", '"sub_category_id'": 6}","{'"id'": 76, '"sku'": '"DSB42'", '"name'": '"DSB42'", '"image_url'": '"/uploads/products/8cd1293d-3285-4d2f-bd66-2949f2be69b2.png'", '"created_at'": '"2026-06-25T21:39:27.007Z'", '"created_by'": null, '"deleted_at'": null, '"updated_at'": '"2026-07-03T16:38:05.082Z'", '"updated_by'": 1, '"description'": '"Corner - Diagonal W/1 Door & 1 False Drawer'", '"sub_category_id'": 6}",2026-07-03 11:38:05.082912-05,,
795,1,UPDATE,product_variants,570,"{'"id'": 570, '"sku'": '"HT-DSB42'", '"price'": '"777.30'", '"depth_in'": '"24.00'", '"width_in'": '"42.00'", '"finish_id'": 9, '"height_in'": '"34.50'", '"created_at'": '"2026-06-25T21:39:27.007Z'", '"created_by'": null, '"deleted_at'": null, '"product_id'": 76, '"updated_at'": '"2026-06-30T20:04:04.606Z'", '"updated_by'": null, '"stock_status'": '"in_stock'"}","{'"id'": 570, '"sku'": '"HT-DSB42'", '"price'": '"777.30'", '"depth_in'": '"24.00'", '"width_in'": '"42.00'", '"finish_id'": 9, '"height_in'": '"34.50'", '"created_at'": '"2026-06-25T21:39:27.007Z'", '"created_by'": null, '"deleted_at'": null, '"product_id'": 76, '"updated_at'": '"2026-07-03T16:38:17.315Z'", '"updated_by'": 1, '"stock_status'": '"in_stock'"}",2026-07-03 11:38:17.315577-05,,
796,1,UPDATE,products,169,"{'"id'": 169, '"sku'": '"GL30'", '"name'": '"GL30'", '"image_url'": null, '"created_at'": '"2026-06-26T18:19:44.707Z'", '"created_by'": null, '"deleted_at'": null, '"updated_at'": '"2026-06-30T20:04:04.606Z'", '"updated_by'": null, '"description'": '"Wall Glass Holder'", '"sub_category_id'": 30}","{'"id'": 169, '"sku'": '"GL30'", '"name'": '"GL30'", '"image_url'": '"/uploads/products/b6d55b92-b2bb-4530-9000-9155b8e4e2bc.png'", '"created_at'": '"2026-06-26T18:19:44.707Z'", '"created_by'": null, '"deleted_at'": null, '"updated_at'": '"2026-07-03T17:10:27.340Z'", '"updated_by'": 1, '"description'": '"Wall Glass Holder'", '"sub_category_id'": 30}",2026-07-03 12:10:27.340735-05,,
797,1,UPDATE,product_variants,2020,"{'"id'": 2020, '"sku'": '"HT-GL30'", '"price'": '"183.70'", '"depth_in'": '"12.00'", '"width_in'": '"30.00'", '"finish_id'": 9, '"height_in'": '"1.50'", '"created_at'": '"2026-06-26T18:19:44.707Z'", '"created_by'": null, '"deleted_at'": null, '"product_id'": 169, '"updated_at'": '"2026-06-30T20:04:04.606Z'", '"updated_by'": null, '"stock_status'": '"in_stock'"}","{'"id'": 2020, '"sku'": '"HT-GL30'", '"price'": '"183.70'", '"depth_in'": '"12.00'", '"width_in'": '"30.00'", '"finish_id'": 9, '"height_in'": '"1.50'", '"created_at'": '"2026-06-26T18:19:44.707Z'", '"created_by'": null, '"deleted_at'": null, '"product_id'": 169, '"updated_at'": '"2026-07-03T17:10:31.162Z'", '"updated_by'": 1, '"stock_status'": '"in_stock'"}",2026-07-03 12:10:31.162295-05,,
798,1,UPDATE,products,170,"{'"id'": 170, '"sku'": '"GL36'", '"name'": '"GL36'", '"image_url'": null, '"created_at'": '"2026-06-26T18:19:44.707Z'", '"created_by'": null, '"deleted_at'": null, '"updated_at'": '"2026-06-30T20:04:04.606Z'", '"updated_by'": null, '"description'": '"Wall Glass Holder'", '"sub_category_id'": 30}","{'"id'": 170, '"sku'": '"GL36'", '"name'": '"GL36'", '"image_url'": '"/uploads/products/c526996b-65da-46fb-8559-7cbb3adf0460.png'", '"created_at'": '"2026-06-26T18:19:44.707Z'", '"created_by'": null, '"deleted_at'": null, '"updated_at'": '"2026-07-03T17:10:38.371Z'", '"updated_by'": 1, '"description'": '"Wall Glass Holder'", '"sub_category_id'": 30}",2026-07-03 12:10:38.371644-05,,
799,1,UPDATE,product_variants,2032,"{'"id'": 2032, '"sku'": '"HT-GL36'", '"price'": '"212.80'", '"depth_in'": '"12.00'", '"width_in'": '"36.00'", '"finish_id'": 9, '"height_in'": '"1.50'", '"created_at'": '"2026-06-26T18:19:44.707Z'", '"created_by'": null, '"deleted_at'": null, '"product_id'": 170, '"updated_at'": '"2026-06-30T20:04:04.606Z'", '"updated_by'": null, '"stock_status'": '"in_stock'"}","{'"id'": 2032, '"sku'": '"HT-GL36'", '"price'": '"212.80'", '"depth_in'": '"12.00'", '"width_in'": '"36.00'", '"finish_id'": 9, '"height_in'": '"1.50'", '"created_at'": '"2026-06-26T18:19:44.707Z'", '"created_by'": null, '"deleted_at'": null, '"product_id'": 170, '"updated_at'": '"2026-07-03T17:10:42.457Z'", '"updated_by'": 1, '"stock_status'": '"in_stock'"}",2026-07-03 12:10:42.457441-05,,
800,1,UPDATE,products,134,"{'"id'": 134, '"sku'": '"W2418'", '"name'": '"W2418'", '"image_url'": null, '"created_at'": '"2026-06-26T18:13:08.164Z'", '"created_by'": null, '"deleted_at'": null, '"updated_at'": '"2026-06-30T20:04:04.606Z'", '"updated_by'": null, '"description'": '"2 Door'", '"sub_category_id'": 25}","{'"id'": 134, '"sku'": '"W2418'", '"name'": '"W2418'", '"image_url'": '"/uploads/products/68303a72-b31f-48cd-a9cb-4ccfddf7fd15.png'", '"created_at'": '"2026-06-26T18:13:08.164Z'", '"created_by'": null, '"deleted_at'": null, '"updated_at'": '"2026-07-03T17:14:53.923Z'", '"updated_by'": 1, '"description'": '"2 Door'", '"sub_category_id'": 25}",2026-07-03 12:14:53.923333-05,,
801,1,UPDATE,product_variants,1588,"{'"id'": 1588, '"sku'": '"HT-W2418'", '"price'": '"329.30'", '"depth_in'": '"12.00'", '"width_in'": '"24.00'", '"finish_id'": 9, '"height_in'": '"18.00'", '"created_at'": '"2026-06-26T18:13:08.164Z'", '"created_by'": null, '"deleted_at'": null, '"product_id'": 134, '"updated_at'": '"2026-06-30T20:04:04.606Z'", '"updated_by'": null, '"stock_status'": '"in_stock'"}","{'"id'": 1588, '"sku'": '"HT-W2418'", '"price'": '"329.30'", '"depth_in'": '"12.00'", '"width_in'": '"24.00'", '"finish_id'": 9, '"height_in'": '"18.00'", '"created_at'": '"2026-06-26T18:13:08.164Z'", '"created_by'": null, '"deleted_at'": null, '"product_id'": 134, '"updated_at'": '"2026-07-03T17:14:58.401Z'", '"updated_by'": 1, '"stock_status'": '"in_stock'"}",2026-07-03 12:14:58.401179-05,,
802,1,UPDATE,products,135,"{'"id'": 135, '"sku'": '"W3018'", '"name'": '"W3018'", '"image_url'": null, '"created_at'": '"2026-06-26T18:13:08.164Z'", '"created_by'": null, '"deleted_at'": null, '"updated_at'": '"2026-06-30T20:04:04.606Z'", '"updated_by'": null, '"description'": '"2 Door'", '"sub_category_id'": 25}","{'"id'": 135, '"sku'": '"W3018'", '"name'": '"W3018'", '"image_url'": '"/uploads/products/4a3a0d93-fc22-42ea-9e2d-bd5c34cb5954.png'", '"created_at'": '"2026-06-26T18:13:08.164Z'", '"created_by'": null, '"deleted_at'": null, '"updated_at'": '"2026-07-03T17:15:05.167Z'", '"updated_by'": 1, '"description'": '"2 Door'", '"sub_category_id'": 25}",2026-07-03 12:15:05.167259-05,,
803,1,UPDATE,product_variants,1600,"{'"id'": 1600, '"sku'": '"HT-W3018'", '"price'": '"385.30'", '"depth_in'": '"12.00'", '"width_in'": '"30.00'", '"finish_id'": 9, '"height_in'": '"18.00'", '"created_at'": '"2026-06-26T18:13:08.164Z'", '"created_by'": null, '"deleted_at'": null, '"product_id'": 135, '"updated_at'": '"2026-06-30T20:04:04.606Z'", '"updated_by'": null, '"stock_status'": '"in_stock'"}","{'"id'": 1600, '"sku'": '"HT-W3018'", '"price'": '"385.30'", '"depth_in'": '"12.00'", '"width_in'": '"30.00'", '"finish_id'": 9, '"height_in'": '"18.00'", '"created_at'": '"2026-06-26T18:13:08.164Z'", '"created_by'": null, '"deleted_at'": null, '"product_id'": 135, '"updated_at'": '"2026-07-03T17:15:10.339Z'", '"updated_by'": 1, '"stock_status'": '"in_stock'"}",2026-07-03 12:15:10.339666-05,,
804,1,UPDATE,products,136,"{'"id'": 136, '"sku'": '"W3318'", '"name'": '"W3318'", '"image_url'": null, '"created_at'": '"2026-06-26T18:13:08.164Z'", '"created_by'": null, '"deleted_at'": null, '"updated_at'": '"2026-06-30T20:04:04.606Z'", '"updated_by'": null, '"description'": '"2 Door'", '"sub_category_id'": 25}","{'"id'": 136, '"sku'": '"W3318'", '"name'": '"W3318'", '"image_url'": '"/uploads/products/04859195-856c-4ee2-ae50-5a7f5adf6f7d.png'", '"created_at'": '"2026-06-26T18:13:08.164Z'", '"created_by'": null, '"deleted_at'": null, '"updated_at'": '"2026-07-03T17:15:17.714Z'", '"updated_by'": 1, '"description'": '"2 Door'", '"sub_category_id'": 25}",2026-07-03 12:15:17.714151-05,,
805,1,UPDATE,product_variants,1612,"{'"id'": 1612, '"sku'": '"HT-W3318'", '"price'": '"407.70'", '"depth_in'": '"12.00'", '"width_in'": '"33.00'", '"finish_id'": 9, '"height_in'": '"18.00'", '"created_at'": '"2026-06-26T18:13:08.164Z'", '"created_by'": null, '"deleted_at'": null, '"product_id'": 136, '"updated_at'": '"2026-06-30T20:04:04.606Z'", '"updated_by'": null, '"stock_status'": '"in_stock'"}","{'"id'": 1612, '"sku'": '"HT-W3318'", '"price'": '"407.70'", '"depth_in'": '"12.00'", '"width_in'": '"33.00'", '"finish_id'": 9, '"height_in'": '"18.00'", '"created_at'": '"2026-06-26T18:13:08.164Z'", '"created_by'": null, '"deleted_at'": null, '"product_id'": 136, '"updated_at'": '"2026-07-03T17:15:31.917Z'", '"updated_by'": 1, '"stock_status'": '"in_stock'"}",2026-07-03 12:15:31.917489-05,,
806,1,UPDATE,products,137,"{'"id'": 137, '"sku'": '"W3618'", '"name'": '"W3618'", '"image_url'": null, '"created_at'": '"2026-06-26T18:13:08.164Z'", '"created_by'": null, '"deleted_at'": null, '"updated_at'": '"2026-06-30T20:04:04.606Z'", '"updated_by'": null, '"description'": '"2 Door'", '"sub_category_id'": 25}","{'"id'": 137, '"sku'": '"W3618'", '"name'": '"W3618'", '"image_url'": '"/uploads/products/253da7f1-ce9e-4a9c-b251-e8aa2ce32a4c.png'", '"created_at'": '"2026-06-26T18:13:08.164Z'", '"created_by'": null, '"deleted_at'": null, '"updated_at'": '"2026-07-03T17:15:40.881Z'", '"updated_by'": 1, '"description'": '"2 Door'", '"sub_category_id'": 25}",2026-07-03 12:15:40.881885-05,,
807,1,UPDATE,product_variants,1624,"{'"id'": 1624, '"sku'": '"HT-W3618'", '"price'": '"434.60'", '"depth_in'": '"12.00'", '"width_in'": '"36.00'", '"finish_id'": 9, '"height_in'": '"18.00'", '"created_at'": '"2026-06-26T18:13:08.164Z'", '"created_by'": null, '"deleted_at'": null, '"product_id'": 137, '"updated_at'": '"2026-06-30T20:04:04.606Z'", '"updated_by'": null, '"stock_status'": '"in_stock'"}","{'"id'": 1624, '"sku'": '"HT-W3618'", '"price'": '"434.60'", '"depth_in'": '"12.00'", '"width_in'": '"36.00'", '"finish_id'": 9, '"height_in'": '"18.00'", '"created_at'": '"2026-06-26T18:13:08.164Z'", '"created_by'": null, '"deleted_at'": null, '"product_id'": 137, '"updated_at'": '"2026-07-03T17:15:45.056Z'", '"updated_by'": 1, '"stock_status'": '"in_stock'"}",2026-07-03 12:15:45.056436-05,,
808,1,UPDATE,products,138,"{'"id'": 138, '"sku'": '"W3918'", '"name'": '"W3918'", '"image_url'": null, '"created_at'": '"2026-06-26T18:13:08.164Z'", '"created_by'": null, '"deleted_at'": null, '"updated_at'": '"2026-06-30T20:04:04.606Z'", '"updated_by'": null, '"description'": '"2 Door'", '"sub_category_id'": 25}","{'"id'": 138, '"sku'": '"W3918'", '"name'": '"W3918'", '"image_url'": '"/uploads/products/3b4abae8-d441-4ece-a4a2-c0b4dcda01ef.png'", '"created_at'": '"2026-06-26T18:13:08.164Z'", '"created_by'": null, '"deleted_at'": null, '"updated_at'": '"2026-07-03T17:15:49.898Z'", '"updated_by'": 1, '"description'": '"2 Door'", '"sub_category_id'": 25}",2026-07-03 12:15:49.898933-05,,
809,1,UPDATE,product_variants,1636,"{'"id'": 1636, '"sku'": '"HT-W3918'", '"price'": '"571.20'", '"depth_in'": '"12.00'", '"width_in'": '"39.00'", '"finish_id'": 9, '"height_in'": '"18.00'", '"created_at'": '"2026-06-26T18:13:08.164Z'", '"created_by'": null, '"deleted_at'": null, '"product_id'": 138, '"updated_at'": '"2026-06-30T20:04:04.606Z'", '"updated_by'": null, '"stock_status'": '"in_stock'"}","{'"id'": 1636, '"sku'": '"HT-W3918'", '"price'": '"571.20'", '"depth_in'": '"12.00'", '"width_in'": '"39.00'", '"finish_id'": 9, '"height_in'": '"18.00'", '"created_at'": '"2026-06-26T18:13:08.164Z'", '"created_by'": null, '"deleted_at'": null, '"product_id'": 138, '"updated_at'": '"2026-07-03T17:15:56.149Z'", '"updated_by'": 1, '"stock_status'": '"in_stock'"}",2026-07-03 12:15:56.149831-05,,
810,1,UPDATE,products,139,"{'"id'": 139, '"sku'": '"W3021'", '"name'": '"W3021'", '"image_url'": null, '"created_at'": '"2026-06-26T18:13:08.164Z'", '"created_by'": null, '"deleted_at'": null, '"updated_at'": '"2026-06-30T20:04:04.606Z'", '"updated_by'": null, '"description'": '"2 Door'", '"sub_category_id'": 26}","{'"id'": 139, '"sku'": '"W3021'", '"name'": '"W3021'", '"image_url'": '"/uploads/products/74d23d6b-e2f2-4744-ad6d-dd5e7cbc7ef7.png'", '"created_at'": '"2026-06-26T18:13:08.164Z'", '"created_by'": null, '"deleted_at'": null, '"updated_at'": '"2026-07-03T17:18:25.904Z'", '"updated_by'": 1, '"description'": '"2 Door'", '"sub_category_id'": 26}",2026-07-03 12:18:25.904753-05,,
811,1,UPDATE,product_variants,1648,"{'"id'": 1648, '"sku'": '"HT-W3021'", '"price'": '"405.50'", '"depth_in'": '"12.00'", '"width_in'": '"30.00'", '"finish_id'": 9, '"height_in'": '"21.00'", '"created_at'": '"2026-06-26T18:13:08.164Z'", '"created_by'": null, '"deleted_at'": null, '"product_id'": 139, '"updated_at'": '"2026-06-30T20:04:04.606Z'", '"updated_by'": null, '"stock_status'": '"in_stock'"}","{'"id'": 1648, '"sku'": '"HT-W3021'", '"price'": '"405.50'", '"depth_in'": '"12.00'", '"width_in'": '"30.00'", '"finish_id'": 9, '"height_in'": '"21.00'", '"created_at'": '"2026-06-26T18:13:08.164Z'", '"created_by'": null, '"deleted_at'": null, '"product_id'": 139, '"updated_at'": '"2026-07-03T17:18:30.315Z'", '"updated_by'": 1, '"stock_status'": '"in_stock'"}",2026-07-03 12:18:30.315868-05,,
812,1,UPDATE,products,140,"{'"id'": 140, '"sku'": '"W3321'", '"name'": '"W3321'", '"image_url'": null, '"created_at'": '"2026-06-26T18:13:08.164Z'", '"created_by'": null, '"deleted_at'": null, '"updated_at'": '"2026-06-30T20:04:04.606Z'", '"updated_by'": null, '"description'": '"2 Door'", '"sub_category_id'": 26}","{'"id'": 140, '"sku'": '"W3321'", '"name'": '"W3321'", '"image_url'": '"/uploads/products/a3671d62-0ac7-45d2-ada4-5296129e9888.png'", '"created_at'": '"2026-06-26T18:13:08.164Z'", '"created_by'": null, '"deleted_at'": null, '"updated_at'": '"2026-07-03T17:18:36.023Z'", '"updated_by'": 1, '"description'": '"2 Door'", '"sub_category_id'": 26}",2026-07-03 12:18:36.023662-05,,
813,1,UPDATE,product_variants,1660,"{'"id'": 1660, '"sku'": '"HT-W3321'", '"price'": '"457.00'", '"depth_in'": '"12.00'", '"width_in'": '"33.00'", '"finish_id'": 9, '"height_in'": '"21.00'", '"created_at'": '"2026-06-26T18:13:08.164Z'", '"created_by'": null, '"deleted_at'": null, '"product_id'": 140, '"updated_at'": '"2026-06-30T20:04:04.606Z'", '"updated_by'": null, '"stock_status'": '"in_stock'"}","{'"id'": 1660, '"sku'": '"HT-W3321'", '"price'": '"457.00'", '"depth_in'": '"12.00'", '"width_in'": '"33.00'", '"finish_id'": 9, '"height_in'": '"21.00'", '"created_at'": '"2026-06-26T18:13:08.164Z'", '"created_by'": null, '"deleted_at'": null, '"product_id'": 140, '"updated_at'": '"2026-07-03T17:18:40.568Z'", '"updated_by'": 1, '"stock_status'": '"in_stock'"}",2026-07-03 12:18:40.568336-05,,
814,1,UPDATE,products,141,"{'"id'": 141, '"sku'": '"W3621'", '"name'": '"W3621'", '"image_url'": null, '"created_at'": '"2026-06-26T18:13:08.164Z'", '"created_by'": null, '"deleted_at'": null, '"updated_at'": '"2026-06-30T20:04:04.606Z'", '"updated_by'": null, '"description'": '"2 Door'", '"sub_category_id'": 26}","{'"id'": 141, '"sku'": '"W3621'", '"name'": '"W3621'", '"image_url'": '"/uploads/products/d35bd5ed-6fbc-4e17-86fe-1392a3d3c570.png'", '"created_at'": '"2026-06-26T18:13:08.164Z'", '"created_by'": null, '"deleted_at'": null, '"updated_at'": '"2026-07-03T17:18:47.662Z'", '"updated_by'": 1, '"description'": '"2 Door'", '"sub_category_id'": 26}",2026-07-03 12:18:47.662316-05,,
815,1,UPDATE,product_variants,1672,"{'"id'": 1672, '"sku'": '"HT-W3621'", '"price'": '"477.20'", '"depth_in'": '"12.00'", '"width_in'": '"36.00'", '"finish_id'": 9, '"height_in'": '"21.00'", '"created_at'": '"2026-06-26T18:13:08.164Z'", '"created_by'": null, '"deleted_at'": null, '"product_id'": 141, '"updated_at'": '"2026-06-30T20:04:04.606Z'", '"updated_by'": null, '"stock_status'": '"in_stock'"}","{'"id'": 1672, '"sku'": '"HT-W3621'", '"price'": '"477.20'", '"depth_in'": '"12.00'", '"width_in'": '"36.00'", '"finish_id'": 9, '"height_in'": '"21.00'", '"created_at'": '"2026-06-26T18:13:08.164Z'", '"created_by'": null, '"deleted_at'": null, '"product_id'": 141, '"updated_at'": '"2026-07-03T17:18:52.193Z'", '"updated_by'": 1, '"stock_status'": '"in_stock'"}",2026-07-03 12:18:52.193907-05,,
816,1,UPDATE,products,148,"{'"id'": 148, '"sku'": '"W331224'", '"name'": '"W331224'", '"image_url'": null, '"created_at'": '"2026-06-26T18:13:08.164Z'", '"created_by'": null, '"deleted_at'": null, '"updated_at'": '"2026-06-30T20:04:04.606Z'", '"updated_by'": null, '"description'": '"2 Door'", '"sub_category_id'": 28}","{'"id'": 148, '"sku'": '"W331224'", '"name'": '"W331224'", '"image_url'": '"/uploads/products/1f256f5d-6005-418e-8175-7efb55256166.png'", '"created_at'": '"2026-06-26T18:13:08.164Z'", '"created_by'": null, '"deleted_at'": null, '"updated_at'": '"2026-07-03T17:27:09.570Z'", '"updated_by'": 1, '"description'": '"2 Door'", '"sub_category_id'": 28}",2026-07-03 12:27:09.570415-05,,
817,1,UPDATE,product_variants,1756,"{'"id'": 1756, '"sku'": '"HT-W331224'", '"price'": '"392.00'", '"depth_in'": '"24.00'", '"width_in'": '"33.00'", '"finish_id'": 9, '"height_in'": '"12.00'", '"created_at'": '"2026-06-26T18:13:08.164Z'", '"created_by'": null, '"deleted_at'": null, '"product_id'": 148, '"updated_at'": '"2026-06-30T20:04:04.606Z'", '"updated_by'": null, '"stock_status'": '"in_stock'"}","{'"id'": 1756, '"sku'": '"HT-W331224'", '"price'": '"392.00'", '"depth_in'": '"24.00'", '"width_in'": '"33.00'", '"finish_id'": 9, '"height_in'": '"12.00'", '"created_at'": '"2026-06-26T18:13:08.164Z'", '"created_by'": null, '"deleted_at'": null, '"product_id'": 148, '"updated_at'": '"2026-07-03T17:27:15.038Z'", '"updated_by'": 1, '"stock_status'": '"in_stock'"}",2026-07-03 12:27:15.038101-05,,
818,1,UPDATE,products,149,"{'"id'": 149, '"sku'": '"W331524'", '"name'": '"W331524'", '"image_url'": null, '"created_at'": '"2026-06-26T18:13:08.164Z'", '"created_by'": null, '"deleted_at'": null, '"updated_at'": '"2026-06-30T20:04:04.606Z'", '"updated_by'": null, '"description'": '"2 Door'", '"sub_category_id'": 28}","{'"id'": 149, '"sku'": '"W331524'", '"name'": '"W331524'", '"image_url'": '"/uploads/products/d87a4c5e-4912-4ee4-8f4a-2521c9b6bb83.png'", '"created_at'": '"2026-06-26T18:13:08.164Z'", '"created_by'": null, '"deleted_at'": null, '"updated_at'": '"2026-07-03T17:27:29.430Z'", '"updated_by'": 1, '"description'": '"2 Door'", '"sub_category_id'": 28}",2026-07-03 12:27:29.430731-05,,
819,1,UPDATE,product_variants,1768,"{'"id'": 1768, '"sku'": '"HT-W331524'", '"price'": '"459.20'", '"depth_in'": '"24.00'", '"width_in'": '"33.00'", '"finish_id'": 9, '"height_in'": '"15.00'", '"created_at'": '"2026-06-26T18:13:08.164Z'", '"created_by'": null, '"deleted_at'": null, '"product_id'": 149, '"updated_at'": '"2026-06-30T20:04:04.606Z'", '"updated_by'": null, '"stock_status'": '"in_stock'"}","{'"id'": 1768, '"sku'": '"HT-W331524'", '"price'": '"459.20'", '"depth_in'": '"24.00'", '"width_in'": '"33.00'", '"finish_id'": 9, '"height_in'": '"15.00'", '"created_at'": '"2026-06-26T18:13:08.164Z'", '"created_by'": null, '"deleted_at'": null, '"product_id'": 149, '"updated_at'": '"2026-07-03T17:27:35.685Z'", '"updated_by'": 1, '"stock_status'": '"in_stock'"}",2026-07-03 12:27:35.685709-05,,
820,1,UPDATE,products,150,"{'"id'": 150, '"sku'": '"W331824'", '"name'": '"W331824'", '"image_url'": null, '"created_at'": '"2026-06-26T18:13:08.164Z'", '"created_by'": null, '"deleted_at'": null, '"updated_at'": '"2026-06-30T20:04:04.606Z'", '"updated_by'": null, '"description'": '"2 Door'", '"sub_category_id'": 28}","{'"id'": 150, '"sku'": '"W331824'", '"name'": '"W331824'", '"image_url'": '"/uploads/products/9cd3247f-68f6-4eca-82c5-afafbf1a34a6.png'", '"created_at'": '"2026-06-26T18:13:08.164Z'", '"created_by'": null, '"deleted_at'": null, '"updated_at'": '"2026-07-03T17:27:43.429Z'", '"updated_by'": 1, '"description'": '"2 Door'", '"sub_category_id'": 28}",2026-07-03 12:27:43.429562-05,,
831,1,UPDATE,products,157,"{'"id'": 157, '"sku'": '"W391224'", '"name'": '"W391224'", '"image_url'": null, '"created_at'": '"2026-06-26T18:13:08.164Z'", '"created_by'": null, '"deleted_at'": null, '"updated_at'": '"2026-06-30T20:04:04.606Z'", '"updated_by'": null, '"description'": '"2 Door'", '"sub_category_id'": 28}","{'"id'": 157, '"sku'": '"W391224'", '"name'": '"W391224'", '"image_url'": '"/uploads/products/e083a606-b7bb-4671-9a60-5eb13d711ffc.png'", '"created_at'": '"2026-06-26T18:13:08.164Z'", '"created_by'": null, '"deleted_at'": null, '"updated_at'": '"2026-07-03T17:32:12.875Z'", '"updated_by'": 1, '"description'": '"2 Door'", '"sub_category_id'": 28}",2026-07-03 12:32:12.875017-05,,
821,1,UPDATE,product_variants,1780,"{'"id'": 1780, '"sku'": '"HT-W331824'", '"price'": '"510.80'", '"depth_in'": '"24.00'", '"width_in'": '"33.00'", '"finish_id'": 9, '"height_in'": '"18.00'", '"created_at'": '"2026-06-26T18:13:08.164Z'", '"created_by'": null, '"deleted_at'": null, '"product_id'": 150, '"updated_at'": '"2026-06-30T20:04:04.606Z'", '"updated_by'": null, '"stock_status'": '"in_stock'"}","{'"id'": 1780, '"sku'": '"HT-W331824'", '"price'": '"510.80'", '"depth_in'": '"24.00'", '"width_in'": '"33.00'", '"finish_id'": 9, '"height_in'": '"18.00'", '"created_at'": '"2026-06-26T18:13:08.164Z'", '"created_by'": null, '"deleted_at'": null, '"product_id'": 150, '"updated_at'": '"2026-07-03T17:27:50.417Z'", '"updated_by'": 1, '"stock_status'": '"in_stock'"}",2026-07-03 12:27:50.417949-05,,
822,1,UPDATE,products,156,"{'"id'": 156, '"sku'": '"W362424'", '"name'": '"W362424'", '"image_url'": null, '"created_at'": '"2026-06-26T18:13:08.164Z'", '"created_by'": null, '"deleted_at'": null, '"updated_at'": '"2026-06-30T20:04:04.606Z'", '"updated_by'": null, '"description'": '"2 Door & 1 Shelf'", '"sub_category_id'": 28}","{'"id'": 156, '"sku'": '"W362424'", '"name'": '"W362424'", '"image_url'": '"/uploads/products/75533672-466f-4477-827b-13401a85fe33.png'", '"created_at'": '"2026-06-26T18:13:08.164Z'", '"created_by'": null, '"deleted_at'": null, '"updated_at'": '"2026-07-03T17:28:47.608Z'", '"updated_by'": 1, '"description'": '"2 Door & 1 Shelf'", '"sub_category_id'": 28}",2026-07-03 12:28:47.608572-05,,
823,1,UPDATE,product_variants,1852,"{'"id'": 1852, '"sku'": '"HT-W362424'", '"price'": '"636.20'", '"depth_in'": '"24.00'", '"width_in'": '"36.00'", '"finish_id'": 9, '"height_in'": '"24.00'", '"created_at'": '"2026-06-26T18:13:08.164Z'", '"created_by'": null, '"deleted_at'": null, '"product_id'": 156, '"updated_at'": '"2026-06-30T20:04:04.606Z'", '"updated_by'": null, '"stock_status'": '"in_stock'"}","{'"id'": 1852, '"sku'": '"HT-W362424'", '"price'": '"636.20'", '"depth_in'": '"24.00'", '"width_in'": '"36.00'", '"finish_id'": 9, '"height_in'": '"24.00'", '"created_at'": '"2026-06-26T18:13:08.164Z'", '"created_by'": null, '"deleted_at'": null, '"product_id'": 156, '"updated_at'": '"2026-07-03T17:28:58.452Z'", '"updated_by'": 1, '"stock_status'": '"in_stock'"}",2026-07-03 12:28:58.452269-05,,
824,1,UPDATE,products,152,"{'"id'": 152, '"sku'": '"W361224'", '"name'": '"W361224'", '"image_url'": null, '"created_at'": '"2026-06-26T18:13:08.164Z'", '"created_by'": null, '"deleted_at'": null, '"updated_at'": '"2026-06-30T20:04:04.606Z'", '"updated_by'": null, '"description'": '"2 Door'", '"sub_category_id'": 28}","{'"id'": 152, '"sku'": '"W361224'", '"name'": '"W361224'", '"image_url'": '"/uploads/products/333b178c-c6db-45e0-bc9d-08bb40513d28.png'", '"created_at'": '"2026-06-26T18:13:08.164Z'", '"created_by'": null, '"deleted_at'": null, '"updated_at'": '"2026-07-03T17:29:36.002Z'", '"updated_by'": 1, '"description'": '"2 Door'", '"sub_category_id'": 28}",2026-07-03 12:29:36.002963-05,,
825,1,UPDATE,product_variants,1804,"{'"id'": 1804, '"sku'": '"HT-W361224'", '"price'": '"414.40'", '"depth_in'": '"24.00'", '"width_in'": '"36.00'", '"finish_id'": 9, '"height_in'": '"12.00'", '"created_at'": '"2026-06-26T18:13:08.164Z'", '"created_by'": null, '"deleted_at'": null, '"product_id'": 152, '"updated_at'": '"2026-06-30T20:04:04.606Z'", '"updated_by'": null, '"stock_status'": '"in_stock'"}","{'"id'": 1804, '"sku'": '"HT-W361224'", '"price'": '"414.40'", '"depth_in'": '"24.00'", '"width_in'": '"36.00'", '"finish_id'": 9, '"height_in'": '"12.00'", '"created_at'": '"2026-06-26T18:13:08.164Z'", '"created_by'": null, '"deleted_at'": null, '"product_id'": 152, '"updated_at'": '"2026-07-03T17:29:47.386Z'", '"updated_by'": 1, '"stock_status'": '"in_stock'"}",2026-07-03 12:29:47.386105-05,,
826,1,UPDATE,products,153,"{'"id'": 153, '"sku'": '"W361524'", '"name'": '"W361524'", '"image_url'": null, '"created_at'": '"2026-06-26T18:13:08.164Z'", '"created_by'": null, '"deleted_at'": null, '"updated_at'": '"2026-06-30T20:04:04.606Z'", '"updated_by'": null, '"description'": '"2 Door'", '"sub_category_id'": 28}","{'"id'": 153, '"sku'": '"W361524'", '"name'": '"W361524'", '"image_url'": '"/uploads/products/9fef0ad0-c6c9-49f8-b9b6-dc448d94903d.png'", '"created_at'": '"2026-06-26T18:13:08.164Z'", '"created_by'": null, '"deleted_at'": null, '"updated_at'": '"2026-07-03T17:30:05.830Z'", '"updated_by'": 1, '"description'": '"2 Door'", '"sub_category_id'": 28}",2026-07-03 12:30:05.830226-05,,
827,1,UPDATE,product_variants,1816,"{'"id'": 1816, '"sku'": '"HT-W361524'", '"price'": '"499.60'", '"depth_in'": '"24.00'", '"width_in'": '"36.00'", '"finish_id'": 9, '"height_in'": '"15.00'", '"created_at'": '"2026-06-26T18:13:08.164Z'", '"created_by'": null, '"deleted_at'": null, '"product_id'": 153, '"updated_at'": '"2026-06-30T20:04:04.606Z'", '"updated_by'": null, '"stock_status'": '"in_stock'"}","{'"id'": 1816, '"sku'": '"HT-W361524'", '"price'": '"499.60'", '"depth_in'": '"24.00'", '"width_in'": '"36.00'", '"finish_id'": 9, '"height_in'": '"15.00'", '"created_at'": '"2026-06-26T18:13:08.164Z'", '"created_by'": null, '"deleted_at'": null, '"product_id'": 153, '"updated_at'": '"2026-07-03T17:30:14.050Z'", '"updated_by'": 1, '"stock_status'": '"in_stock'"}",2026-07-03 12:30:14.050095-05,,
828,1,UPDATE,products,154,"{'"id'": 154, '"sku'": '"W361824'", '"name'": '"W361824'", '"image_url'": null, '"created_at'": '"2026-06-26T18:13:08.164Z'", '"created_by'": null, '"deleted_at'": null, '"updated_at'": '"2026-06-30T20:04:04.606Z'", '"updated_by'": null, '"description'": '"2 Door'", '"sub_category_id'": 28}","{'"id'": 154, '"sku'": '"W361824'", '"name'": '"W361824'", '"image_url'": '"/uploads/products/961bf231-044e-4a10-992a-30f2f3afc70a.png'", '"created_at'": '"2026-06-26T18:13:08.164Z'", '"created_by'": null, '"deleted_at'": null, '"updated_at'": '"2026-07-03T17:30:36.794Z'", '"updated_by'": 1, '"description'": '"2 Door'", '"sub_category_id'": 28}",2026-07-03 12:30:36.794674-05,,
829,1,UPDATE,product_variants,1828,"{'"id'": 1828, '"sku'": '"HT-W361824'", '"price'": '"542.10'", '"depth_in'": '"24.00'", '"width_in'": '"36.00'", '"finish_id'": 9, '"height_in'": '"18.00'", '"created_at'": '"2026-06-26T18:13:08.164Z'", '"created_by'": null, '"deleted_at'": null, '"product_id'": 154, '"updated_at'": '"2026-06-30T20:04:04.606Z'", '"updated_by'": null, '"stock_status'": '"in_stock'"}","{'"id'": 1828, '"sku'": '"HT-W361824'", '"price'": '"542.10'", '"depth_in'": '"24.00'", '"width_in'": '"36.00'", '"finish_id'": 9, '"height_in'": '"18.00'", '"created_at'": '"2026-06-26T18:13:08.164Z'", '"created_by'": null, '"deleted_at'": null, '"product_id'": 154, '"updated_at'": '"2026-07-03T17:31:05.112Z'", '"updated_by'": 1, '"stock_status'": '"in_stock'"}",2026-07-03 12:31:05.112341-05,,
830,1,UPDATE,products,156,"{'"id'": 156, '"sku'": '"W362424'", '"name'": '"W362424'", '"image_url'": '"/uploads/products/75533672-466f-4477-827b-13401a85fe33.png'", '"created_at'": '"2026-06-26T18:13:08.164Z'", '"created_by'": null, '"deleted_at'": null, '"updated_at'": '"2026-07-03T17:28:47.608Z'", '"updated_by'": 1, '"description'": '"2 Door & 1 Shelf'", '"sub_category_id'": 28}","{'"id'": 156, '"sku'": '"W362424'", '"name'": '"W362424'", '"image_url'": '"/uploads/products/30578ef8-f074-4ae4-aa86-4a38976a0ba9.png'", '"created_at'": '"2026-06-26T18:13:08.164Z'", '"created_by'": null, '"deleted_at'": null, '"updated_at'": '"2026-07-03T17:31:46.511Z'", '"updated_by'": 1, '"description'": '"2 Door & 1 Shelf'", '"sub_category_id'": 28}",2026-07-03 12:31:46.511825-05,,
1127,1,UPDATE,products,307,"{'"id'": 307, '"sku'": '"RP436'", '"name'": '"RP436'", '"image_url'": null, '"created_at'": '"2026-06-26T21:29:57.071Z'", '"created_by'": null, '"deleted_at'": null, '"updated_at'": '"2026-06-30T20:04:27.418Z'", '"updated_by'": null, '"description'": '"Round Roman Pillar'", '"sub_category_id'": 50}","{'"event'": '"toggle_unlist'", '"summary'": '"Admin admin@cabinet.local unlisted from the catalog (hidden) RP436.'", '"is_listed'": false, '"product_name'": '"RP436'"}",2026-07-03 15:20:07.847646-05,,
832,1,UPDATE,product_variants,1864,"{'"id'": 1864, '"sku'": '"HT-W391224'", '"price'": '"441.30'", '"depth_in'": '"24.00'", '"width_in'": '"39.00'", '"finish_id'": 9, '"height_in'": '"12.00'", '"created_at'": '"2026-06-26T18:13:08.164Z'", '"created_by'": null, '"deleted_at'": null, '"product_id'": 157, '"updated_at'": '"2026-06-30T20:04:04.606Z'", '"updated_by'": null, '"stock_status'": '"in_stock'"}","{'"id'": 1864, '"sku'": '"HT-W391224'", '"price'": '"441.30'", '"depth_in'": '"24.00'", '"width_in'": '"39.00'", '"finish_id'": 9, '"height_in'": '"12.00'", '"created_at'": '"2026-06-26T18:13:08.164Z'", '"created_by'": null, '"deleted_at'": null, '"product_id'": 157, '"updated_at'": '"2026-07-03T17:32:26.179Z'", '"updated_by'": 1, '"stock_status'": '"in_stock'"}",2026-07-03 12:32:26.179833-05,,
833,1,UPDATE,products,158,"{'"id'": 158, '"sku'": '"W391524'", '"name'": '"W391524'", '"image_url'": null, '"created_at'": '"2026-06-26T18:13:08.164Z'", '"created_by'": null, '"deleted_at'": null, '"updated_at'": '"2026-06-30T20:04:04.606Z'", '"updated_by'": null, '"description'": '"2 Door'", '"sub_category_id'": 28}","{'"id'": 158, '"sku'": '"W391524'", '"name'": '"W391524'", '"image_url'": '"/uploads/products/4419a311-010a-451a-b33f-6bb9e6a0ed23.png'", '"created_at'": '"2026-06-26T18:13:08.164Z'", '"created_by'": null, '"deleted_at'": null, '"updated_at'": '"2026-07-03T17:32:37.583Z'", '"updated_by'": 1, '"description'": '"2 Door'", '"sub_category_id'": 28}",2026-07-03 12:32:37.583648-05,,
834,1,UPDATE,product_variants,1876,"{'"id'": 1876, '"sku'": '"HT-W391524'", '"price'": '"492.80'", '"depth_in'": '"24.00'", '"width_in'": '"39.00'", '"finish_id'": 9, '"height_in'": '"15.00'", '"created_at'": '"2026-06-26T18:13:08.164Z'", '"created_by'": null, '"deleted_at'": null, '"product_id'": 158, '"updated_at'": '"2026-06-30T20:04:04.606Z'", '"updated_by'": null, '"stock_status'": '"in_stock'"}","{'"id'": 1876, '"sku'": '"HT-W391524'", '"price'": '"492.80'", '"depth_in'": '"24.00'", '"width_in'": '"39.00'", '"finish_id'": 9, '"height_in'": '"15.00'", '"created_at'": '"2026-06-26T18:13:08.164Z'", '"created_by'": null, '"deleted_at'": null, '"product_id'": 158, '"updated_at'": '"2026-07-03T17:32:43.575Z'", '"updated_by'": 1, '"stock_status'": '"in_stock'"}",2026-07-03 12:32:43.575984-05,,
835,1,UPDATE,products,159,"{'"id'": 159, '"sku'": '"W391824'", '"name'": '"W391824'", '"image_url'": null, '"created_at'": '"2026-06-26T18:13:08.164Z'", '"created_by'": null, '"deleted_at'": null, '"updated_at'": '"2026-06-30T20:04:04.606Z'", '"updated_by'": null, '"description'": '"2 Door'", '"sub_category_id'": 28}","{'"id'": 159, '"sku'": '"W391824'", '"name'": '"W391824'", '"image_url'": '"/uploads/products/8f5ecced-a154-4737-b032-839a2726d22a.png'", '"created_at'": '"2026-06-26T18:13:08.164Z'", '"created_by'": null, '"deleted_at'": null, '"updated_at'": '"2026-07-03T17:32:58.003Z'", '"updated_by'": 1, '"description'": '"2 Door'", '"sub_category_id'": 28}",2026-07-03 12:32:58.003585-05,,
836,1,UPDATE,product_variants,1888,"{'"id'": 1888, '"sku'": '"HT-W391824'", '"price'": '"629.50'", '"depth_in'": '"24.00'", '"width_in'": '"39.00'", '"finish_id'": 9, '"height_in'": '"18.00'", '"created_at'": '"2026-06-26T18:13:08.164Z'", '"created_by'": null, '"deleted_at'": null, '"product_id'": 159, '"updated_at'": '"2026-06-30T20:04:04.606Z'", '"updated_by'": null, '"stock_status'": '"in_stock'"}","{'"id'": 1888, '"sku'": '"HT-W391824'", '"price'": '"629.50'", '"depth_in'": '"24.00'", '"width_in'": '"39.00'", '"finish_id'": 9, '"height_in'": '"18.00'", '"created_at'": '"2026-06-26T18:13:08.164Z'", '"created_by'": null, '"deleted_at'": null, '"product_id'": 159, '"updated_at'": '"2026-07-03T17:33:12.769Z'", '"updated_by'": 1, '"stock_status'": '"in_stock'"}",2026-07-03 12:33:12.769349-05,,
837,1,UPDATE,products,160,"{'"id'": 160, '"sku'": '"W392424'", '"name'": '"W392424'", '"image_url'": null, '"created_at'": '"2026-06-26T18:13:08.164Z'", '"created_by'": null, '"deleted_at'": null, '"updated_at'": '"2026-06-30T20:04:04.606Z'", '"updated_by'": null, '"description'": '"2 Door & 1 Shelf'", '"sub_category_id'": 28}","{'"id'": 160, '"sku'": '"W392424'", '"name'": '"W392424'", '"image_url'": '"/uploads/products/4a2b24dc-f118-4bcd-a6ce-18d0fa804092.png'", '"created_at'": '"2026-06-26T18:13:08.164Z'", '"created_by'": null, '"deleted_at'": null, '"updated_at'": '"2026-07-03T17:33:31.621Z'", '"updated_by'": 1, '"description'": '"2 Door & 1 Shelf'", '"sub_category_id'": 28}",2026-07-03 12:33:31.621962-05,,
838,1,UPDATE,product_variants,1900,"{'"id'": 1900, '"sku'": '"HT-W392424'", '"price'": '"685.50'", '"depth_in'": '"24.00'", '"width_in'": '"39.00'", '"finish_id'": 9, '"height_in'": '"24.00'", '"created_at'": '"2026-06-26T18:13:08.164Z'", '"created_by'": null, '"deleted_at'": null, '"product_id'": 160, '"updated_at'": '"2026-06-30T20:04:04.606Z'", '"updated_by'": null, '"stock_status'": '"in_stock'"}","{'"id'": 1900, '"sku'": '"HT-W392424'", '"price'": '"685.50'", '"depth_in'": '"24.00'", '"width_in'": '"39.00'", '"finish_id'": 9, '"height_in'": '"24.00'", '"created_at'": '"2026-06-26T18:13:08.164Z'", '"created_by'": null, '"deleted_at'": null, '"product_id'": 160, '"updated_at'": '"2026-07-03T17:33:41.185Z'", '"updated_by'": 1, '"stock_status'": '"in_stock'"}",2026-07-03 12:33:41.185002-05,,
839,1,UPDATE,products,143,"{'"id'": 143, '"sku'": '"W2424'", '"name'": '"W2424'", '"image_url'": null, '"created_at'": '"2026-06-26T18:13:08.164Z'", '"created_by'": null, '"deleted_at'": null, '"updated_at'": '"2026-06-30T20:04:04.606Z'", '"updated_by'": null, '"description'": '"2 Door & 1 Shelf'", '"sub_category_id'": 27}","{'"id'": 143, '"sku'": '"W2424'", '"name'": '"W2424'", '"image_url'": '"/uploads/products/8c28020d-2380-4ca6-9109-d3f251349112.png'", '"created_at'": '"2026-06-26T18:13:08.164Z'", '"created_by'": null, '"deleted_at'": null, '"updated_at'": '"2026-07-03T17:36:45.486Z'", '"updated_by'": 1, '"description'": '"2 Door & 1 Shelf'", '"sub_category_id'": 27}",2026-07-03 12:36:45.486556-05,,
840,1,UPDATE,product_variants,1696,"{'"id'": 1696, '"sku'": '"HT-W2424'", '"price'": '"376.40'", '"depth_in'": '"12.00'", '"width_in'": '"24.00'", '"finish_id'": 9, '"height_in'": '"24.00'", '"created_at'": '"2026-06-26T18:13:08.164Z'", '"created_by'": null, '"deleted_at'": null, '"product_id'": 143, '"updated_at'": '"2026-06-30T20:04:04.606Z'", '"updated_by'": null, '"stock_status'": '"in_stock'"}","{'"id'": 1696, '"sku'": '"HT-W2424'", '"price'": '"376.40'", '"depth_in'": '"12.00'", '"width_in'": '"24.00'", '"finish_id'": 9, '"height_in'": '"24.00'", '"created_at'": '"2026-06-26T18:13:08.164Z'", '"created_by'": null, '"deleted_at'": null, '"product_id'": 143, '"updated_at'": '"2026-07-03T17:36:51.688Z'", '"updated_by'": 1, '"stock_status'": '"in_stock'"}",2026-07-03 12:36:51.68851-05,,
841,1,UPDATE,products,144,"{'"id'": 144, '"sku'": '"W3024'", '"name'": '"W3024'", '"image_url'": null, '"created_at'": '"2026-06-26T18:13:08.164Z'", '"created_by'": null, '"deleted_at'": null, '"updated_at'": '"2026-06-30T20:04:04.606Z'", '"updated_by'": null, '"description'": '"2 Door & 1 Shelf'", '"sub_category_id'": 27}","{'"id'": 144, '"sku'": '"W3024'", '"name'": '"W3024'", '"image_url'": '"/uploads/products/4c1e3046-071c-4c99-abbd-15ed700009bb.png'", '"created_at'": '"2026-06-26T18:13:08.164Z'", '"created_by'": null, '"deleted_at'": null, '"updated_at'": '"2026-07-03T17:37:01.196Z'", '"updated_by'": 1, '"description'": '"2 Door & 1 Shelf'", '"sub_category_id'": 27}",2026-07-03 12:37:01.196462-05,,
842,1,UPDATE,product_variants,1708,"{'"id'": 1708, '"sku'": '"HT-W3024'", '"price'": '"441.30'", '"depth_in'": '"12.00'", '"width_in'": '"30.00'", '"finish_id'": 9, '"height_in'": '"24.00'", '"created_at'": '"2026-06-26T18:13:08.164Z'", '"created_by'": null, '"deleted_at'": null, '"product_id'": 144, '"updated_at'": '"2026-06-30T20:04:04.606Z'", '"updated_by'": null, '"stock_status'": '"in_stock'"}","{'"id'": 1708, '"sku'": '"HT-W3024'", '"price'": '"441.30'", '"depth_in'": '"12.00'", '"width_in'": '"30.00'", '"finish_id'": 9, '"height_in'": '"24.00'", '"created_at'": '"2026-06-26T18:13:08.164Z'", '"created_by'": null, '"deleted_at'": null, '"product_id'": 144, '"updated_at'": '"2026-07-03T17:37:06.982Z'", '"updated_by'": 1, '"stock_status'": '"in_stock'"}",2026-07-03 12:37:06.982859-05,,
843,1,UPDATE,products,145,"{'"id'": 145, '"sku'": '"W3324'", '"name'": '"W3324'", '"image_url'": null, '"created_at'": '"2026-06-26T18:13:08.164Z'", '"created_by'": null, '"deleted_at'": null, '"updated_at'": '"2026-06-30T20:04:04.606Z'", '"updated_by'": null, '"description'": '"2 Door & 1 Shelf'", '"sub_category_id'": 27}","{'"id'": 145, '"sku'": '"W3324'", '"name'": '"W3324'", '"image_url'": '"/uploads/products/bb28f388-08b9-493d-9900-d0017cf2fe1b.png'", '"created_at'": '"2026-06-26T18:13:08.164Z'", '"created_by'": null, '"deleted_at'": null, '"updated_at'": '"2026-07-03T17:37:17.002Z'", '"updated_by'": 1, '"description'": '"2 Door & 1 Shelf'", '"sub_category_id'": 27}",2026-07-03 12:37:17.002567-05,,
844,1,UPDATE,product_variants,1720,"{'"id'": 1720, '"sku'": '"HT-W3324'", '"price'": '"470.40'", '"depth_in'": '"12.00'", '"width_in'": '"33.00'", '"finish_id'": 9, '"height_in'": '"24.00'", '"created_at'": '"2026-06-26T18:13:08.164Z'", '"created_by'": null, '"deleted_at'": null, '"product_id'": 145, '"updated_at'": '"2026-06-30T20:04:04.606Z'", '"updated_by'": null, '"stock_status'": '"in_stock'"}","{'"id'": 1720, '"sku'": '"HT-W3324'", '"price'": '"470.40'", '"depth_in'": '"12.00'", '"width_in'": '"33.00'", '"finish_id'": 9, '"height_in'": '"24.00'", '"created_at'": '"2026-06-26T18:13:08.164Z'", '"created_by'": null, '"deleted_at'": null, '"product_id'": 145, '"updated_at'": '"2026-07-03T17:37:24.108Z'", '"updated_by'": 1, '"stock_status'": '"in_stock'"}",2026-07-03 12:37:24.108295-05,,
845,1,UPDATE,products,146,"{'"id'": 146, '"sku'": '"W3624'", '"name'": '"W3624'", '"image_url'": null, '"created_at'": '"2026-06-26T18:13:08.164Z'", '"created_by'": null, '"deleted_at'": null, '"updated_at'": '"2026-06-30T20:04:04.606Z'", '"updated_by'": null, '"description'": '"2 Door & 1 Shelf'", '"sub_category_id'": 27}","{'"id'": 146, '"sku'": '"W3624'", '"name'": '"W3624'", '"image_url'": '"/uploads/products/118cff75-6e0a-4110-b057-e9bd8f195b2c.png'", '"created_at'": '"2026-06-26T18:13:08.164Z'", '"created_by'": null, '"deleted_at'": null, '"updated_at'": '"2026-07-03T17:37:32.289Z'", '"updated_by'": 1, '"description'": '"2 Door & 1 Shelf'", '"sub_category_id'": 27}",2026-07-03 12:37:32.289605-05,,
846,1,UPDATE,product_variants,1732,"{'"id'": 1732, '"sku'": '"HT-W3624'", '"price'": '"504.00'", '"depth_in'": '"12.00'", '"width_in'": '"36.00'", '"finish_id'": 9, '"height_in'": '"24.00'", '"created_at'": '"2026-06-26T18:13:08.164Z'", '"created_by'": null, '"deleted_at'": null, '"product_id'": 146, '"updated_at'": '"2026-06-30T20:04:04.606Z'", '"updated_by'": null, '"stock_status'": '"in_stock'"}","{'"id'": 1732, '"sku'": '"HT-W3624'", '"price'": '"504.00'", '"depth_in'": '"12.00'", '"width_in'": '"36.00'", '"finish_id'": 9, '"height_in'": '"24.00'", '"created_at'": '"2026-06-26T18:13:08.164Z'", '"created_by'": null, '"deleted_at'": null, '"product_id'": 146, '"updated_at'": '"2026-07-03T17:37:39.031Z'", '"updated_by'": 1, '"stock_status'": '"in_stock'"}",2026-07-03 12:37:39.031434-05,,
847,1,UPDATE,products,147,"{'"id'": 147, '"sku'": '"W3924'", '"name'": '"W3924'", '"image_url'": null, '"created_at'": '"2026-06-26T18:13:08.164Z'", '"created_by'": null, '"deleted_at'": null, '"updated_at'": '"2026-06-30T20:04:04.606Z'", '"updated_by'": null, '"description'": '"2 Door & 1 Shelf'", '"sub_category_id'": 27}","{'"id'": 147, '"sku'": '"W3924'", '"name'": '"W3924'", '"image_url'": '"/uploads/products/b1c7e465-c558-4dd2-8866-edc52b359cbf.png'", '"created_at'": '"2026-06-26T18:13:08.164Z'", '"created_by'": null, '"deleted_at'": null, '"updated_at'": '"2026-07-03T17:37:46.644Z'", '"updated_by'": 1, '"description'": '"2 Door & 1 Shelf'", '"sub_category_id'": 27}",2026-07-03 12:37:46.644722-05,,
848,1,UPDATE,product_variants,1744,"{'"id'": 1744, '"sku'": '"HT-W3924'", '"price'": '"627.20'", '"depth_in'": '"12.00'", '"width_in'": '"39.00'", '"finish_id'": 9, '"height_in'": '"24.00'", '"created_at'": '"2026-06-26T18:13:08.164Z'", '"created_by'": null, '"deleted_at'": null, '"product_id'": 147, '"updated_at'": '"2026-06-30T20:04:04.606Z'", '"updated_by'": null, '"stock_status'": '"in_stock'"}","{'"id'": 1744, '"sku'": '"HT-W3924'", '"price'": '"627.20'", '"depth_in'": '"12.00'", '"width_in'": '"39.00'", '"finish_id'": 9, '"height_in'": '"24.00'", '"created_at'": '"2026-06-26T18:13:08.164Z'", '"created_by'": null, '"deleted_at'": null, '"product_id'": 147, '"updated_at'": '"2026-07-03T17:37:56.298Z'", '"updated_by'": 1, '"stock_status'": '"in_stock'"}",2026-07-03 12:37:56.298612-05,,
849,1,UPDATE,products,155,"{'"id'": 155, '"sku'": '"W362124'", '"name'": '"W362124'", '"image_url'": null, '"created_at'": '"2026-06-26T18:13:08.164Z'", '"created_by'": null, '"deleted_at'": null, '"updated_at'": '"2026-06-30T20:04:04.606Z'", '"updated_by'": null, '"description'": '"2 Door & 1 Shelf'", '"sub_category_id'": 28}","{'"id'": 155, '"sku'": '"W362124'", '"name'": '"W362124'", '"image_url'": '"/uploads/products/3d609262-f990-4716-b51d-04fdbf04edf6.png'", '"created_at'": '"2026-06-26T18:13:08.164Z'", '"created_by'": null, '"deleted_at'": null, '"updated_at'": '"2026-07-03T17:41:12.628Z'", '"updated_by'": 1, '"description'": '"2 Door & 1 Shelf'", '"sub_category_id'": 28}",2026-07-03 12:41:12.628296-05,,
850,1,UPDATE,product_variants,1840,"{'"id'": 1840, '"sku'": '"HT-W362124'", '"price'": '"584.70'", '"depth_in'": '"24.00'", '"width_in'": '"36.00'", '"finish_id'": 9, '"height_in'": '"21.00'", '"created_at'": '"2026-06-26T18:13:08.164Z'", '"created_by'": null, '"deleted_at'": null, '"product_id'": 155, '"updated_at'": '"2026-06-30T20:04:04.606Z'", '"updated_by'": null, '"stock_status'": '"in_stock'"}","{'"id'": 1840, '"sku'": '"HT-W362124'", '"price'": '"584.70'", '"depth_in'": '"24.00'", '"width_in'": '"36.00'", '"finish_id'": 9, '"height_in'": '"21.00'", '"created_at'": '"2026-06-26T18:13:08.164Z'", '"created_by'": null, '"deleted_at'": null, '"product_id'": 155, '"updated_at'": '"2026-07-03T17:41:30.220Z'", '"updated_by'": 1, '"stock_status'": '"in_stock'"}",2026-07-03 12:41:30.220233-05,,
851,1,UPDATE,products,10,"{'"id'": 10, '"sku'": '"W0930'", '"name'": '"W0930'", '"image_url'": null, '"created_at'": '"2026-06-23T20:50:58.134Z'", '"created_by'": null, '"deleted_at'": null, '"updated_at'": '"2026-06-30T20:04:04.606Z'", '"updated_by'": null, '"description'": '"1 Door & 2 Shelf'", '"sub_category_id'": 15}","{'"id'": 10, '"sku'": '"W0930'", '"name'": '"W0930'", '"image_url'": '"/uploads/products/657f126a-d9a0-4f1b-870c-3ce73a149446.png'", '"created_at'": '"2026-06-23T20:50:58.134Z'", '"created_by'": null, '"deleted_at'": null, '"updated_at'": '"2026-07-03T17:47:06.486Z'", '"updated_by'": 1, '"description'": '"1 Door & 2 Shelf'", '"sub_category_id'": 15}",2026-07-03 12:47:06.486326-05,,
852,1,UPDATE,product_variants,28,"{'"id'": 28, '"sku'": '"HT-W0930'", '"price'": '"239.70'", '"depth_in'": '"12.00'", '"width_in'": '"9.00'", '"finish_id'": 9, '"height_in'": '"30.00'", '"created_at'": '"2026-06-23T20:50:58.134Z'", '"created_by'": null, '"deleted_at'": null, '"product_id'": 10, '"updated_at'": '"2026-06-30T20:04:04.606Z'", '"updated_by'": null, '"stock_status'": '"in_stock'"}","{'"id'": 28, '"sku'": '"HT-W0930'", '"price'": '"239.70'", '"depth_in'": '"12.00'", '"width_in'": '"9.00'", '"finish_id'": 9, '"height_in'": '"30.00'", '"created_at'": '"2026-06-23T20:50:58.134Z'", '"created_by'": null, '"deleted_at'": null, '"product_id'": 10, '"updated_at'": '"2026-07-03T17:47:11.554Z'", '"updated_by'": 1, '"stock_status'": '"in_stock'"}",2026-07-03 12:47:11.554441-05,,
853,1,UPDATE,products,11,"{'"id'": 11, '"sku'": '"W1230'", '"name'": '"W1230'", '"image_url'": null, '"created_at'": '"2026-06-23T20:50:58.134Z'", '"created_by'": null, '"deleted_at'": null, '"updated_at'": '"2026-06-30T20:04:04.606Z'", '"updated_by'": null, '"description'": '"1 Door & 2 Shelf'", '"sub_category_id'": 15}","{'"id'": 11, '"sku'": '"W1230'", '"name'": '"W1230'", '"image_url'": '"/uploads/products/f2e4b46c-846c-4eea-b139-be8edea57c9b.png'", '"created_at'": '"2026-06-23T20:50:58.134Z'", '"created_by'": null, '"deleted_at'": null, '"updated_at'": '"2026-07-03T17:47:20.588Z'", '"updated_by'": 1, '"description'": '"1 Door & 2 Shelf'", '"sub_category_id'": 15}",2026-07-03 12:47:20.588144-05,,
854,1,UPDATE,product_variants,33,"{'"id'": 33, '"sku'": '"HT-W1230'", '"price'": '"268.80'", '"depth_in'": '"12.00'", '"width_in'": '"12.00'", '"finish_id'": 9, '"height_in'": '"30.00'", '"created_at'": '"2026-06-23T20:50:58.134Z'", '"created_by'": null, '"deleted_at'": null, '"product_id'": 11, '"updated_at'": '"2026-06-30T20:04:04.606Z'", '"updated_by'": null, '"stock_status'": '"in_stock'"}","{'"id'": 33, '"sku'": '"HT-W1230'", '"price'": '"268.80'", '"depth_in'": '"12.00'", '"width_in'": '"12.00'", '"finish_id'": 9, '"height_in'": '"30.00'", '"created_at'": '"2026-06-23T20:50:58.134Z'", '"created_by'": null, '"deleted_at'": null, '"product_id'": 11, '"updated_at'": '"2026-07-03T17:47:24.806Z'", '"updated_by'": 1, '"stock_status'": '"in_stock'"}",2026-07-03 12:47:24.806457-05,,
855,1,UPDATE,product_variants,33,"{'"id'": 33, '"sku'": '"HT-W1230'", '"price'": '"268.80'", '"depth_in'": '"12.00'", '"width_in'": '"12.00'", '"finish_id'": 9, '"height_in'": '"30.00'", '"created_at'": '"2026-06-23T20:50:58.134Z'", '"created_by'": null, '"deleted_at'": null, '"product_id'": 11, '"updated_at'": '"2026-07-03T17:47:24.806Z'", '"updated_by'": 1, '"stock_status'": '"in_stock'"}","{'"id'": 33, '"sku'": '"HT-W1230'", '"price'": '"268.80'", '"depth_in'": '"12.00'", '"width_in'": '"12.00'", '"finish_id'": 9, '"height_in'": '"30.00'", '"created_at'": '"2026-06-23T20:50:58.134Z'", '"created_by'": null, '"deleted_at'": null, '"product_id'": 11, '"updated_at'": '"2026-07-03T17:47:33.696Z'", '"updated_by'": 1, '"stock_status'": '"in_stock'"}",2026-07-03 12:47:33.696153-05,,
856,1,UPDATE,product_variants,33,"{'"id'": 33, '"sku'": '"HT-W1230'", '"price'": '"268.80'", '"depth_in'": '"12.00'", '"width_in'": '"12.00'", '"finish_id'": 9, '"height_in'": '"30.00'", '"created_at'": '"2026-06-23T20:50:58.134Z'", '"created_by'": null, '"deleted_at'": null, '"product_id'": 11, '"updated_at'": '"2026-07-03T17:47:33.696Z'", '"updated_by'": 1, '"stock_status'": '"in_stock'"}","{'"id'": 33, '"sku'": '"HT-W1230'", '"price'": '"268.80'", '"depth_in'": '"12.00'", '"width_in'": '"12.00'", '"finish_id'": 9, '"height_in'": '"30.00'", '"created_at'": '"2026-06-23T20:50:58.134Z'", '"created_by'": null, '"deleted_at'": null, '"product_id'": 11, '"updated_at'": '"2026-07-03T17:47:35.011Z'", '"updated_by'": 1, '"stock_status'": '"in_stock'"}",2026-07-03 12:47:35.011269-05,,
857,1,UPDATE,products,12,"{'"id'": 12, '"sku'": '"W1530'", '"name'": '"W1530'", '"image_url'": null, '"created_at'": '"2026-06-23T20:50:58.134Z'", '"created_by'": null, '"deleted_at'": null, '"updated_at'": '"2026-06-30T20:04:04.606Z'", '"updated_by'": null, '"description'": '"1 Door & 2 Shelf'", '"sub_category_id'": 15}","{'"id'": 12, '"sku'": '"W1530'", '"name'": '"W1530'", '"image_url'": '"/uploads/products/e84d527e-b181-46fb-920e-81a01c513005.png'", '"created_at'": '"2026-06-23T20:50:58.134Z'", '"created_by'": null, '"deleted_at'": null, '"updated_at'": '"2026-07-03T17:47:45.098Z'", '"updated_by'": 1, '"description'": '"1 Door & 2 Shelf'", '"sub_category_id'": 15}",2026-07-03 12:47:45.098095-05,,
858,1,UPDATE,product_variants,38,"{'"id'": 38, '"sku'": '"HT-W1530'", '"price'": '"304.70'", '"depth_in'": '"12.00'", '"width_in'": '"15.00'", '"finish_id'": 9, '"height_in'": '"30.00'", '"created_at'": '"2026-06-23T20:50:58.134Z'", '"created_by'": null, '"deleted_at'": null, '"product_id'": 12, '"updated_at'": '"2026-06-30T20:04:04.606Z'", '"updated_by'": null, '"stock_status'": '"in_stock'"}","{'"id'": 38, '"sku'": '"HT-W1530'", '"price'": '"304.70'", '"depth_in'": '"12.00'", '"width_in'": '"15.00'", '"finish_id'": 9, '"height_in'": '"30.00'", '"created_at'": '"2026-06-23T20:50:58.134Z'", '"created_by'": null, '"deleted_at'": null, '"product_id'": 12, '"updated_at'": '"2026-07-03T17:47:50.051Z'", '"updated_by'": 1, '"stock_status'": '"in_stock'"}",2026-07-03 12:47:50.05116-05,,
859,1,UPDATE,products,13,"{'"id'": 13, '"sku'": '"W1830'", '"name'": '"W1830'", '"image_url'": null, '"created_at'": '"2026-06-23T20:50:58.134Z'", '"created_by'": null, '"deleted_at'": null, '"updated_at'": '"2026-06-30T20:04:04.606Z'", '"updated_by'": null, '"description'": '"1 Door & 2 Shelf'", '"sub_category_id'": 15}","{'"id'": 13, '"sku'": '"W1830'", '"name'": '"W1830'", '"image_url'": '"/uploads/products/d21eeb1b-b077-4145-8dc3-c6f6b420ee0d.png'", '"created_at'": '"2026-06-23T20:50:58.134Z'", '"created_by'": null, '"deleted_at'": null, '"updated_at'": '"2026-07-03T17:47:58.025Z'", '"updated_by'": 1, '"description'": '"1 Door & 2 Shelf'", '"sub_category_id'": 15}",2026-07-03 12:47:58.025129-05,,
860,1,UPDATE,product_variants,43,"{'"id'": 43, '"sku'": '"HT-W1830'", '"price'": '"336.00'", '"depth_in'": '"12.00'", '"width_in'": '"18.00'", '"finish_id'": 9, '"height_in'": '"30.00'", '"created_at'": '"2026-06-23T20:50:58.134Z'", '"created_by'": null, '"deleted_at'": null, '"product_id'": 13, '"updated_at'": '"2026-06-30T20:04:04.606Z'", '"updated_by'": null, '"stock_status'": '"in_stock'"}","{'"id'": 43, '"sku'": '"HT-W1830'", '"price'": '"336.00'", '"depth_in'": '"12.00'", '"width_in'": '"18.00'", '"finish_id'": 9, '"height_in'": '"30.00'", '"created_at'": '"2026-06-23T20:50:58.134Z'", '"created_by'": null, '"deleted_at'": null, '"product_id'": 13, '"updated_at'": '"2026-07-03T17:48:03.450Z'", '"updated_by'": 1, '"stock_status'": '"in_stock'"}",2026-07-03 12:48:03.4509-05,,
861,1,UPDATE,products,14,"{'"id'": 14, '"sku'": '"W2130'", '"name'": '"W2130'", '"image_url'": null, '"created_at'": '"2026-06-23T20:50:58.134Z'", '"created_by'": null, '"deleted_at'": null, '"updated_at'": '"2026-06-30T20:04:04.606Z'", '"updated_by'": null, '"description'": '"1 Door & 2 Shelf'", '"sub_category_id'": 15}","{'"id'": 14, '"sku'": '"W2130'", '"name'": '"W2130'", '"image_url'": '"/uploads/products/c7deed0a-9fdf-40d5-b1de-525dd70ab6c0.png'", '"created_at'": '"2026-06-23T20:50:58.134Z'", '"created_by'": null, '"deleted_at'": null, '"updated_at'": '"2026-07-03T17:48:18.020Z'", '"updated_by'": 1, '"description'": '"1 Door & 2 Shelf'", '"sub_category_id'": 15}",2026-07-03 12:48:18.020629-05,,
862,1,UPDATE,product_variants,48,"{'"id'": 48, '"sku'": '"HT-W2130'", '"price'": '"374.10'", '"depth_in'": '"12.00'", '"width_in'": '"21.00'", '"finish_id'": 9, '"height_in'": '"30.00'", '"created_at'": '"2026-06-23T20:50:58.134Z'", '"created_by'": null, '"deleted_at'": null, '"product_id'": 14, '"updated_at'": '"2026-06-30T20:04:04.606Z'", '"updated_by'": null, '"stock_status'": '"in_stock'"}","{'"id'": 48, '"sku'": '"HT-W2130'", '"price'": '"374.10'", '"depth_in'": '"12.00'", '"width_in'": '"21.00'", '"finish_id'": 9, '"height_in'": '"30.00'", '"created_at'": '"2026-06-23T20:50:58.134Z'", '"created_by'": null, '"deleted_at'": null, '"product_id'": 14, '"updated_at'": '"2026-07-03T17:48:24.000Z'", '"updated_by'": 1, '"stock_status'": '"in_stock'"}",2026-07-03 12:48:24.000218-05,,
863,1,UPDATE,products,15,"{'"id'": 15, '"sku'": '"W2430'", '"name'": '"W2430'", '"image_url'": null, '"created_at'": '"2026-06-23T20:50:58.134Z'", '"created_by'": null, '"deleted_at'": null, '"updated_at'": '"2026-06-30T20:04:04.606Z'", '"updated_by'": null, '"description'": '"2 Door & 2 Shelf'", '"sub_category_id'": 15}","{'"id'": 15, '"sku'": '"W2430'", '"name'": '"W2430'", '"image_url'": '"/uploads/products/51d14d52-d51e-443e-add7-33a280d4fb00.png'", '"created_at'": '"2026-06-23T20:50:58.134Z'", '"created_by'": null, '"deleted_at'": null, '"updated_at'": '"2026-07-03T17:48:51.289Z'", '"updated_by'": 1, '"description'": '"2 Door & 2 Shelf'", '"sub_category_id'": 15}",2026-07-03 12:48:51.28913-05,,
864,1,UPDATE,product_variants,53,"{'"id'": 53, '"sku'": '"HT-W2430'", '"price'": '"448.00'", '"depth_in'": '"12.00'", '"width_in'": '"24.00'", '"finish_id'": 9, '"height_in'": '"30.00'", '"created_at'": '"2026-06-23T20:50:58.134Z'", '"created_by'": null, '"deleted_at'": null, '"product_id'": 15, '"updated_at'": '"2026-06-30T20:04:04.606Z'", '"updated_by'": null, '"stock_status'": '"in_stock'"}","{'"id'": 53, '"sku'": '"HT-W2430'", '"price'": '"448.00'", '"depth_in'": '"12.00'", '"width_in'": '"24.00'", '"finish_id'": 9, '"height_in'": '"30.00'", '"created_at'": '"2026-06-23T20:50:58.134Z'", '"created_by'": null, '"deleted_at'": null, '"product_id'": 15, '"updated_at'": '"2026-07-03T17:48:55.629Z'", '"updated_by'": 1, '"stock_status'": '"in_stock'"}",2026-07-03 12:48:55.62952-05,,
865,1,UPDATE,products,16,"{'"id'": 16, '"sku'": '"W2730'", '"name'": '"W2730'", '"image_url'": null, '"created_at'": '"2026-06-23T20:50:58.134Z'", '"created_by'": null, '"deleted_at'": null, '"updated_at'": '"2026-06-30T20:04:04.606Z'", '"updated_by'": null, '"description'": '"2 Door & 2 Shelf'", '"sub_category_id'": 15}","{'"id'": 16, '"sku'": '"W2730'", '"name'": '"W2730'", '"image_url'": '"/uploads/products/5b3836d6-64fe-49e1-a29e-da583383c73b.png'", '"created_at'": '"2026-06-23T20:50:58.134Z'", '"created_by'": null, '"deleted_at'": null, '"updated_at'": '"2026-07-03T17:49:04.460Z'", '"updated_by'": 1, '"description'": '"2 Door & 2 Shelf'", '"sub_category_id'": 15}",2026-07-03 12:49:04.460699-05,,
866,1,UPDATE,product_variants,58,"{'"id'": 58, '"sku'": '"HT-W2730'", '"price'": '"499.60'", '"depth_in'": '"12.00'", '"width_in'": '"27.00'", '"finish_id'": 9, '"height_in'": '"30.00'", '"created_at'": '"2026-06-23T20:50:58.134Z'", '"created_by'": null, '"deleted_at'": null, '"product_id'": 16, '"updated_at'": '"2026-06-30T20:04:04.606Z'", '"updated_by'": null, '"stock_status'": '"in_stock'"}","{'"id'": 58, '"sku'": '"HT-W2730'", '"price'": '"499.60'", '"depth_in'": '"12.00'", '"width_in'": '"27.00'", '"finish_id'": 9, '"height_in'": '"30.00'", '"created_at'": '"2026-06-23T20:50:58.134Z'", '"created_by'": null, '"deleted_at'": null, '"product_id'": 16, '"updated_at'": '"2026-07-03T17:49:09.346Z'", '"updated_by'": 1, '"stock_status'": '"in_stock'"}",2026-07-03 12:49:09.346893-05,,
867,1,UPDATE,products,17,"{'"id'": 17, '"sku'": '"W3030'", '"name'": '"W3030'", '"image_url'": null, '"created_at'": '"2026-06-23T20:50:58.134Z'", '"created_by'": null, '"deleted_at'": null, '"updated_at'": '"2026-06-30T20:04:04.606Z'", '"updated_by'": null, '"description'": '"2 Door & 2 Shelf'", '"sub_category_id'": 15}","{'"id'": 17, '"sku'": '"W3030'", '"name'": '"W3030'", '"image_url'": '"/uploads/products/714d279c-3ab9-46a5-8ef0-7556caf36d91.png'", '"created_at'": '"2026-06-23T20:50:58.134Z'", '"created_by'": null, '"deleted_at'": null, '"updated_at'": '"2026-07-03T17:49:18.005Z'", '"updated_by'": 1, '"description'": '"2 Door & 2 Shelf'", '"sub_category_id'": 15}",2026-07-03 12:49:18.005949-05,,
868,1,UPDATE,product_variants,63,"{'"id'": 63, '"sku'": '"HT-W3030'", '"price'": '"508.50'", '"depth_in'": '"12.00'", '"width_in'": '"30.00'", '"finish_id'": 9, '"height_in'": '"30.00'", '"created_at'": '"2026-06-23T20:50:58.134Z'", '"created_by'": null, '"deleted_at'": null, '"product_id'": 17, '"updated_at'": '"2026-06-30T20:04:04.606Z'", '"updated_by'": null, '"stock_status'": '"in_stock'"}","{'"id'": 63, '"sku'": '"HT-W3030'", '"price'": '"508.50'", '"depth_in'": '"12.00'", '"width_in'": '"30.00'", '"finish_id'": 9, '"height_in'": '"30.00'", '"created_at'": '"2026-06-23T20:50:58.134Z'", '"created_by'": null, '"deleted_at'": null, '"product_id'": 17, '"updated_at'": '"2026-07-03T17:49:23.435Z'", '"updated_by'": 1, '"stock_status'": '"in_stock'"}",2026-07-03 12:49:23.435386-05,,
869,1,UPDATE,products,18,"{'"id'": 18, '"sku'": '"W3330'", '"name'": '"W3330'", '"image_url'": null, '"created_at'": '"2026-06-23T20:50:58.134Z'", '"created_by'": null, '"deleted_at'": null, '"updated_at'": '"2026-06-30T20:04:04.606Z'", '"updated_by'": null, '"description'": '"2 Door & 2 Shelf'", '"sub_category_id'": 15}","{'"id'": 18, '"sku'": '"W3330'", '"name'": '"W3330'", '"image_url'": '"/uploads/products/a351e854-0846-4fd0-bb53-c73128271bb1.png'", '"created_at'": '"2026-06-23T20:50:58.134Z'", '"created_by'": null, '"deleted_at'": null, '"updated_at'": '"2026-07-03T17:49:35.830Z'", '"updated_by'": 1, '"description'": '"2 Door & 2 Shelf'", '"sub_category_id'": 15}",2026-07-03 12:49:35.830875-05,,
870,1,UPDATE,product_variants,68,"{'"id'": 68, '"sku'": '"HT-W3330'", '"price'": '"519.70'", '"depth_in'": '"12.00'", '"width_in'": '"33.00'", '"finish_id'": 9, '"height_in'": '"30.00'", '"created_at'": '"2026-06-23T20:50:58.134Z'", '"created_by'": null, '"deleted_at'": null, '"product_id'": 18, '"updated_at'": '"2026-06-30T20:04:04.606Z'", '"updated_by'": null, '"stock_status'": '"in_stock'"}","{'"id'": 68, '"sku'": '"HT-W3330'", '"price'": '"519.70'", '"depth_in'": '"12.00'", '"width_in'": '"33.00'", '"finish_id'": 9, '"height_in'": '"30.00'", '"created_at'": '"2026-06-23T20:50:58.134Z'", '"created_by'": null, '"deleted_at'": null, '"product_id'": 18, '"updated_at'": '"2026-07-03T17:49:40.975Z'", '"updated_by'": 1, '"stock_status'": '"in_stock'"}",2026-07-03 12:49:40.975886-05,,
871,1,UPDATE,products,19,"{'"id'": 19, '"sku'": '"W3630'", '"name'": '"W3630'", '"image_url'": null, '"created_at'": '"2026-06-23T20:50:58.134Z'", '"created_by'": null, '"deleted_at'": null, '"updated_at'": '"2026-06-30T20:04:04.606Z'", '"updated_by'": null, '"description'": '"2 Door & 2 Shelf'", '"sub_category_id'": 15}","{'"id'": 19, '"sku'": '"W3630'", '"name'": '"W3630'", '"image_url'": '"/uploads/products/177bdb3f-b1e2-41c0-a4aa-a8d3ed7a0941.png'", '"created_at'": '"2026-06-23T20:50:58.134Z'", '"created_by'": null, '"deleted_at'": null, '"updated_at'": '"2026-07-03T17:49:48.694Z'", '"updated_by'": 1, '"description'": '"2 Door & 2 Shelf'", '"sub_category_id'": 15}",2026-07-03 12:49:48.69462-05,,
872,1,UPDATE,product_variants,73,"{'"id'": 73, '"sku'": '"HT-W3630'", '"price'": '"564.50'", '"depth_in'": '"12.00'", '"width_in'": '"36.00'", '"finish_id'": 9, '"height_in'": '"30.00'", '"created_at'": '"2026-06-23T20:50:58.134Z'", '"created_by'": null, '"deleted_at'": null, '"product_id'": 19, '"updated_at'": '"2026-06-30T20:04:04.606Z'", '"updated_by'": null, '"stock_status'": '"in_stock'"}","{'"id'": 73, '"sku'": '"HT-W3630'", '"price'": '"564.50'", '"depth_in'": '"12.00'", '"width_in'": '"36.00'", '"finish_id'": 9, '"height_in'": '"30.00'", '"created_at'": '"2026-06-23T20:50:58.134Z'", '"created_by'": null, '"deleted_at'": null, '"product_id'": 19, '"updated_at'": '"2026-07-03T17:49:52.235Z'", '"updated_by'": 1, '"stock_status'": '"in_stock'"}",2026-07-03 12:49:52.235319-05,,
873,1,UPDATE,products,20,"{'"id'": 20, '"sku'": '"W3930'", '"name'": '"W3930'", '"image_url'": null, '"created_at'": '"2026-06-23T20:50:58.134Z'", '"created_by'": null, '"deleted_at'": null, '"updated_at'": '"2026-06-30T20:04:04.606Z'", '"updated_by'": null, '"description'": '"2 Door & 2 Shelf'", '"sub_category_id'": 15}","{'"id'": 20, '"sku'": '"W3930'", '"name'": '"W3930'", '"image_url'": '"/uploads/products/cb5573b5-2c27-45f7-b9ae-2ac22d375e36.png'", '"created_at'": '"2026-06-23T20:50:58.134Z'", '"created_by'": null, '"deleted_at'": null, '"updated_at'": '"2026-07-03T17:50:01.710Z'", '"updated_by'": 1, '"description'": '"2 Door & 2 Shelf'", '"sub_category_id'": 15}",2026-07-03 12:50:01.710683-05,,
874,1,UPDATE,product_variants,78,"{'"id'": 78, '"sku'": '"HT-W3930'", '"price'": '"645.20'", '"depth_in'": '"12.00'", '"width_in'": '"39.00'", '"finish_id'": 9, '"height_in'": '"30.00'", '"created_at'": '"2026-06-23T20:50:58.134Z'", '"created_by'": null, '"deleted_at'": null, '"product_id'": 20, '"updated_at'": '"2026-06-30T20:04:04.606Z'", '"updated_by'": null, '"stock_status'": '"in_stock'"}","{'"id'": 78, '"sku'": '"HT-W3930'", '"price'": '"645.20'", '"depth_in'": '"12.00'", '"width_in'": '"39.00'", '"finish_id'": 9, '"height_in'": '"30.00'", '"created_at'": '"2026-06-23T20:50:58.134Z'", '"created_by'": null, '"deleted_at'": null, '"product_id'": 20, '"updated_at'": '"2026-07-03T17:50:05.840Z'", '"updated_by'": 1, '"stock_status'": '"in_stock'"}",2026-07-03 12:50:05.840892-05,,
875,1,UPDATE,products,21,"{'"id'": 21, '"sku'": '"W4230'", '"name'": '"W4230'", '"image_url'": null, '"created_at'": '"2026-06-23T20:50:58.134Z'", '"created_by'": null, '"deleted_at'": null, '"updated_at'": '"2026-06-30T20:04:04.606Z'", '"updated_by'": null, '"description'": '"2 Door & 2 Shelf'", '"sub_category_id'": 15}","{'"id'": 21, '"sku'": '"W4230'", '"name'": '"W4230'", '"image_url'": '"/uploads/products/4dec71df-73f5-43ab-a3d2-be007e21f3ef.png'", '"created_at'": '"2026-06-23T20:50:58.134Z'", '"created_by'": null, '"deleted_at'": null, '"updated_at'": '"2026-07-03T17:50:15.004Z'", '"updated_by'": 1, '"description'": '"2 Door & 2 Shelf'", '"sub_category_id'": 15}",2026-07-03 12:50:15.004779-05,,
876,1,UPDATE,product_variants,83,"{'"id'": 83, '"sku'": '"HT-W4230'", '"price'": '"710.10'", '"depth_in'": '"12.00'", '"width_in'": '"42.00'", '"finish_id'": 9, '"height_in'": '"30.00'", '"created_at'": '"2026-06-23T20:50:58.134Z'", '"created_by'": null, '"deleted_at'": null, '"product_id'": 21, '"updated_at'": '"2026-06-30T20:04:04.606Z'", '"updated_by'": null, '"stock_status'": '"in_stock'"}","{'"id'": 83, '"sku'": '"HT-W4230'", '"price'": '"710.10'", '"depth_in'": '"12.00'", '"width_in'": '"42.00'", '"finish_id'": 9, '"height_in'": '"30.00'", '"created_at'": '"2026-06-23T20:50:58.134Z'", '"created_by'": null, '"deleted_at'": null, '"product_id'": 21, '"updated_at'": '"2026-07-03T17:50:18.958Z'", '"updated_by'": 1, '"stock_status'": '"in_stock'"}",2026-07-03 12:50:18.958583-05,,
877,1,UPDATE,products,22,"{'"id'": 22, '"sku'": '"W0936'", '"name'": '"W0936'", '"image_url'": null, '"created_at'": '"2026-06-23T20:50:58.134Z'", '"created_by'": null, '"deleted_at'": null, '"updated_at'": '"2026-06-30T20:04:04.606Z'", '"updated_by'": null, '"description'": '"1 Door & 2 Shelf'", '"sub_category_id'": 16}","{'"id'": 22, '"sku'": '"W0936'", '"name'": '"W0936'", '"image_url'": '"/uploads/products/025ccf9b-0b03-4100-9051-80d26ba8102d.png'", '"created_at'": '"2026-06-23T20:50:58.134Z'", '"created_by'": null, '"deleted_at'": null, '"updated_at'": '"2026-07-03T17:56:20.235Z'", '"updated_by'": 1, '"description'": '"1 Door & 2 Shelf'", '"sub_category_id'": 16}",2026-07-03 12:56:20.235924-05,,
878,1,UPDATE,product_variants,88,"{'"id'": 88, '"sku'": '"HT-W0936'", '"price'": '"289.00'", '"depth_in'": '"12.00'", '"width_in'": '"9.00'", '"finish_id'": 9, '"height_in'": '"36.00'", '"created_at'": '"2026-06-23T20:50:58.134Z'", '"created_by'": null, '"deleted_at'": null, '"product_id'": 22, '"updated_at'": '"2026-06-30T20:04:04.606Z'", '"updated_by'": null, '"stock_status'": '"in_stock'"}","{'"id'": 88, '"sku'": '"HT-W0936'", '"price'": '"289.00'", '"depth_in'": '"12.00'", '"width_in'": '"9.00'", '"finish_id'": 9, '"height_in'": '"36.00'", '"created_at'": '"2026-06-23T20:50:58.134Z'", '"created_by'": null, '"deleted_at'": null, '"product_id'": 22, '"updated_at'": '"2026-07-03T17:56:24.484Z'", '"updated_by'": 1, '"stock_status'": '"in_stock'"}",2026-07-03 12:56:24.484994-05,,
879,1,UPDATE,products,23,"{'"id'": 23, '"sku'": '"W1236'", '"name'": '"W1236'", '"image_url'": null, '"created_at'": '"2026-06-23T20:50:58.134Z'", '"created_by'": null, '"deleted_at'": null, '"updated_at'": '"2026-06-30T20:04:04.606Z'", '"updated_by'": null, '"description'": '"1 Door & 2 Shelf'", '"sub_category_id'": 16}","{'"id'": 23, '"sku'": '"W1236'", '"name'": '"W1236'", '"image_url'": '"/uploads/products/469debfe-78b9-428b-b106-99b4d155b421.png'", '"created_at'": '"2026-06-23T20:50:58.134Z'", '"created_by'": null, '"deleted_at'": null, '"updated_at'": '"2026-07-03T17:56:33.052Z'", '"updated_by'": 1, '"description'": '"1 Door & 2 Shelf'", '"sub_category_id'": 16}",2026-07-03 12:56:33.052925-05,,
880,1,UPDATE,product_variants,93,"{'"id'": 93, '"sku'": '"HT-W1236'", '"price'": '"333.80'", '"depth_in'": '"12.00'", '"width_in'": '"12.00'", '"finish_id'": 9, '"height_in'": '"36.00'", '"created_at'": '"2026-06-23T20:50:58.134Z'", '"created_by'": null, '"deleted_at'": null, '"product_id'": 23, '"updated_at'": '"2026-06-30T20:04:04.606Z'", '"updated_by'": null, '"stock_status'": '"in_stock'"}","{'"id'": 93, '"sku'": '"HT-W1236'", '"price'": '"333.80'", '"depth_in'": '"12.00'", '"width_in'": '"12.00'", '"finish_id'": 9, '"height_in'": '"36.00'", '"created_at'": '"2026-06-23T20:50:58.134Z'", '"created_by'": null, '"deleted_at'": null, '"product_id'": 23, '"updated_at'": '"2026-07-03T17:56:37.424Z'", '"updated_by'": 1, '"stock_status'": '"in_stock'"}",2026-07-03 12:56:37.424056-05,,
881,1,UPDATE,products,24,"{'"id'": 24, '"sku'": '"W1536'", '"name'": '"W1536'", '"image_url'": null, '"created_at'": '"2026-06-23T20:50:58.134Z'", '"created_by'": null, '"deleted_at'": null, '"updated_at'": '"2026-06-30T20:04:04.606Z'", '"updated_by'": null, '"description'": '"1 Door & 2 Shelf'", '"sub_category_id'": 16}","{'"id'": 24, '"sku'": '"W1536'", '"name'": '"W1536'", '"image_url'": '"/uploads/products/017b25d7-5a7b-4837-a713-743ef554b502.png'", '"created_at'": '"2026-06-23T20:50:58.134Z'", '"created_by'": null, '"deleted_at'": null, '"updated_at'": '"2026-07-03T17:56:46.853Z'", '"updated_by'": 1, '"description'": '"1 Door & 2 Shelf'", '"sub_category_id'": 16}",2026-07-03 12:56:46.853364-05,,
882,1,UPDATE,product_variants,98,"{'"id'": 98, '"sku'": '"HT-W1536'", '"price'": '"380.80'", '"depth_in'": '"12.00'", '"width_in'": '"15.00'", '"finish_id'": 9, '"height_in'": '"36.00'", '"created_at'": '"2026-06-23T20:50:58.134Z'", '"created_by'": null, '"deleted_at'": null, '"product_id'": 24, '"updated_at'": '"2026-06-30T20:04:04.606Z'", '"updated_by'": null, '"stock_status'": '"in_stock'"}","{'"id'": 98, '"sku'": '"HT-W1536'", '"price'": '"380.80'", '"depth_in'": '"12.00'", '"width_in'": '"15.00'", '"finish_id'": 9, '"height_in'": '"36.00'", '"created_at'": '"2026-06-23T20:50:58.134Z'", '"created_by'": null, '"deleted_at'": null, '"product_id'": 24, '"updated_at'": '"2026-07-03T17:56:50.808Z'", '"updated_by'": 1, '"stock_status'": '"in_stock'"}",2026-07-03 12:56:50.808754-05,,
883,1,UPDATE,products,25,"{'"id'": 25, '"sku'": '"W1836'", '"name'": '"W1836'", '"image_url'": null, '"created_at'": '"2026-06-23T20:50:58.134Z'", '"created_by'": null, '"deleted_at'": null, '"updated_at'": '"2026-06-30T20:04:04.606Z'", '"updated_by'": null, '"description'": '"1 Door & 2 Shelf'", '"sub_category_id'": 16}","{'"id'": 25, '"sku'": '"W1836'", '"name'": '"W1836'", '"image_url'": '"/uploads/products/54f99dfb-8cb7-4460-a17f-7b01e961ad07.png'", '"created_at'": '"2026-06-23T20:50:58.134Z'", '"created_by'": null, '"deleted_at'": null, '"updated_at'": '"2026-07-03T17:57:01.095Z'", '"updated_by'": 1, '"description'": '"1 Door & 2 Shelf'", '"sub_category_id'": 16}",2026-07-03 12:57:01.095271-05,,
884,1,UPDATE,product_variants,103,"{'"id'": 103, '"sku'": '"HT-W1836'", '"price'": '"425.60'", '"depth_in'": '"12.00'", '"width_in'": '"18.00'", '"finish_id'": 9, '"height_in'": '"36.00'", '"created_at'": '"2026-06-23T20:50:58.134Z'", '"created_by'": null, '"deleted_at'": null, '"product_id'": 25, '"updated_at'": '"2026-06-30T20:04:04.606Z'", '"updated_by'": null, '"stock_status'": '"in_stock'"}","{'"id'": 103, '"sku'": '"HT-W1836'", '"price'": '"425.60'", '"depth_in'": '"12.00'", '"width_in'": '"18.00'", '"finish_id'": 9, '"height_in'": '"36.00'", '"created_at'": '"2026-06-23T20:50:58.134Z'", '"created_by'": null, '"deleted_at'": null, '"product_id'": 25, '"updated_at'": '"2026-07-03T17:57:05.581Z'", '"updated_by'": 1, '"stock_status'": '"in_stock'"}",2026-07-03 12:57:05.58197-05,,
885,1,UPDATE,products,26,"{'"id'": 26, '"sku'": '"W2136'", '"name'": '"W2136'", '"image_url'": null, '"created_at'": '"2026-06-23T20:50:58.134Z'", '"created_by'": null, '"deleted_at'": null, '"updated_at'": '"2026-06-30T20:04:04.606Z'", '"updated_by'": null, '"description'": '"1 Door & 2 Shelf'", '"sub_category_id'": 16}","{'"id'": 26, '"sku'": '"W2136'", '"name'": '"W2136'", '"image_url'": '"/uploads/products/16820875-6721-4fa6-a1b0-d99453e87e77.png'", '"created_at'": '"2026-06-23T20:50:58.134Z'", '"created_by'": null, '"deleted_at'": null, '"updated_at'": '"2026-07-03T17:57:12.794Z'", '"updated_by'": 1, '"description'": '"1 Door & 2 Shelf'", '"sub_category_id'": 16}",2026-07-03 12:57:12.794167-05,,
886,1,UPDATE,product_variants,108,"{'"id'": 108, '"sku'": '"HT-W2136'", '"price'": '"470.40'", '"depth_in'": '"12.00'", '"width_in'": '"21.00'", '"finish_id'": 9, '"height_in'": '"36.00'", '"created_at'": '"2026-06-23T20:50:58.134Z'", '"created_by'": null, '"deleted_at'": null, '"product_id'": 26, '"updated_at'": '"2026-06-30T20:04:04.606Z'", '"updated_by'": null, '"stock_status'": '"in_stock'"}","{'"id'": 108, '"sku'": '"HT-W2136'", '"price'": '"470.40'", '"depth_in'": '"12.00'", '"width_in'": '"21.00'", '"finish_id'": 9, '"height_in'": '"36.00'", '"created_at'": '"2026-06-23T20:50:58.134Z'", '"created_by'": null, '"deleted_at'": null, '"product_id'": 26, '"updated_at'": '"2026-07-03T17:57:18.596Z'", '"updated_by'": 1, '"stock_status'": '"in_stock'"}",2026-07-03 12:57:18.596367-05,,
887,1,UPDATE,products,27,"{'"id'": 27, '"sku'": '"W2436'", '"name'": '"W2436'", '"image_url'": null, '"created_at'": '"2026-06-23T20:50:58.134Z'", '"created_by'": null, '"deleted_at'": null, '"updated_at'": '"2026-06-30T20:04:04.606Z'", '"updated_by'": null, '"description'": '"2 Door & 2 Shelf'", '"sub_category_id'": 16}","{'"id'": 27, '"sku'": '"W2436'", '"name'": '"W2436'", '"image_url'": '"/uploads/products/3883f1aa-744e-4e9a-b859-effd588f0c63.png'", '"created_at'": '"2026-06-23T20:50:58.134Z'", '"created_by'": null, '"deleted_at'": null, '"updated_at'": '"2026-07-03T17:57:27.590Z'", '"updated_by'": 1, '"description'": '"2 Door & 2 Shelf'", '"sub_category_id'": 16}",2026-07-03 12:57:27.590245-05,,
888,1,UPDATE,product_variants,113,"{'"id'": 113, '"sku'": '"HT-W2436'", '"price'": '"486.10'", '"depth_in'": '"12.00'", '"width_in'": '"24.00'", '"finish_id'": 9, '"height_in'": '"36.00'", '"created_at'": '"2026-06-23T20:50:58.134Z'", '"created_by'": null, '"deleted_at'": null, '"product_id'": 27, '"updated_at'": '"2026-06-30T20:04:04.606Z'", '"updated_by'": null, '"stock_status'": '"in_stock'"}","{'"id'": 113, '"sku'": '"HT-W2436'", '"price'": '"486.10'", '"depth_in'": '"12.00'", '"width_in'": '"24.00'", '"finish_id'": 9, '"height_in'": '"36.00'", '"created_at'": '"2026-06-23T20:50:58.134Z'", '"created_by'": null, '"deleted_at'": null, '"product_id'": 27, '"updated_at'": '"2026-07-03T17:57:32.664Z'", '"updated_by'": 1, '"stock_status'": '"in_stock'"}",2026-07-03 12:57:32.664961-05,,
889,1,UPDATE,products,28,"{'"id'": 28, '"sku'": '"W2736'", '"name'": '"W2736'", '"image_url'": null, '"created_at'": '"2026-06-23T20:50:58.134Z'", '"created_by'": null, '"deleted_at'": null, '"updated_at'": '"2026-06-30T20:04:04.606Z'", '"updated_by'": null, '"description'": '"2 Door & 2 Shelf'", '"sub_category_id'": 16}","{'"id'": 28, '"sku'": '"W2736'", '"name'": '"W2736'", '"image_url'": '"/uploads/products/40a997f9-2193-476e-9214-1af6483d5507.png'", '"created_at'": '"2026-06-23T20:50:58.134Z'", '"created_by'": null, '"deleted_at'": null, '"updated_at'": '"2026-07-03T17:57:41.420Z'", '"updated_by'": 1, '"description'": '"2 Door & 2 Shelf'", '"sub_category_id'": 16}",2026-07-03 12:57:41.420528-05,,
890,1,UPDATE,product_variants,118,"{'"id'": 118, '"sku'": '"HT-W2736'", '"price'": '"542.10'", '"depth_in'": '"12.00'", '"width_in'": '"27.00'", '"finish_id'": 9, '"height_in'": '"36.00'", '"created_at'": '"2026-06-23T20:50:58.134Z'", '"created_by'": null, '"deleted_at'": null, '"product_id'": 28, '"updated_at'": '"2026-06-30T20:04:04.606Z'", '"updated_by'": null, '"stock_status'": '"in_stock'"}","{'"id'": 118, '"sku'": '"HT-W2736'", '"price'": '"542.10'", '"depth_in'": '"12.00'", '"width_in'": '"27.00'", '"finish_id'": 9, '"height_in'": '"36.00'", '"created_at'": '"2026-06-23T20:50:58.134Z'", '"created_by'": null, '"deleted_at'": null, '"product_id'": 28, '"updated_at'": '"2026-07-03T17:57:47.229Z'", '"updated_by'": 1, '"stock_status'": '"in_stock'"}",2026-07-03 12:57:47.229103-05,,
891,1,UPDATE,products,29,"{'"id'": 29, '"sku'": '"W3036'", '"name'": '"W3036'", '"image_url'": null, '"created_at'": '"2026-06-23T20:50:58.134Z'", '"created_by'": null, '"deleted_at'": null, '"updated_at'": '"2026-06-30T20:04:04.606Z'", '"updated_by'": null, '"description'": '"2 Door & 2 Shelf'", '"sub_category_id'": 16}","{'"id'": 29, '"sku'": '"W3036'", '"name'": '"W3036'", '"image_url'": '"/uploads/products/edec71ff-5842-4929-8f14-92a5595c45cf.png'", '"created_at'": '"2026-06-23T20:50:58.134Z'", '"created_by'": null, '"deleted_at'": null, '"updated_at'": '"2026-07-03T17:57:53.884Z'", '"updated_by'": 1, '"description'": '"2 Door & 2 Shelf'", '"sub_category_id'": 16}",2026-07-03 12:57:53.884819-05,,
892,1,UPDATE,product_variants,123,"{'"id'": 123, '"sku'": '"HT-W3036'", '"price'": '"602.60'", '"depth_in'": '"12.00'", '"width_in'": '"30.00'", '"finish_id'": 9, '"height_in'": '"36.00'", '"created_at'": '"2026-06-23T20:50:58.134Z'", '"created_by'": null, '"deleted_at'": null, '"product_id'": 29, '"updated_at'": '"2026-06-30T20:04:04.606Z'", '"updated_by'": null, '"stock_status'": '"in_stock'"}","{'"id'": 123, '"sku'": '"HT-W3036'", '"price'": '"602.60'", '"depth_in'": '"12.00'", '"width_in'": '"30.00'", '"finish_id'": 9, '"height_in'": '"36.00'", '"created_at'": '"2026-06-23T20:50:58.134Z'", '"created_by'": null, '"deleted_at'": null, '"product_id'": 29, '"updated_at'": '"2026-07-03T17:57:58.091Z'", '"updated_by'": 1, '"stock_status'": '"in_stock'"}",2026-07-03 12:57:58.091731-05,,
893,1,UPDATE,products,30,"{'"id'": 30, '"sku'": '"W3336'", '"name'": '"W3336'", '"image_url'": null, '"created_at'": '"2026-06-23T20:50:58.134Z'", '"created_by'": null, '"deleted_at'": null, '"updated_at'": '"2026-06-30T20:04:04.606Z'", '"updated_by'": null, '"description'": '"2 Door & 2 Shelf'", '"sub_category_id'": 16}","{'"id'": 30, '"sku'": '"W3336'", '"name'": '"W3336'", '"image_url'": '"/uploads/products/3f01e899-dbe8-4eb8-befe-e0fa3e2e26f9.png'", '"created_at'": '"2026-06-23T20:50:58.134Z'", '"created_by'": null, '"deleted_at'": null, '"updated_at'": '"2026-07-03T17:58:10.092Z'", '"updated_by'": 1, '"description'": '"2 Door & 2 Shelf'", '"sub_category_id'": 16}",2026-07-03 12:58:10.092248-05,,
894,1,UPDATE,product_variants,128,"{'"id'": 128, '"sku'": '"HT-W3336'", '"price'": '"631.70'", '"depth_in'": '"12.00'", '"width_in'": '"33.00'", '"finish_id'": 9, '"height_in'": '"36.00'", '"created_at'": '"2026-06-23T20:50:58.134Z'", '"created_by'": null, '"deleted_at'": null, '"product_id'": 30, '"updated_at'": '"2026-06-30T20:04:04.606Z'", '"updated_by'": null, '"stock_status'": '"in_stock'"}","{'"id'": 128, '"sku'": '"HT-W3336'", '"price'": '"631.70'", '"depth_in'": '"12.00'", '"width_in'": '"33.00'", '"finish_id'": 9, '"height_in'": '"36.00'", '"created_at'": '"2026-06-23T20:50:58.134Z'", '"created_by'": null, '"deleted_at'": null, '"product_id'": 30, '"updated_at'": '"2026-07-03T17:58:14.240Z'", '"updated_by'": 1, '"stock_status'": '"in_stock'"}",2026-07-03 12:58:14.24078-05,,
895,1,UPDATE,products,31,"{'"id'": 31, '"sku'": '"W3636'", '"name'": '"W3636'", '"image_url'": null, '"created_at'": '"2026-06-23T20:50:58.134Z'", '"created_by'": null, '"deleted_at'": null, '"updated_at'": '"2026-06-30T20:04:04.606Z'", '"updated_by'": null, '"description'": '"2 Door & 2 Shelf'", '"sub_category_id'": 16}","{'"id'": 31, '"sku'": '"W3636'", '"name'": '"W3636'", '"image_url'": '"/uploads/products/dc743162-c40c-45ac-9572-38ce6597d13c.png'", '"created_at'": '"2026-06-23T20:50:58.134Z'", '"created_by'": null, '"deleted_at'": null, '"updated_at'": '"2026-07-03T17:58:25.441Z'", '"updated_by'": 1, '"description'": '"2 Door & 2 Shelf'", '"sub_category_id'": 16}",2026-07-03 12:58:25.441677-05,,
896,1,UPDATE,product_variants,133,"{'"id'": 133, '"sku'": '"HT-W3636'", '"price'": '"672.00'", '"depth_in'": '"12.00'", '"width_in'": '"36.00'", '"finish_id'": 9, '"height_in'": '"36.00'", '"created_at'": '"2026-06-23T20:50:58.134Z'", '"created_by'": null, '"deleted_at'": null, '"product_id'": 31, '"updated_at'": '"2026-06-30T20:04:04.606Z'", '"updated_by'": null, '"stock_status'": '"in_stock'"}","{'"id'": 133, '"sku'": '"HT-W3636'", '"price'": '"672.00'", '"depth_in'": '"12.00'", '"width_in'": '"36.00'", '"finish_id'": 9, '"height_in'": '"36.00'", '"created_at'": '"2026-06-23T20:50:58.134Z'", '"created_by'": null, '"deleted_at'": null, '"product_id'": 31, '"updated_at'": '"2026-07-03T17:58:29.761Z'", '"updated_by'": 1, '"stock_status'": '"in_stock'"}",2026-07-03 12:58:29.761826-05,,
897,1,UPDATE,products,32,"{'"id'": 32, '"sku'": '"W3936'", '"name'": '"W3936'", '"image_url'": null, '"created_at'": '"2026-06-23T20:50:58.134Z'", '"created_by'": null, '"deleted_at'": null, '"updated_at'": '"2026-06-30T20:04:04.606Z'", '"updated_by'": null, '"description'": '"2 Door & 2 Shelf'", '"sub_category_id'": 16}","{'"id'": 32, '"sku'": '"W3936'", '"name'": '"W3936'", '"image_url'": '"/uploads/products/8a24cd5e-e84b-4c8e-af4e-96539ff677b1.png'", '"created_at'": '"2026-06-23T20:50:58.134Z'", '"created_by'": null, '"deleted_at'": null, '"updated_at'": '"2026-07-03T17:58:37.807Z'", '"updated_by'": 1, '"description'": '"2 Door & 2 Shelf'", '"sub_category_id'": 16}",2026-07-03 12:58:37.807511-05,,
898,1,UPDATE,product_variants,138,"{'"id'": 138, '"sku'": '"HT-W3936'", '"price'": '"698.90'", '"depth_in'": '"12.00'", '"width_in'": '"39.00'", '"finish_id'": 9, '"height_in'": '"36.00'", '"created_at'": '"2026-06-23T20:50:58.134Z'", '"created_by'": null, '"deleted_at'": null, '"product_id'": 32, '"updated_at'": '"2026-06-30T20:04:04.606Z'", '"updated_by'": null, '"stock_status'": '"in_stock'"}","{'"id'": 138, '"sku'": '"HT-W3936'", '"price'": '"698.90'", '"depth_in'": '"12.00'", '"width_in'": '"39.00'", '"finish_id'": 9, '"height_in'": '"36.00'", '"created_at'": '"2026-06-23T20:50:58.134Z'", '"created_by'": null, '"deleted_at'": null, '"product_id'": 32, '"updated_at'": '"2026-07-03T17:58:41.767Z'", '"updated_by'": 1, '"stock_status'": '"in_stock'"}",2026-07-03 12:58:41.767206-05,,
899,1,UPDATE,products,33,"{'"id'": 33, '"sku'": '"W4236'", '"name'": '"W4236'", '"image_url'": null, '"created_at'": '"2026-06-23T20:50:58.134Z'", '"created_by'": null, '"deleted_at'": null, '"updated_at'": '"2026-06-30T20:04:04.606Z'", '"updated_by'": null, '"description'": '"2 Door & 2 Shelf'", '"sub_category_id'": 16}","{'"id'": 33, '"sku'": '"W4236'", '"name'": '"W4236'", '"image_url'": '"/uploads/products/18ae2f64-130a-424d-a2ce-834199be2af8.png'", '"created_at'": '"2026-06-23T20:50:58.134Z'", '"created_by'": null, '"deleted_at'": null, '"updated_at'": '"2026-07-03T17:58:48.777Z'", '"updated_by'": 1, '"description'": '"2 Door & 2 Shelf'", '"sub_category_id'": 16}",2026-07-03 12:58:48.777731-05,,
900,1,UPDATE,product_variants,143,"{'"id'": 143, '"sku'": '"HT-W4236'", '"price'": '"768.40'", '"depth_in'": '"12.00'", '"width_in'": '"42.00'", '"finish_id'": 9, '"height_in'": '"36.00'", '"created_at'": '"2026-06-23T20:50:58.134Z'", '"created_by'": null, '"deleted_at'": null, '"product_id'": 33, '"updated_at'": '"2026-06-30T20:04:04.606Z'", '"updated_by'": null, '"stock_status'": '"in_stock'"}","{'"id'": 143, '"sku'": '"HT-W4236'", '"price'": '"768.40'", '"depth_in'": '"12.00'", '"width_in'": '"42.00'", '"finish_id'": 9, '"height_in'": '"36.00'", '"created_at'": '"2026-06-23T20:50:58.134Z'", '"created_by'": null, '"deleted_at'": null, '"product_id'": 33, '"updated_at'": '"2026-07-03T17:58:53.049Z'", '"updated_by'": 1, '"stock_status'": '"in_stock'"}",2026-07-03 12:58:53.04902-05,,
901,1,UPDATE,product_variants,143,"{'"id'": 143, '"sku'": '"HT-W4236'", '"price'": '"768.40'", '"depth_in'": '"12.00'", '"width_in'": '"42.00'", '"finish_id'": 9, '"height_in'": '"36.00'", '"created_at'": '"2026-06-23T20:50:58.134Z'", '"created_by'": null, '"deleted_at'": null, '"product_id'": 33, '"updated_at'": '"2026-07-03T17:58:53.049Z'", '"updated_by'": 1, '"stock_status'": '"in_stock'"}","{'"id'": 143, '"sku'": '"HT-W4236'", '"price'": '"768.40'", '"depth_in'": '"12.00'", '"width_in'": '"42.00'", '"finish_id'": 9, '"height_in'": '"36.00'", '"created_at'": '"2026-06-23T20:50:58.134Z'", '"created_by'": null, '"deleted_at'": null, '"product_id'": 33, '"updated_at'": '"2026-07-03T17:58:54.124Z'", '"updated_by'": 1, '"stock_status'": '"in_stock'"}",2026-07-03 12:58:54.124673-05,,
902,1,UPDATE,products,29,"{'"id'": 29, '"sku'": '"W3036'", '"name'": '"W3036'", '"image_url'": '"/uploads/products/edec71ff-5842-4929-8f14-92a5595c45cf.png'", '"created_at'": '"2026-06-23T20:50:58.134Z'", '"created_by'": null, '"deleted_at'": null, '"updated_at'": '"2026-07-03T17:57:53.884Z'", '"updated_by'": 1, '"description'": '"2 Door & 2 Shelf'", '"sub_category_id'": 16}","{'"id'": 29, '"sku'": '"W3036'", '"name'": '"W3036'", '"image_url'": '"/uploads/products/60fecd72-d066-40cd-8148-523f33d5781e.png'", '"created_at'": '"2026-06-23T20:50:58.134Z'", '"created_by'": null, '"deleted_at'": null, '"updated_at'": '"2026-07-03T17:59:08.728Z'", '"updated_by'": 1, '"description'": '"2 Door & 2 Shelf'", '"sub_category_id'": 16}",2026-07-03 12:59:08.728351-05,,
903,1,UPDATE,product_variants,123,"{'"id'": 123, '"sku'": '"HT-W3036'", '"price'": '"602.60'", '"depth_in'": '"12.00'", '"width_in'": '"30.00'", '"finish_id'": 9, '"height_in'": '"36.00'", '"created_at'": '"2026-06-23T20:50:58.134Z'", '"created_by'": null, '"deleted_at'": null, '"product_id'": 29, '"updated_at'": '"2026-07-03T17:57:58.091Z'", '"updated_by'": 1, '"stock_status'": '"in_stock'"}","{'"id'": 123, '"sku'": '"HT-W3036'", '"price'": '"602.60'", '"depth_in'": '"12.00'", '"width_in'": '"30.00'", '"finish_id'": 9, '"height_in'": '"36.00'", '"created_at'": '"2026-06-23T20:50:58.134Z'", '"created_by'": null, '"deleted_at'": null, '"product_id'": 29, '"updated_at'": '"2026-07-03T17:59:18.057Z'", '"updated_by'": 1, '"stock_status'": '"in_stock'"}",2026-07-03 12:59:18.057893-05,,
904,1,UPDATE,products,91,"{'"id'": 91, '"sku'": '"B18TR'", '"name'": '"B18TR'", '"image_url'": null, '"created_at'": '"2026-06-26T16:20:52.969Z'", '"created_by'": null, '"deleted_at'": null, '"updated_at'": '"2026-07-02T22:35:03.928Z'", '"updated_by'": 1, '"description'": '"Trash Pull Out(incl. 2 Basket) w/1 Drawer'", '"sub_category_id'": 13}","{'"id'": 91, '"sku'": '"B18TR'", '"name'": '"B18TR'", '"image_url'": '"/uploads/products/bb70757f-f7ad-4cfc-a42f-1d6ea73aeddd.png'", '"created_at'": '"2026-06-26T16:20:52.969Z'", '"created_by'": null, '"deleted_at'": null, '"updated_at'": '"2026-07-03T18:01:15.861Z'", '"updated_by'": 1, '"description'": '"Trash Pull Out(incl. 2 Basket) w/1 Drawer'", '"sub_category_id'": 13}",2026-07-03 13:01:15.861949-05,,
905,1,UPDATE,product_variants,820,"{'"id'": 820, '"sku'": '"HT-B18TR'", '"price'": '"573.50'", '"depth_in'": '"24.00'", '"width_in'": '"18.00'", '"finish_id'": 9, '"height_in'": '"34.50'", '"created_at'": '"2026-06-26T16:20:52.969Z'", '"created_by'": null, '"deleted_at'": null, '"product_id'": 91, '"updated_at'": '"2026-06-30T20:04:04.606Z'", '"updated_by'": null, '"stock_status'": '"in_stock'"}","{'"id'": 820, '"sku'": '"HT-B18TR'", '"price'": '"573.50'", '"depth_in'": '"24.00'", '"width_in'": '"18.00'", '"finish_id'": 9, '"height_in'": '"34.50'", '"created_at'": '"2026-06-26T16:20:52.969Z'", '"created_by'": null, '"deleted_at'": null, '"product_id'": 91, '"updated_at'": '"2026-07-03T18:01:20.202Z'", '"updated_by'": 1, '"stock_status'": '"in_stock'"}",2026-07-03 13:01:20.202576-05,,
906,1,UPDATE,product_variants,820,"{'"id'": 820, '"sku'": '"HT-B18TR'", '"price'": '"573.50'", '"depth_in'": '"24.00'", '"width_in'": '"18.00'", '"finish_id'": 9, '"height_in'": '"34.50'", '"created_at'": '"2026-06-26T16:20:52.969Z'", '"created_by'": null, '"deleted_at'": null, '"product_id'": 91, '"updated_at'": '"2026-07-03T18:01:20.202Z'", '"updated_by'": 1, '"stock_status'": '"in_stock'"}","{'"id'": 820, '"sku'": '"HT-B18TR'", '"price'": '"573.50'", '"depth_in'": '"24.00'", '"width_in'": '"18.00'", '"finish_id'": 9, '"height_in'": '"34.50'", '"created_at'": '"2026-06-26T16:20:52.969Z'", '"created_by'": null, '"deleted_at'": null, '"product_id'": 91, '"updated_at'": '"2026-07-03T18:01:23.056Z'", '"updated_by'": 1, '"stock_status'": '"in_stock'"}",2026-07-03 13:01:23.056355-05,,
907,1,UPDATE,products,34,"{'"id'": 34, '"sku'": '"W0942'", '"name'": '"W0942'", '"image_url'": null, '"created_at'": '"2026-06-23T20:50:58.134Z'", '"created_by'": null, '"deleted_at'": null, '"updated_at'": '"2026-06-30T20:04:04.606Z'", '"updated_by'": null, '"description'": '"1 Door & 3 Shelf'", '"sub_category_id'": 17}","{'"id'": 34, '"sku'": '"W0942'", '"name'": '"W0942'", '"image_url'": '"/uploads/products/cae67056-22db-49be-9623-2e98f6f20dd5.png'", '"created_at'": '"2026-06-23T20:50:58.134Z'", '"created_by'": null, '"deleted_at'": null, '"updated_at'": '"2026-07-03T18:13:42.706Z'", '"updated_by'": 1, '"description'": '"1 Door & 3 Shelf'", '"sub_category_id'": 17}",2026-07-03 13:13:42.706348-05,,
908,1,UPDATE,product_variants,148,"{'"id'": 148, '"sku'": '"HT-W0942'", '"price'": '"318.10'", '"depth_in'": '"12.00'", '"width_in'": '"9.00'", '"finish_id'": 9, '"height_in'": '"42.00'", '"created_at'": '"2026-06-23T20:50:58.134Z'", '"created_by'": null, '"deleted_at'": null, '"product_id'": 34, '"updated_at'": '"2026-06-30T20:04:04.606Z'", '"updated_by'": null, '"stock_status'": '"in_stock'"}","{'"id'": 148, '"sku'": '"HT-W0942'", '"price'": '"318.10'", '"depth_in'": '"12.00'", '"width_in'": '"9.00'", '"finish_id'": 9, '"height_in'": '"42.00'", '"created_at'": '"2026-06-23T20:50:58.134Z'", '"created_by'": null, '"deleted_at'": null, '"product_id'": 34, '"updated_at'": '"2026-07-03T18:13:46.746Z'", '"updated_by'": 1, '"stock_status'": '"in_stock'"}",2026-07-03 13:13:46.74667-05,,
909,1,UPDATE,products,35,"{'"id'": 35, '"sku'": '"W1242'", '"name'": '"W1242'", '"image_url'": null, '"created_at'": '"2026-06-23T20:50:58.134Z'", '"created_by'": null, '"deleted_at'": null, '"updated_at'": '"2026-06-30T20:04:04.606Z'", '"updated_by'": null, '"description'": '"1 Door & 3 Shelf'", '"sub_category_id'": 17}","{'"id'": 35, '"sku'": '"W1242'", '"name'": '"W1242'", '"image_url'": '"/uploads/products/5ca1740b-99cf-40ce-a6ed-6313a1a7b2eb.png'", '"created_at'": '"2026-06-23T20:50:58.134Z'", '"created_by'": null, '"deleted_at'": null, '"updated_at'": '"2026-07-03T18:13:54.303Z'", '"updated_by'": 1, '"description'": '"1 Door & 3 Shelf'", '"sub_category_id'": 17}",2026-07-03 13:13:54.303581-05,,
910,1,UPDATE,product_variants,153,"{'"id'": 153, '"sku'": '"HT-W1242'", '"price'": '"367.40'", '"depth_in'": '"12.00'", '"width_in'": '"12.00'", '"finish_id'": 9, '"height_in'": '"42.00'", '"created_at'": '"2026-06-23T20:50:58.134Z'", '"created_by'": null, '"deleted_at'": null, '"product_id'": 35, '"updated_at'": '"2026-06-30T20:04:04.606Z'", '"updated_by'": null, '"stock_status'": '"in_stock'"}","{'"id'": 153, '"sku'": '"HT-W1242'", '"price'": '"367.40'", '"depth_in'": '"12.00'", '"width_in'": '"12.00'", '"finish_id'": 9, '"height_in'": '"42.00'", '"created_at'": '"2026-06-23T20:50:58.134Z'", '"created_by'": null, '"deleted_at'": null, '"product_id'": 35, '"updated_at'": '"2026-07-03T18:13:58.422Z'", '"updated_by'": 1, '"stock_status'": '"in_stock'"}",2026-07-03 13:13:58.422913-05,,
911,1,UPDATE,products,36,"{'"id'": 36, '"sku'": '"W1542'", '"name'": '"W1542'", '"image_url'": null, '"created_at'": '"2026-06-23T20:50:58.134Z'", '"created_by'": null, '"deleted_at'": null, '"updated_at'": '"2026-06-30T20:04:04.606Z'", '"updated_by'": null, '"description'": '"1 Door & 3 Shelf'", '"sub_category_id'": 17}","{'"id'": 36, '"sku'": '"W1542'", '"name'": '"W1542'", '"image_url'": '"/uploads/products/cd4cc887-89da-42e2-8b4a-d0bdc5f21fa6.png'", '"created_at'": '"2026-06-23T20:50:58.134Z'", '"created_by'": null, '"deleted_at'": null, '"updated_at'": '"2026-07-03T18:14:06.271Z'", '"updated_by'": 1, '"description'": '"1 Door & 3 Shelf'", '"sub_category_id'": 17}",2026-07-03 13:14:06.27124-05,,
912,1,UPDATE,product_variants,158,"{'"id'": 158, '"sku'": '"HT-W1542'", '"price'": '"418.90'", '"depth_in'": '"12.00'", '"width_in'": '"15.00'", '"finish_id'": 9, '"height_in'": '"42.00'", '"created_at'": '"2026-06-23T20:50:58.134Z'", '"created_by'": null, '"deleted_at'": null, '"product_id'": 36, '"updated_at'": '"2026-06-30T20:04:04.606Z'", '"updated_by'": null, '"stock_status'": '"in_stock'"}","{'"id'": 158, '"sku'": '"HT-W1542'", '"price'": '"418.90'", '"depth_in'": '"12.00'", '"width_in'": '"15.00'", '"finish_id'": 9, '"height_in'": '"42.00'", '"created_at'": '"2026-06-23T20:50:58.134Z'", '"created_by'": null, '"deleted_at'": null, '"product_id'": 36, '"updated_at'": '"2026-07-03T18:14:10.069Z'", '"updated_by'": 1, '"stock_status'": '"in_stock'"}",2026-07-03 13:14:10.069884-05,,
913,1,UPDATE,products,37,"{'"id'": 37, '"sku'": '"W1842'", '"name'": '"W1842'", '"image_url'": null, '"created_at'": '"2026-06-23T20:50:58.134Z'", '"created_by'": null, '"deleted_at'": null, '"updated_at'": '"2026-06-30T20:04:04.606Z'", '"updated_by'": null, '"description'": '"1 Door & 3 Shelf'", '"sub_category_id'": 17}","{'"id'": 37, '"sku'": '"W1842'", '"name'": '"W1842'", '"image_url'": '"/uploads/products/29152377-3b13-4d0b-b9a9-4652ea0f87c5.png'", '"created_at'": '"2026-06-23T20:50:58.134Z'", '"created_by'": null, '"deleted_at'": null, '"updated_at'": '"2026-07-03T18:14:17.206Z'", '"updated_by'": 1, '"description'": '"1 Door & 3 Shelf'", '"sub_category_id'": 17}",2026-07-03 13:14:17.206673-05,,
914,1,UPDATE,product_variants,163,"{'"id'": 163, '"sku'": '"HT-W1842'", '"price'": '"468.20'", '"depth_in'": '"12.00'", '"width_in'": '"18.00'", '"finish_id'": 9, '"height_in'": '"42.00'", '"created_at'": '"2026-06-23T20:50:58.134Z'", '"created_by'": null, '"deleted_at'": null, '"product_id'": 37, '"updated_at'": '"2026-06-30T20:04:04.606Z'", '"updated_by'": null, '"stock_status'": '"in_stock'"}","{'"id'": 163, '"sku'": '"HT-W1842'", '"price'": '"468.20'", '"depth_in'": '"12.00'", '"width_in'": '"18.00'", '"finish_id'": 9, '"height_in'": '"42.00'", '"created_at'": '"2026-06-23T20:50:58.134Z'", '"created_by'": null, '"deleted_at'": null, '"product_id'": 37, '"updated_at'": '"2026-07-03T18:14:20.995Z'", '"updated_by'": 1, '"stock_status'": '"in_stock'"}",2026-07-03 13:14:20.995649-05,,
915,1,UPDATE,product_variants,163,"{'"id'": 163, '"sku'": '"HT-W1842'", '"price'": '"468.20'", '"depth_in'": '"12.00'", '"width_in'": '"18.00'", '"finish_id'": 9, '"height_in'": '"42.00'", '"created_at'": '"2026-06-23T20:50:58.134Z'", '"created_by'": null, '"deleted_at'": null, '"product_id'": 37, '"updated_at'": '"2026-07-03T18:14:20.995Z'", '"updated_by'": 1, '"stock_status'": '"in_stock'"}","{'"id'": 163, '"sku'": '"HT-W1842'", '"price'": '"468.20'", '"depth_in'": '"12.00'", '"width_in'": '"18.00'", '"finish_id'": 9, '"height_in'": '"42.00'", '"created_at'": '"2026-06-23T20:50:58.134Z'", '"created_by'": null, '"deleted_at'": null, '"product_id'": 37, '"updated_at'": '"2026-07-03T18:14:22.437Z'", '"updated_by'": 1, '"stock_status'": '"in_stock'"}",2026-07-03 13:14:22.437958-05,,
916,1,UPDATE,products,38,"{'"id'": 38, '"sku'": '"W2142'", '"name'": '"W2142'", '"image_url'": null, '"created_at'": '"2026-06-23T20:50:58.134Z'", '"created_by'": null, '"deleted_at'": null, '"updated_at'": '"2026-06-30T20:04:04.606Z'", '"updated_by'": null, '"description'": '"1 Door & 3 Shelf'", '"sub_category_id'": 17}","{'"id'": 38, '"sku'": '"W2142'", '"name'": '"W2142'", '"image_url'": '"/uploads/products/28b20418-2833-4525-811b-90c388bb02e8.png'", '"created_at'": '"2026-06-23T20:50:58.134Z'", '"created_by'": null, '"deleted_at'": null, '"updated_at'": '"2026-07-03T18:14:30.936Z'", '"updated_by'": 1, '"description'": '"1 Door & 3 Shelf'", '"sub_category_id'": 17}",2026-07-03 13:14:30.936922-05,,
917,1,UPDATE,product_variants,168,"{'"id'": 168, '"sku'": '"HT-W2142'", '"price'": '"519.70'", '"depth_in'": '"12.00'", '"width_in'": '"21.00'", '"finish_id'": 9, '"height_in'": '"42.00'", '"created_at'": '"2026-06-23T20:50:58.134Z'", '"created_by'": null, '"deleted_at'": null, '"product_id'": 38, '"updated_at'": '"2026-06-30T20:04:04.606Z'", '"updated_by'": null, '"stock_status'": '"in_stock'"}","{'"id'": 168, '"sku'": '"HT-W2142'", '"price'": '"519.70'", '"depth_in'": '"12.00'", '"width_in'": '"21.00'", '"finish_id'": 9, '"height_in'": '"42.00'", '"created_at'": '"2026-06-23T20:50:58.134Z'", '"created_by'": null, '"deleted_at'": null, '"product_id'": 38, '"updated_at'": '"2026-07-03T18:14:35.187Z'", '"updated_by'": 1, '"stock_status'": '"in_stock'"}",2026-07-03 13:14:35.187056-05,,
918,1,UPDATE,products,39,"{'"id'": 39, '"sku'": '"W2442'", '"name'": '"W2442'", '"image_url'": null, '"created_at'": '"2026-06-23T20:50:58.134Z'", '"created_by'": null, '"deleted_at'": null, '"updated_at'": '"2026-06-30T20:04:04.606Z'", '"updated_by'": null, '"description'": '"2 Door & 3 Shelf'", '"sub_category_id'": 17}","{'"id'": 39, '"sku'": '"W2442'", '"name'": '"W2442'", '"image_url'": '"/uploads/products/1cda4ea4-3d4c-489f-a374-445004ce9409.png'", '"created_at'": '"2026-06-23T20:50:58.134Z'", '"created_by'": null, '"deleted_at'": null, '"updated_at'": '"2026-07-03T18:14:42.422Z'", '"updated_by'": 1, '"description'": '"2 Door & 3 Shelf'", '"sub_category_id'": 17}",2026-07-03 13:14:42.422297-05,,
919,1,UPDATE,product_variants,173,"{'"id'": 173, '"sku'": '"HT-W2442'", '"price'": '"602.60'", '"depth_in'": '"12.00'", '"width_in'": '"24.00'", '"finish_id'": 9, '"height_in'": '"42.00'", '"created_at'": '"2026-06-23T20:50:58.134Z'", '"created_by'": null, '"deleted_at'": null, '"product_id'": 39, '"updated_at'": '"2026-06-30T20:04:04.606Z'", '"updated_by'": null, '"stock_status'": '"in_stock'"}","{'"id'": 173, '"sku'": '"HT-W2442'", '"price'": '"602.60'", '"depth_in'": '"12.00'", '"width_in'": '"24.00'", '"finish_id'": 9, '"height_in'": '"42.00'", '"created_at'": '"2026-06-23T20:50:58.134Z'", '"created_by'": null, '"deleted_at'": null, '"product_id'": 39, '"updated_at'": '"2026-07-03T18:14:46.700Z'", '"updated_by'": 1, '"stock_status'": '"in_stock'"}",2026-07-03 13:14:46.700602-05,,
920,1,UPDATE,products,40,"{'"id'": 40, '"sku'": '"W2742'", '"name'": '"W2742'", '"image_url'": null, '"created_at'": '"2026-06-23T20:50:58.134Z'", '"created_by'": null, '"deleted_at'": null, '"updated_at'": '"2026-06-30T20:04:04.606Z'", '"updated_by'": null, '"description'": '"2 Door & 3 Shelf'", '"sub_category_id'": 17}","{'"id'": 40, '"sku'": '"W2742'", '"name'": '"W2742'", '"image_url'": '"/uploads/products/7a5b954e-8c48-4b66-a98a-37d52ac3e0e9.png'", '"created_at'": '"2026-06-23T20:50:58.134Z'", '"created_by'": null, '"deleted_at'": null, '"updated_at'": '"2026-07-03T18:14:54.321Z'", '"updated_by'": 1, '"description'": '"2 Door & 3 Shelf'", '"sub_category_id'": 17}",2026-07-03 13:14:54.321443-05,,
921,1,UPDATE,product_variants,178,"{'"id'": 178, '"sku'": '"HT-W2742'", '"price'": '"586.90'", '"depth_in'": '"12.00'", '"width_in'": '"27.00'", '"finish_id'": 9, '"height_in'": '"42.00'", '"created_at'": '"2026-06-23T20:50:58.134Z'", '"created_by'": null, '"deleted_at'": null, '"product_id'": 40, '"updated_at'": '"2026-06-30T20:04:04.606Z'", '"updated_by'": null, '"stock_status'": '"in_stock'"}","{'"id'": 178, '"sku'": '"HT-W2742'", '"price'": '"586.90'", '"depth_in'": '"12.00'", '"width_in'": '"27.00'", '"finish_id'": 9, '"height_in'": '"42.00'", '"created_at'": '"2026-06-23T20:50:58.134Z'", '"created_by'": null, '"deleted_at'": null, '"product_id'": 40, '"updated_at'": '"2026-07-03T18:14:58.941Z'", '"updated_by'": 1, '"stock_status'": '"in_stock'"}",2026-07-03 13:14:58.941544-05,,
922,1,UPDATE,products,41,"{'"id'": 41, '"sku'": '"W3042'", '"name'": '"W3042'", '"image_url'": null, '"created_at'": '"2026-06-23T20:50:58.134Z'", '"created_by'": null, '"deleted_at'": null, '"updated_at'": '"2026-06-30T20:04:04.606Z'", '"updated_by'": null, '"description'": '"2 Door & 3 Shelf'", '"sub_category_id'": 17}","{'"id'": 41, '"sku'": '"W3042'", '"name'": '"W3042'", '"image_url'": '"/uploads/products/4158d147-e975-42e8-9f81-5ab399597c50.png'", '"created_at'": '"2026-06-23T20:50:58.134Z'", '"created_by'": null, '"deleted_at'": null, '"updated_at'": '"2026-07-03T18:15:05.872Z'", '"updated_by'": 1, '"description'": '"2 Door & 3 Shelf'", '"sub_category_id'": 17}",2026-07-03 13:15:05.872618-05,,
923,1,UPDATE,product_variants,183,"{'"id'": 183, '"sku'": '"HT-W3042'", '"price'": '"665.30'", '"depth_in'": '"12.00'", '"width_in'": '"30.00'", '"finish_id'": 9, '"height_in'": '"42.00'", '"created_at'": '"2026-06-23T20:50:58.134Z'", '"created_by'": null, '"deleted_at'": null, '"product_id'": 41, '"updated_at'": '"2026-06-30T20:04:04.606Z'", '"updated_by'": null, '"stock_status'": '"in_stock'"}","{'"id'": 183, '"sku'": '"HT-W3042'", '"price'": '"665.30'", '"depth_in'": '"12.00'", '"width_in'": '"30.00'", '"finish_id'": 9, '"height_in'": '"42.00'", '"created_at'": '"2026-06-23T20:50:58.134Z'", '"created_by'": null, '"deleted_at'": null, '"product_id'": 41, '"updated_at'": '"2026-07-03T18:15:10.003Z'", '"updated_by'": 1, '"stock_status'": '"in_stock'"}",2026-07-03 13:15:10.003807-05,,
924,1,UPDATE,products,42,"{'"id'": 42, '"sku'": '"W3342'", '"name'": '"W3342'", '"image_url'": null, '"created_at'": '"2026-06-23T20:50:58.134Z'", '"created_by'": null, '"deleted_at'": null, '"updated_at'": '"2026-06-30T20:04:04.606Z'", '"updated_by'": null, '"description'": '"2 Door & 3 Shelf'", '"sub_category_id'": 17}","{'"id'": 42, '"sku'": '"W3342'", '"name'": '"W3342'", '"image_url'": '"/uploads/products/a333bc12-c3dd-4733-955c-fe0ed6e388ef.png'", '"created_at'": '"2026-06-23T20:50:58.134Z'", '"created_by'": null, '"deleted_at'": null, '"updated_at'": '"2026-07-03T18:15:17.088Z'", '"updated_by'": 1, '"description'": '"2 Door & 3 Shelf'", '"sub_category_id'": 17}",2026-07-03 13:15:17.088116-05,,
925,1,UPDATE,product_variants,188,"{'"id'": 188, '"sku'": '"HT-W3342'", '"price'": '"694.40'", '"depth_in'": '"12.00'", '"width_in'": '"33.00'", '"finish_id'": 9, '"height_in'": '"42.00'", '"created_at'": '"2026-06-23T20:50:58.134Z'", '"created_by'": null, '"deleted_at'": null, '"product_id'": 42, '"updated_at'": '"2026-06-30T20:04:04.606Z'", '"updated_by'": null, '"stock_status'": '"in_stock'"}","{'"id'": 188, '"sku'": '"HT-W3342'", '"price'": '"694.40'", '"depth_in'": '"12.00'", '"width_in'": '"33.00'", '"finish_id'": 9, '"height_in'": '"42.00'", '"created_at'": '"2026-06-23T20:50:58.134Z'", '"created_by'": null, '"deleted_at'": null, '"product_id'": 42, '"updated_at'": '"2026-07-03T18:15:20.614Z'", '"updated_by'": 1, '"stock_status'": '"in_stock'"}",2026-07-03 13:15:20.614551-05,,
926,1,UPDATE,products,43,"{'"id'": 43, '"sku'": '"W3642'", '"name'": '"W3642'", '"image_url'": null, '"created_at'": '"2026-06-23T20:50:58.134Z'", '"created_by'": null, '"deleted_at'": null, '"updated_at'": '"2026-06-30T20:04:04.606Z'", '"updated_by'": null, '"description'": '"2 Door & 3 Shelf'", '"sub_category_id'": 17}","{'"id'": 43, '"sku'": '"W3642'", '"name'": '"W3642'", '"image_url'": '"/uploads/products/15532413-2e09-4b0f-9a5e-3cdc92118aa0.png'", '"created_at'": '"2026-06-23T20:50:58.134Z'", '"created_by'": null, '"deleted_at'": null, '"updated_at'": '"2026-07-03T18:15:28.215Z'", '"updated_by'": 1, '"description'": '"2 Door & 3 Shelf'", '"sub_category_id'": 17}",2026-07-03 13:15:28.215858-05,,
927,1,UPDATE,product_variants,193,"{'"id'": 193, '"sku'": '"HT-W3642'", '"price'": '"721.30'", '"depth_in'": '"12.00'", '"width_in'": '"36.00'", '"finish_id'": 9, '"height_in'": '"42.00'", '"created_at'": '"2026-06-23T20:50:58.134Z'", '"created_by'": null, '"deleted_at'": null, '"product_id'": 43, '"updated_at'": '"2026-06-30T20:04:04.606Z'", '"updated_by'": null, '"stock_status'": '"in_stock'"}","{'"id'": 193, '"sku'": '"HT-W3642'", '"price'": '"721.30'", '"depth_in'": '"12.00'", '"width_in'": '"36.00'", '"finish_id'": 9, '"height_in'": '"42.00'", '"created_at'": '"2026-06-23T20:50:58.134Z'", '"created_by'": null, '"deleted_at'": null, '"product_id'": 43, '"updated_at'": '"2026-07-03T18:15:32.396Z'", '"updated_by'": 1, '"stock_status'": '"in_stock'"}",2026-07-03 13:15:32.396329-05,,
928,1,UPDATE,products,44,"{'"id'": 44, '"sku'": '"W3942'", '"name'": '"W3942'", '"image_url'": null, '"created_at'": '"2026-06-23T20:50:58.134Z'", '"created_by'": null, '"deleted_at'": null, '"updated_at'": '"2026-06-30T20:04:04.606Z'", '"updated_by'": null, '"description'": '"2 Door & 3 Shelf'", '"sub_category_id'": 17}","{'"id'": 44, '"sku'": '"W3942'", '"name'": '"W3942'", '"image_url'": '"/uploads/products/aca223d9-9a85-4482-b200-645058c2d3b2.png'", '"created_at'": '"2026-06-23T20:50:58.134Z'", '"created_by'": null, '"deleted_at'": null, '"updated_at'": '"2026-07-03T18:15:39.441Z'", '"updated_by'": 1, '"description'": '"2 Door & 3 Shelf'", '"sub_category_id'": 17}",2026-07-03 13:15:39.441852-05,,
929,1,UPDATE,product_variants,198,"{'"id'": 198, '"sku'": '"HT-W3942'", '"price'": '"815.40'", '"depth_in'": '"12.00'", '"width_in'": '"39.00'", '"finish_id'": 9, '"height_in'": '"42.00'", '"created_at'": '"2026-06-23T20:50:58.134Z'", '"created_by'": null, '"deleted_at'": null, '"product_id'": 44, '"updated_at'": '"2026-06-30T20:04:04.606Z'", '"updated_by'": null, '"stock_status'": '"in_stock'"}","{'"id'": 198, '"sku'": '"HT-W3942'", '"price'": '"815.40'", '"depth_in'": '"12.00'", '"width_in'": '"39.00'", '"finish_id'": 9, '"height_in'": '"42.00'", '"created_at'": '"2026-06-23T20:50:58.134Z'", '"created_by'": null, '"deleted_at'": null, '"product_id'": 44, '"updated_at'": '"2026-07-03T18:15:43.099Z'", '"updated_by'": 1, '"stock_status'": '"in_stock'"}",2026-07-03 13:15:43.099053-05,,
930,1,UPDATE,products,45,"{'"id'": 45, '"sku'": '"W4242'", '"name'": '"W4242'", '"image_url'": null, '"created_at'": '"2026-06-23T20:50:58.134Z'", '"created_by'": null, '"deleted_at'": null, '"updated_at'": '"2026-06-30T20:04:04.606Z'", '"updated_by'": null, '"description'": '"2 Door & 3 Shelf'", '"sub_category_id'": 17}","{'"id'": 45, '"sku'": '"W4242'", '"name'": '"W4242'", '"image_url'": '"/uploads/products/32ade66f-2ac4-426c-86c4-fbe552196a05.png'", '"created_at'": '"2026-06-23T20:50:58.134Z'", '"created_by'": null, '"deleted_at'": null, '"updated_at'": '"2026-07-03T18:15:49.987Z'", '"updated_by'": 1, '"description'": '"2 Door & 3 Shelf'", '"sub_category_id'": 17}",2026-07-03 13:15:49.987352-05,,
931,1,UPDATE,product_variants,203,"{'"id'": 203, '"sku'": '"HT-W4242'", '"price'": '"896.00'", '"depth_in'": '"12.00'", '"width_in'": '"42.00'", '"finish_id'": 9, '"height_in'": '"42.00'", '"created_at'": '"2026-06-23T20:50:58.134Z'", '"created_by'": null, '"deleted_at'": null, '"product_id'": 45, '"updated_at'": '"2026-06-30T20:04:04.606Z'", '"updated_by'": null, '"stock_status'": '"in_stock'"}","{'"id'": 203, '"sku'": '"HT-W4242'", '"price'": '"896.00'", '"depth_in'": '"12.00'", '"width_in'": '"42.00'", '"finish_id'": 9, '"height_in'": '"42.00'", '"created_at'": '"2026-06-23T20:50:58.134Z'", '"created_by'": null, '"deleted_at'": null, '"product_id'": 45, '"updated_at'": '"2026-07-03T18:15:53.582Z'", '"updated_by'": 1, '"stock_status'": '"in_stock'"}",2026-07-03 13:15:53.582264-05,,
932,1,UPDATE,products,103,"{'"id'": 103, '"sku'": '"WDC2442'", '"name'": '"WDC2442'", '"image_url'": null, '"created_at'": '"2026-06-26T18:13:08.164Z'", '"created_by'": null, '"deleted_at'": null, '"updated_at'": '"2026-06-30T20:04:04.606Z'", '"updated_by'": null, '"description'": '"Diagonal w/1 Door & 3 Shelf'", '"sub_category_id'": 18}","{'"id'": 103, '"sku'": '"WDC2442'", '"name'": '"WDC2442'", '"image_url'": '"/uploads/products/a2acf345-67fe-4200-9fce-63ff8e1c83f4.png'", '"created_at'": '"2026-06-26T18:13:08.164Z'", '"created_by'": null, '"deleted_at'": null, '"updated_at'": '"2026-07-03T18:21:35.295Z'", '"updated_by'": 1, '"description'": '"Diagonal w/1 Door & 3 Shelf'", '"sub_category_id'": 18}",2026-07-03 13:21:35.295727-05,,
933,1,UPDATE,product_variants,1216,"{'"id'": 1216, '"sku'": '"HT-WDC2442'", '"price'": '"710.10'", '"depth_in'": '"12.00'", '"width_in'": '"24.00'", '"finish_id'": 9, '"height_in'": '"42.00'", '"created_at'": '"2026-06-26T18:13:08.164Z'", '"created_by'": null, '"deleted_at'": null, '"product_id'": 103, '"updated_at'": '"2026-06-30T20:04:04.606Z'", '"updated_by'": null, '"stock_status'": '"in_stock'"}","{'"id'": 1216, '"sku'": '"HT-WDC2442'", '"price'": '"710.10'", '"depth_in'": '"12.00'", '"width_in'": '"24.00'", '"finish_id'": 9, '"height_in'": '"42.00'", '"created_at'": '"2026-06-26T18:13:08.164Z'", '"created_by'": null, '"deleted_at'": null, '"product_id'": 103, '"updated_at'": '"2026-07-03T18:21:39.801Z'", '"updated_by'": 1, '"stock_status'": '"in_stock'"}",2026-07-03 13:21:39.801271-05,,
934,1,UPDATE,products,102,"{'"id'": 102, '"sku'": '"WDC2436'", '"name'": '"WDC2436'", '"image_url'": null, '"created_at'": '"2026-06-26T18:13:08.164Z'", '"created_by'": null, '"deleted_at'": null, '"updated_at'": '"2026-06-30T20:04:04.606Z'", '"updated_by'": null, '"description'": '"Diagonal w/1 Door & 2 Shelf'", '"sub_category_id'": 18}","{'"id'": 102, '"sku'": '"WDC2436'", '"name'": '"WDC2436'", '"image_url'": '"/uploads/products/351dc54c-0aa9-4024-9870-d05d5e2cb0ca.png'", '"created_at'": '"2026-06-26T18:13:08.164Z'", '"created_by'": null, '"deleted_at'": null, '"updated_at'": '"2026-07-03T18:21:49.170Z'", '"updated_by'": 1, '"description'": '"Diagonal w/1 Door & 2 Shelf'", '"sub_category_id'": 18}",2026-07-03 13:21:49.1704-05,,
935,1,UPDATE,product_variants,1204,"{'"id'": 1204, '"sku'": '"HT-WDC2436'", '"price'": '"676.50'", '"depth_in'": '"12.00'", '"width_in'": '"24.00'", '"finish_id'": 9, '"height_in'": '"36.00'", '"created_at'": '"2026-06-26T18:13:08.164Z'", '"created_by'": null, '"deleted_at'": null, '"product_id'": 102, '"updated_at'": '"2026-06-30T20:04:04.606Z'", '"updated_by'": null, '"stock_status'": '"in_stock'"}","{'"id'": 1204, '"sku'": '"HT-WDC2436'", '"price'": '"676.50'", '"depth_in'": '"12.00'", '"width_in'": '"24.00'", '"finish_id'": 9, '"height_in'": '"36.00'", '"created_at'": '"2026-06-26T18:13:08.164Z'", '"created_by'": null, '"deleted_at'": null, '"product_id'": 102, '"updated_at'": '"2026-07-03T18:21:52.605Z'", '"updated_by'": 1, '"stock_status'": '"in_stock'"}",2026-07-03 13:21:52.605963-05,,
936,1,UPDATE,products,101,"{'"id'": 101, '"sku'": '"WDC2430'", '"name'": '"WDC2430'", '"image_url'": null, '"created_at'": '"2026-06-26T18:13:08.164Z'", '"created_by'": null, '"deleted_at'": null, '"updated_at'": '"2026-06-30T20:04:04.606Z'", '"updated_by'": null, '"description'": '"Diagonal w/1 Door & 2 Shelf'", '"sub_category_id'": 18}","{'"id'": 101, '"sku'": '"WDC2430'", '"name'": '"WDC2430'", '"image_url'": '"/uploads/products/bf9eb6fb-4eb0-4d06-9d98-e22e8dfbaf2a.png'", '"created_at'": '"2026-06-26T18:13:08.164Z'", '"created_by'": null, '"deleted_at'": null, '"updated_at'": '"2026-07-03T18:22:00.323Z'", '"updated_by'": 1, '"description'": '"Diagonal w/1 Door & 2 Shelf'", '"sub_category_id'": 18}",2026-07-03 13:22:00.323545-05,,
937,1,UPDATE,product_variants,1192,"{'"id'": 1192, '"sku'": '"HT-WDC2430'", '"price'": '"544.40'", '"depth_in'": '"12.00'", '"width_in'": '"24.00'", '"finish_id'": 9, '"height_in'": '"30.00'", '"created_at'": '"2026-06-26T18:13:08.164Z'", '"created_by'": null, '"deleted_at'": null, '"product_id'": 101, '"updated_at'": '"2026-06-30T20:04:04.606Z'", '"updated_by'": null, '"stock_status'": '"in_stock'"}","{'"id'": 1192, '"sku'": '"HT-WDC2430'", '"price'": '"544.40'", '"depth_in'": '"12.00'", '"width_in'": '"24.00'", '"finish_id'": 9, '"height_in'": '"30.00'", '"created_at'": '"2026-06-26T18:13:08.164Z'", '"created_by'": null, '"deleted_at'": null, '"product_id'": 101, '"updated_at'": '"2026-07-03T18:22:04.760Z'", '"updated_by'": 1, '"stock_status'": '"in_stock'"}",2026-07-03 13:22:04.760847-05,,
938,1,UPDATE,products,106,"{'"id'": 106, '"sku'": '"WPC2442'", '"name'": '"WPC2442'", '"image_url'": null, '"created_at'": '"2026-06-26T18:13:08.164Z'", '"created_by'": null, '"deleted_at'": null, '"updated_at'": '"2026-06-30T20:04:04.606Z'", '"updated_by'": null, '"description'": '"Pie-Cut w/1 Door & 3 Shelf'", '"sub_category_id'": 18}","{'"id'": 106, '"sku'": '"WPC2442'", '"name'": '"WPC2442'", '"image_url'": '"/uploads/products/cb62c928-0ea5-45a4-8805-a769144a5c16.png'", '"created_at'": '"2026-06-26T18:13:08.164Z'", '"created_by'": null, '"deleted_at'": null, '"updated_at'": '"2026-07-03T18:22:17.527Z'", '"updated_by'": 1, '"description'": '"Pie-Cut w/1 Door & 3 Shelf'", '"sub_category_id'": 18}",2026-07-03 13:22:17.527131-05,,
939,1,UPDATE,product_variants,1252,"{'"id'": 1252, '"sku'": '"HT-WPC2442'", '"price'": '"927.40'", '"depth_in'": '"12.00'", '"width_in'": '"24.00'", '"finish_id'": 9, '"height_in'": '"42.00'", '"created_at'": '"2026-06-26T18:13:08.164Z'", '"created_by'": null, '"deleted_at'": null, '"product_id'": 106, '"updated_at'": '"2026-06-30T20:04:04.606Z'", '"updated_by'": null, '"stock_status'": '"in_stock'"}","{'"id'": 1252, '"sku'": '"HT-WPC2442'", '"price'": '"927.40'", '"depth_in'": '"12.00'", '"width_in'": '"24.00'", '"finish_id'": 9, '"height_in'": '"42.00'", '"created_at'": '"2026-06-26T18:13:08.164Z'", '"created_by'": null, '"deleted_at'": null, '"product_id'": 106, '"updated_at'": '"2026-07-03T18:22:21.917Z'", '"updated_by'": 1, '"stock_status'": '"in_stock'"}",2026-07-03 13:22:21.917847-05,,
940,1,UPDATE,products,105,"{'"id'": 105, '"sku'": '"WPC2436'", '"name'": '"WPC2436'", '"image_url'": null, '"created_at'": '"2026-06-26T18:13:08.164Z'", '"created_by'": null, '"deleted_at'": null, '"updated_at'": '"2026-06-30T20:04:04.606Z'", '"updated_by'": null, '"description'": '"Pie-Cut w/1 Door & 2 Shelf'", '"sub_category_id'": 18}","{'"id'": 105, '"sku'": '"WPC2436'", '"name'": '"WPC2436'", '"image_url'": '"/uploads/products/c29480d8-4b3a-47cf-a8e9-a41095a39e90.png'", '"created_at'": '"2026-06-26T18:13:08.164Z'", '"created_by'": null, '"deleted_at'": null, '"updated_at'": '"2026-07-03T18:22:31.177Z'", '"updated_by'": 1, '"description'": '"Pie-Cut w/1 Door & 2 Shelf'", '"sub_category_id'": 18}",2026-07-03 13:22:31.177091-05,,
941,1,UPDATE,product_variants,1240,"{'"id'": 1240, '"sku'": '"HT-WPC2436'", '"price'": '"743.70'", '"depth_in'": '"12.00'", '"width_in'": '"24.00'", '"finish_id'": 9, '"height_in'": '"36.00'", '"created_at'": '"2026-06-26T18:13:08.164Z'", '"created_by'": null, '"deleted_at'": null, '"product_id'": 105, '"updated_at'": '"2026-06-30T20:04:04.606Z'", '"updated_by'": null, '"stock_status'": '"in_stock'"}","{'"id'": 1240, '"sku'": '"HT-WPC2436'", '"price'": '"743.70'", '"depth_in'": '"12.00'", '"width_in'": '"24.00'", '"finish_id'": 9, '"height_in'": '"36.00'", '"created_at'": '"2026-06-26T18:13:08.164Z'", '"created_by'": null, '"deleted_at'": null, '"product_id'": 105, '"updated_at'": '"2026-07-03T18:22:34.526Z'", '"updated_by'": 1, '"stock_status'": '"in_stock'"}",2026-07-03 13:22:34.526873-05,,
942,1,UPDATE,products,104,"{'"id'": 104, '"sku'": '"WPC2430'", '"name'": '"WPC2430'", '"image_url'": null, '"created_at'": '"2026-06-26T18:13:08.164Z'", '"created_by'": null, '"deleted_at'": null, '"updated_at'": '"2026-06-30T20:04:04.606Z'", '"updated_by'": null, '"description'": '"Pie-Cut w/1 Door & 2 Shelf'", '"sub_category_id'": 18}","{'"id'": 104, '"sku'": '"WPC2430'", '"name'": '"WPC2430'", '"image_url'": '"/uploads/products/af026ea2-abb5-45ce-80ff-b05fa04c485f.png'", '"created_at'": '"2026-06-26T18:13:08.164Z'", '"created_by'": null, '"deleted_at'": null, '"updated_at'": '"2026-07-03T18:22:45.176Z'", '"updated_by'": 1, '"description'": '"Pie-Cut w/1 Door & 2 Shelf'", '"sub_category_id'": 18}",2026-07-03 13:22:45.176911-05,,
943,1,UPDATE,product_variants,1228,"{'"id'": 1228, '"sku'": '"HT-WPC2430'", '"price'": '"678.80'", '"depth_in'": '"12.00'", '"width_in'": '"24.00'", '"finish_id'": 9, '"height_in'": '"30.00'", '"created_at'": '"2026-06-26T18:13:08.164Z'", '"created_by'": null, '"deleted_at'": null, '"product_id'": 104, '"updated_at'": '"2026-06-30T20:04:04.606Z'", '"updated_by'": null, '"stock_status'": '"in_stock'"}","{'"id'": 1228, '"sku'": '"HT-WPC2430'", '"price'": '"678.80'", '"depth_in'": '"12.00'", '"width_in'": '"24.00'", '"finish_id'": 9, '"height_in'": '"30.00'", '"created_at'": '"2026-06-26T18:13:08.164Z'", '"created_by'": null, '"deleted_at'": null, '"product_id'": 104, '"updated_at'": '"2026-07-03T18:22:50.749Z'", '"updated_by'": 1, '"stock_status'": '"in_stock'"}",2026-07-03 13:22:50.749614-05,,
944,1,UPDATE,products,113,"{'"id'": 113, '"sku'": '"OE1242'", '"name'": '"OE1242'", '"image_url'": null, '"created_at'": '"2026-06-26T18:13:08.164Z'", '"created_by'": null, '"deleted_at'": null, '"updated_at'": '"2026-06-30T20:04:04.606Z'", '"updated_by'": null, '"description'": '"Corner Wall - End Shelf w/4 Shelf'", '"sub_category_id'": 35}","{'"id'": 113, '"sku'": '"OE1242'", '"name'": '"OE1242'", '"image_url'": '"/uploads/products/cfd881bf-b50e-4f8c-a1e8-3e93566dcf5a.png'", '"created_at'": '"2026-06-26T18:13:08.164Z'", '"created_by'": null, '"deleted_at'": null, '"updated_at'": '"2026-07-03T18:29:01.699Z'", '"updated_by'": 1, '"description'": '"Corner Wall - End Shelf w/4 Shelf'", '"sub_category_id'": 35}",2026-07-03 13:29:01.699803-05,,
945,1,UPDATE,product_variants,1336,"{'"id'": 1336, '"sku'": '"HT-OE1242'", '"price'": '"374.10'", '"depth_in'": '"12.00'", '"width_in'": '"12.00'", '"finish_id'": 9, '"height_in'": '"42.00'", '"created_at'": '"2026-06-26T18:13:08.164Z'", '"created_by'": null, '"deleted_at'": null, '"product_id'": 113, '"updated_at'": '"2026-06-30T20:04:04.606Z'", '"updated_by'": null, '"stock_status'": '"in_stock'"}","{'"id'": 1336, '"sku'": '"HT-OE1242'", '"price'": '"374.10'", '"depth_in'": '"12.00'", '"width_in'": '"12.00'", '"finish_id'": 9, '"height_in'": '"42.00'", '"created_at'": '"2026-06-26T18:13:08.164Z'", '"created_by'": null, '"deleted_at'": null, '"product_id'": 113, '"updated_at'": '"2026-07-03T18:29:05.549Z'", '"updated_by'": 1, '"stock_status'": '"in_stock'"}",2026-07-03 13:29:05.549517-05,,
946,1,UPDATE,products,112,"{'"id'": 112, '"sku'": '"OE1236'", '"name'": '"OE1236'", '"image_url'": null, '"created_at'": '"2026-06-26T18:13:08.164Z'", '"created_by'": null, '"deleted_at'": null, '"updated_at'": '"2026-06-30T20:04:04.606Z'", '"updated_by'": null, '"description'": '"Corner Wall - End Shelf w/4 Shelf'", '"sub_category_id'": 35}","{'"id'": 112, '"sku'": '"OE1236'", '"name'": '"OE1236'", '"image_url'": '"/uploads/products/dba3c035-4b9f-42f1-b5fc-700bc26eaff2.png'", '"created_at'": '"2026-06-26T18:13:08.164Z'", '"created_by'": null, '"deleted_at'": null, '"updated_at'": '"2026-07-03T18:29:16.428Z'", '"updated_by'": 1, '"description'": '"Corner Wall - End Shelf w/4 Shelf'", '"sub_category_id'": 35}",2026-07-03 13:29:16.428896-05,,
947,1,UPDATE,product_variants,1324,"{'"id'": 1324, '"sku'": '"HT-OE1236'", '"price'": '"351.70'", '"depth_in'": '"12.00'", '"width_in'": '"12.00'", '"finish_id'": 9, '"height_in'": '"36.00'", '"created_at'": '"2026-06-26T18:13:08.164Z'", '"created_by'": null, '"deleted_at'": null, '"product_id'": 112, '"updated_at'": '"2026-06-30T20:04:04.606Z'", '"updated_by'": null, '"stock_status'": '"in_stock'"}","{'"id'": 1324, '"sku'": '"HT-OE1236'", '"price'": '"351.70'", '"depth_in'": '"12.00'", '"width_in'": '"12.00'", '"finish_id'": 9, '"height_in'": '"36.00'", '"created_at'": '"2026-06-26T18:13:08.164Z'", '"created_by'": null, '"deleted_at'": null, '"product_id'": 112, '"updated_at'": '"2026-07-03T18:29:20.222Z'", '"updated_by'": 1, '"stock_status'": '"in_stock'"}",2026-07-03 13:29:20.222587-05,,
948,1,UPDATE,products,111,"{'"id'": 111, '"sku'": '"OE1230'", '"name'": '"OE1230'", '"image_url'": null, '"created_at'": '"2026-06-26T18:13:08.164Z'", '"created_by'": null, '"deleted_at'": null, '"updated_at'": '"2026-06-30T20:04:04.606Z'", '"updated_by'": null, '"description'": '"Corner Wall - End Shelf w/4 Shelf'", '"sub_category_id'": 35}","{'"id'": 111, '"sku'": '"OE1230'", '"name'": '"OE1230'", '"image_url'": '"/uploads/products/864a9c36-d01e-4346-bc12-a578de3934fb.png'", '"created_at'": '"2026-06-26T18:13:08.164Z'", '"created_by'": null, '"deleted_at'": null, '"updated_at'": '"2026-07-03T18:29:27.848Z'", '"updated_by'": 1, '"description'": '"Corner Wall - End Shelf w/4 Shelf'", '"sub_category_id'": 35}",2026-07-03 13:29:27.848081-05,,
949,1,UPDATE,product_variants,1312,"{'"id'": 1312, '"sku'": '"HT-OE1230'", '"price'": '"306.90'", '"depth_in'": '"12.00'", '"width_in'": '"12.00'", '"finish_id'": 9, '"height_in'": '"30.00'", '"created_at'": '"2026-06-26T18:13:08.164Z'", '"created_by'": null, '"deleted_at'": null, '"product_id'": 111, '"updated_at'": '"2026-06-30T20:04:04.606Z'", '"updated_by'": null, '"stock_status'": '"in_stock'"}","{'"id'": 1312, '"sku'": '"HT-OE1230'", '"price'": '"306.90'", '"depth_in'": '"12.00'", '"width_in'": '"12.00'", '"finish_id'": 9, '"height_in'": '"30.00'", '"created_at'": '"2026-06-26T18:13:08.164Z'", '"created_by'": null, '"deleted_at'": null, '"product_id'": 111, '"updated_at'": '"2026-07-03T18:29:32.083Z'", '"updated_by'": 1, '"stock_status'": '"in_stock'"}",2026-07-03 13:29:32.08312-05,,
950,1,UPDATE,products,116,"{'"id'": 116, '"sku'": '"WAE1242'", '"name'": '"WAE1242'", '"image_url'": null, '"created_at'": '"2026-06-26T18:13:08.164Z'", '"created_by'": null, '"deleted_at'": null, '"updated_at'": '"2026-06-30T20:04:04.606Z'", '"updated_by'": null, '"description'": '"Angle End w/1 Door & 2 Shelf'", '"sub_category_id'": 35}","{'"id'": 116, '"sku'": '"WAE1242'", '"name'": '"WAE1242'", '"image_url'": '"/uploads/products/706cb5bd-9c08-451b-809e-eba122a904c5.png'", '"created_at'": '"2026-06-26T18:13:08.164Z'", '"created_by'": null, '"deleted_at'": null, '"updated_at'": '"2026-07-03T18:29:49.016Z'", '"updated_by'": 1, '"description'": '"Angle End w/1 Door & 2 Shelf'", '"sub_category_id'": 35}",2026-07-03 13:29:49.016673-05,,
951,1,UPDATE,product_variants,1372,"{'"id'": 1372, '"sku'": '"HT-WAE1242'", '"price'": '"483.90'", '"depth_in'": '"12.00'", '"width_in'": '"12.00'", '"finish_id'": 9, '"height_in'": '"42.00'", '"created_at'": '"2026-06-26T18:13:08.164Z'", '"created_by'": null, '"deleted_at'": null, '"product_id'": 116, '"updated_at'": '"2026-06-30T20:04:04.606Z'", '"updated_by'": null, '"stock_status'": '"in_stock'"}","{'"id'": 1372, '"sku'": '"HT-WAE1242'", '"price'": '"483.90'", '"depth_in'": '"12.00'", '"width_in'": '"12.00'", '"finish_id'": 9, '"height_in'": '"42.00'", '"created_at'": '"2026-06-26T18:13:08.164Z'", '"created_by'": null, '"deleted_at'": null, '"product_id'": 116, '"updated_at'": '"2026-07-03T18:29:52.117Z'", '"updated_by'": 1, '"stock_status'": '"in_stock'"}",2026-07-03 13:29:52.117734-05,,
952,1,UPDATE,products,115,"{'"id'": 115, '"sku'": '"WAE1236'", '"name'": '"WAE1236'", '"image_url'": null, '"created_at'": '"2026-06-26T18:13:08.164Z'", '"created_by'": null, '"deleted_at'": null, '"updated_at'": '"2026-06-30T20:04:04.606Z'", '"updated_by'": null, '"description'": '"Angle End w/1 Door & 2 Shelf'", '"sub_category_id'": 35}","{'"id'": 115, '"sku'": '"WAE1236'", '"name'": '"WAE1236'", '"image_url'": '"/uploads/products/53111d25-3ea7-4c0b-b8d5-b38c20984ca1.png'", '"created_at'": '"2026-06-26T18:13:08.164Z'", '"created_by'": null, '"deleted_at'": null, '"updated_at'": '"2026-07-03T18:29:59.314Z'", '"updated_by'": 1, '"description'": '"Angle End w/1 Door & 2 Shelf'", '"sub_category_id'": 35}",2026-07-03 13:29:59.314768-05,,
953,1,UPDATE,product_variants,1360,"{'"id'": 1360, '"sku'": '"HT-WAE1236'", '"price'": '"423.40'", '"depth_in'": '"12.00'", '"width_in'": '"12.00'", '"finish_id'": 9, '"height_in'": '"36.00'", '"created_at'": '"2026-06-26T18:13:08.164Z'", '"created_by'": null, '"deleted_at'": null, '"product_id'": 115, '"updated_at'": '"2026-06-30T20:04:04.606Z'", '"updated_by'": null, '"stock_status'": '"in_stock'"}","{'"id'": 1360, '"sku'": '"HT-WAE1236'", '"price'": '"423.40'", '"depth_in'": '"12.00'", '"width_in'": '"12.00'", '"finish_id'": 9, '"height_in'": '"36.00'", '"created_at'": '"2026-06-26T18:13:08.164Z'", '"created_by'": null, '"deleted_at'": null, '"product_id'": 115, '"updated_at'": '"2026-07-03T18:30:03.510Z'", '"updated_by'": 1, '"stock_status'": '"in_stock'"}",2026-07-03 13:30:03.510174-05,,
954,1,UPDATE,products,114,"{'"id'": 114, '"sku'": '"WAE1230'", '"name'": '"WAE1230'", '"image_url'": null, '"created_at'": '"2026-06-26T18:13:08.164Z'", '"created_by'": null, '"deleted_at'": null, '"updated_at'": '"2026-06-30T20:04:04.606Z'", '"updated_by'": null, '"description'": '"Angle End w/1 Door & 2 Shelf'", '"sub_category_id'": 35}","{'"id'": 114, '"sku'": '"WAE1230'", '"name'": '"WAE1230'", '"image_url'": '"/uploads/products/c7c1de86-4e95-4845-aa48-6cd38cb47012.png'", '"created_at'": '"2026-06-26T18:13:08.164Z'", '"created_by'": null, '"deleted_at'": null, '"updated_at'": '"2026-07-03T18:30:15.942Z'", '"updated_by'": 1, '"description'": '"Angle End w/1 Door & 2 Shelf'", '"sub_category_id'": 35}",2026-07-03 13:30:15.94224-05,,
955,1,UPDATE,product_variants,1348,"{'"id'": 1348, '"sku'": '"HT-WAE1230'", '"price'": '"358.40'", '"depth_in'": '"12.00'", '"width_in'": '"12.00'", '"finish_id'": 9, '"height_in'": '"30.00'", '"created_at'": '"2026-06-26T18:13:08.164Z'", '"created_by'": null, '"deleted_at'": null, '"product_id'": 114, '"updated_at'": '"2026-06-30T20:04:04.606Z'", '"updated_by'": null, '"stock_status'": '"in_stock'"}","{'"id'": 1348, '"sku'": '"HT-WAE1230'", '"price'": '"358.40'", '"depth_in'": '"12.00'", '"width_in'": '"12.00'", '"finish_id'": 9, '"height_in'": '"30.00'", '"created_at'": '"2026-06-26T18:13:08.164Z'", '"created_by'": null, '"deleted_at'": null, '"product_id'": 114, '"updated_at'": '"2026-07-03T18:30:19.737Z'", '"updated_by'": 1, '"stock_status'": '"in_stock'"}",2026-07-03 13:30:19.737739-05,,
956,1,UPDATE,products,119,"{'"id'": 119, '"sku'": '"WD1860'", '"name'": '"WD1860'", '"image_url'": null, '"created_at'": '"2026-06-26T18:13:08.164Z'", '"created_by'": null, '"deleted_at'": null, '"updated_at'": '"2026-06-30T20:04:04.606Z'", '"updated_by'": null, '"description'": '"1 Door & 2 Drawer'", '"sub_category_id'": 22}","{'"id'": 119, '"sku'": '"WD1860'", '"name'": '"WD1860'", '"image_url'": '"/uploads/products/280b9cce-ace3-41fc-9cbb-b6eb2db9fad8.png'", '"created_at'": '"2026-06-26T18:13:08.164Z'", '"created_by'": null, '"deleted_at'": null, '"updated_at'": '"2026-07-03T18:32:40.838Z'", '"updated_by'": 1, '"description'": '"1 Door & 2 Drawer'", '"sub_category_id'": 22}",2026-07-03 13:32:40.838543-05,,
957,1,UPDATE,product_variants,1408,"{'"id'": 1408, '"sku'": '"HT-WD1860'", '"price'": '"985.60'", '"depth_in'": '"15.00'", '"width_in'": '"18.00'", '"finish_id'": 9, '"height_in'": '"50.00'", '"created_at'": '"2026-06-26T18:13:08.164Z'", '"created_by'": null, '"deleted_at'": null, '"product_id'": 119, '"updated_at'": '"2026-06-30T20:04:04.606Z'", '"updated_by'": null, '"stock_status'": '"in_stock'"}","{'"id'": 1408, '"sku'": '"HT-WD1860'", '"price'": '"985.60'", '"depth_in'": '"15.00'", '"width_in'": '"18.00'", '"finish_id'": 9, '"height_in'": '"50.00'", '"created_at'": '"2026-06-26T18:13:08.164Z'", '"created_by'": null, '"deleted_at'": null, '"product_id'": 119, '"updated_at'": '"2026-07-03T18:32:45.125Z'", '"updated_by'": 1, '"stock_status'": '"in_stock'"}",2026-07-03 13:32:45.125863-05,,
958,1,UPDATE,product_variants,1408,"{'"id'": 1408, '"sku'": '"HT-WD1860'", '"price'": '"985.60'", '"depth_in'": '"15.00'", '"width_in'": '"18.00'", '"finish_id'": 9, '"height_in'": '"50.00'", '"created_at'": '"2026-06-26T18:13:08.164Z'", '"created_by'": null, '"deleted_at'": null, '"product_id'": 119, '"updated_at'": '"2026-07-03T18:32:45.125Z'", '"updated_by'": 1, '"stock_status'": '"in_stock'"}","{'"id'": 1408, '"sku'": '"HT-WD1860'", '"price'": '"985.60'", '"depth_in'": '"15.00'", '"width_in'": '"18.00'", '"finish_id'": 9, '"height_in'": '"60.00'", '"created_at'": '"2026-06-26T18:13:08.164Z'", '"created_by'": null, '"deleted_at'": null, '"product_id'": 119, '"updated_at'": '"2026-07-03T18:32:51.389Z'", '"updated_by'": 1, '"stock_status'": '"in_stock'"}",2026-07-03 13:32:51.389203-05,,
959,1,UPDATE,products,119,"{'"id'": 119, '"sku'": '"WD1860'", '"name'": '"WD1860'", '"image_url'": '"/uploads/products/280b9cce-ace3-41fc-9cbb-b6eb2db9fad8.png'", '"created_at'": '"2026-06-26T18:13:08.164Z'", '"created_by'": null, '"deleted_at'": null, '"updated_at'": '"2026-07-03T18:32:40.838Z'", '"updated_by'": 1, '"description'": '"1 Door & 2 Drawer'", '"sub_category_id'": 22}","{'"id'": 119, '"sku'": '"WD1860'", '"name'": '"WD1860'", '"image_url'": '"/uploads/products/280b9cce-ace3-41fc-9cbb-b6eb2db9fad8.png'", '"created_at'": '"2026-06-26T18:13:08.164Z'", '"created_by'": null, '"deleted_at'": null, '"updated_at'": '"2026-07-03T18:32:51.389Z'", '"updated_by'": 1, '"description'": '"1 Door & 2 Drawer'", '"sub_category_id'": 22}",2026-07-03 13:32:51.389203-05,,
960,1,UPDATE,products,118,"{'"id'": 118, '"sku'": '"WD1854'", '"name'": '"WD1854'", '"image_url'": null, '"created_at'": '"2026-06-26T18:13:08.164Z'", '"created_by'": null, '"deleted_at'": null, '"updated_at'": '"2026-06-30T20:04:04.606Z'", '"updated_by'": null, '"description'": '"1 Door & 2 Drawer'", '"sub_category_id'": 22}","{'"id'": 118, '"sku'": '"WD1854'", '"name'": '"WD1854'", '"image_url'": '"/uploads/products/a5b9be2d-fc7d-4e24-9bf6-ab9f09317994.png'", '"created_at'": '"2026-06-26T18:13:08.164Z'", '"created_by'": null, '"deleted_at'": null, '"updated_at'": '"2026-07-03T18:33:07.177Z'", '"updated_by'": 1, '"description'": '"1 Door & 2 Drawer'", '"sub_category_id'": 22}",2026-07-03 13:33:07.17756-05,,
961,1,UPDATE,product_variants,1396,"{'"id'": 1396, '"sku'": '"HT-WD1854'", '"price'": '"947.60'", '"depth_in'": '"15.00'", '"width_in'": '"18.00'", '"finish_id'": 9, '"height_in'": '"54.00'", '"created_at'": '"2026-06-26T18:13:08.164Z'", '"created_by'": null, '"deleted_at'": null, '"product_id'": 118, '"updated_at'": '"2026-06-30T20:04:04.606Z'", '"updated_by'": null, '"stock_status'": '"in_stock'"}","{'"id'": 1396, '"sku'": '"HT-WD1854'", '"price'": '"947.60'", '"depth_in'": '"15.00'", '"width_in'": '"18.00'", '"finish_id'": 9, '"height_in'": '"54.00'", '"created_at'": '"2026-06-26T18:13:08.164Z'", '"created_by'": null, '"deleted_at'": null, '"product_id'": 118, '"updated_at'": '"2026-07-03T18:33:10.745Z'", '"updated_by'": 1, '"stock_status'": '"in_stock'"}",2026-07-03 13:33:10.745703-05,,
962,1,UPDATE,product_variants,1396,"{'"id'": 1396, '"sku'": '"HT-WD1854'", '"price'": '"947.60'", '"depth_in'": '"15.00'", '"width_in'": '"18.00'", '"finish_id'": 9, '"height_in'": '"54.00'", '"created_at'": '"2026-06-26T18:13:08.164Z'", '"created_by'": null, '"deleted_at'": null, '"product_id'": 118, '"updated_at'": '"2026-07-03T18:33:10.745Z'", '"updated_by'": 1, '"stock_status'": '"in_stock'"}","{'"id'": 1396, '"sku'": '"HT-WD1854'", '"price'": '"947.60'", '"depth_in'": '"15.00'", '"width_in'": '"18.00'", '"finish_id'": 9, '"height_in'": '"54.00'", '"created_at'": '"2026-06-26T18:13:08.164Z'", '"created_by'": null, '"deleted_at'": null, '"product_id'": 118, '"updated_at'": '"2026-07-03T18:33:11.892Z'", '"updated_by'": 1, '"stock_status'": '"in_stock'"}",2026-07-03 13:33:11.892805-05,,
963,1,UPDATE,products,117,"{'"id'": 117, '"sku'": '"WD1848'", '"name'": '"WD1848'", '"image_url'": null, '"created_at'": '"2026-06-26T18:13:08.164Z'", '"created_by'": null, '"deleted_at'": null, '"updated_at'": '"2026-06-30T20:04:04.606Z'", '"updated_by'": null, '"description'": '"1 Door & 2 Drawer'", '"sub_category_id'": 22}","{'"id'": 117, '"sku'": '"WD1848'", '"name'": '"WD1848'", '"image_url'": '"/uploads/products/7dbcfe71-b7ac-4b68-b51a-7c04f6217e64.png'", '"created_at'": '"2026-06-26T18:13:08.164Z'", '"created_by'": null, '"deleted_at'": null, '"updated_at'": '"2026-07-03T18:33:22.000Z'", '"updated_by'": 1, '"description'": '"1 Door & 2 Drawer'", '"sub_category_id'": 22}",2026-07-03 13:33:22.00063-05,,
964,1,UPDATE,product_variants,1384,"{'"id'": 1384, '"sku'": '"HT-WD1848'", '"price'": '"869.20'", '"depth_in'": '"15.00'", '"width_in'": '"18.00'", '"finish_id'": 9, '"height_in'": '"48.00'", '"created_at'": '"2026-06-26T18:13:08.164Z'", '"created_by'": null, '"deleted_at'": null, '"product_id'": 117, '"updated_at'": '"2026-06-30T20:04:04.606Z'", '"updated_by'": null, '"stock_status'": '"in_stock'"}","{'"id'": 1384, '"sku'": '"HT-WD1848'", '"price'": '"869.20'", '"depth_in'": '"15.00'", '"width_in'": '"18.00'", '"finish_id'": 9, '"height_in'": '"48.00'", '"created_at'": '"2026-06-26T18:13:08.164Z'", '"created_by'": null, '"deleted_at'": null, '"product_id'": 117, '"updated_at'": '"2026-07-03T18:33:26.473Z'", '"updated_by'": 1, '"stock_status'": '"in_stock'"}",2026-07-03 13:33:26.473896-05,,
965,1,UPDATE,products,167,"{'"id'": 167, '"sku'": '"WC0642'", '"name'": '"WC0642'", '"image_url'": null, '"created_at'": '"2026-06-26T18:13:08.164Z'", '"created_by'": null, '"deleted_at'": null, '"updated_at'": '"2026-06-30T20:04:04.606Z'", '"updated_by'": null, '"description'": '"Wall Wine Cube'", '"sub_category_id'": 29}","{'"id'": 167, '"sku'": '"WC0642'", '"name'": '"WC0642'", '"image_url'": '"/uploads/products/fb1fef20-6a1a-4fa2-ad34-d5a1bd1da895.webp'", '"created_at'": '"2026-06-26T18:13:08.164Z'", '"created_by'": null, '"deleted_at'": null, '"updated_at'": '"2026-07-03T18:35:54.498Z'", '"updated_by'": 1, '"description'": '"Wall Wine Cube'", '"sub_category_id'": 29}",2026-07-03 13:35:54.49832-05,,
966,1,UPDATE,products,166,"{'"id'": 166, '"sku'": '"WC0636'", '"name'": '"WC0636'", '"image_url'": null, '"created_at'": '"2026-06-26T18:13:08.164Z'", '"created_by'": null, '"deleted_at'": null, '"updated_at'": '"2026-06-30T20:04:04.606Z'", '"updated_by'": null, '"description'": '"Wall Wine Cube'", '"sub_category_id'": 29}","{'"id'": 166, '"sku'": '"WC0636'", '"name'": '"WC0636'", '"image_url'": '"/uploads/products/eb439231-2ad7-401d-ad02-2882c6263048.webp'", '"created_at'": '"2026-06-26T18:13:08.164Z'", '"created_by'": null, '"deleted_at'": null, '"updated_at'": '"2026-07-03T18:36:00.444Z'", '"updated_by'": 1, '"description'": '"Wall Wine Cube'", '"sub_category_id'": 29}",2026-07-03 13:36:00.444455-05,,
967,1,UPDATE,products,165,"{'"id'": 165, '"sku'": '"WC0630'", '"name'": '"WC0630'", '"image_url'": null, '"created_at'": '"2026-06-26T18:13:08.164Z'", '"created_by'": null, '"deleted_at'": null, '"updated_at'": '"2026-06-30T20:04:04.606Z'", '"updated_by'": null, '"description'": '"Wall Wine Cube'", '"sub_category_id'": 29}","{'"id'": 165, '"sku'": '"WC0630'", '"name'": '"WC0630'", '"image_url'": '"/uploads/products/b614e5ac-cf2f-4875-b497-f803f7eab910.webp'", '"created_at'": '"2026-06-26T18:13:08.164Z'", '"created_by'": null, '"deleted_at'": null, '"updated_at'": '"2026-07-03T18:36:06.368Z'", '"updated_by'": 1, '"description'": '"Wall Wine Cube'", '"sub_category_id'": 29}",2026-07-03 13:36:06.368291-05,,
968,1,UPDATE,products,163,"{'"id'": 163, '"sku'": '"WR1515'", '"name'": '"WR1515'", '"image_url'": null, '"created_at'": '"2026-06-26T18:13:08.164Z'", '"created_by'": null, '"deleted_at'": null, '"updated_at'": '"2026-06-30T20:04:04.606Z'", '"updated_by'": null, '"description'": '"Wall Wine Rack - Included Shelf'", '"sub_category_id'": 29}","{'"id'": 163, '"sku'": '"WR1515'", '"name'": '"WR1515'", '"image_url'": '"/uploads/products/b4096595-6486-415e-993d-d7b3dd273ae5.png'", '"created_at'": '"2026-06-26T18:13:08.164Z'", '"created_by'": null, '"deleted_at'": null, '"updated_at'": '"2026-07-03T18:38:05.203Z'", '"updated_by'": 1, '"description'": '"Wall Wine Rack - Included Shelf'", '"sub_category_id'": 29}",2026-07-03 13:38:05.203757-05,,
969,1,UPDATE,product_variants,1936,"{'"id'": 1936, '"sku'": '"HT-WR1515'", '"price'": '"403.20'", '"depth_in'": '"12.00'", '"width_in'": '"15.00'", '"finish_id'": 9, '"height_in'": '"15.00'", '"created_at'": '"2026-06-26T18:13:08.164Z'", '"created_by'": null, '"deleted_at'": null, '"product_id'": 163, '"updated_at'": '"2026-06-30T20:04:04.606Z'", '"updated_by'": null, '"stock_status'": '"in_stock'"}","{'"id'": 1936, '"sku'": '"HT-WR1515'", '"price'": '"403.20'", '"depth_in'": '"12.00'", '"width_in'": '"15.00'", '"finish_id'": 9, '"height_in'": '"15.00'", '"created_at'": '"2026-06-26T18:13:08.164Z'", '"created_by'": null, '"deleted_at'": null, '"product_id'": 163, '"updated_at'": '"2026-07-03T18:38:08.330Z'", '"updated_by'": 1, '"stock_status'": '"in_stock'"}",2026-07-03 13:38:08.330633-05,,
970,1,UPDATE,products,326,"{'"id'": 326, '"sku'": '"WR1818'", '"name'": '"WR1818'", '"image_url'": null, '"created_at'": '"2026-06-30T19:38:45.468Z'", '"created_by'": null, '"deleted_at'": null, '"updated_at'": '"2026-06-30T20:04:04.606Z'", '"updated_by'": null, '"description'": '"Wall Wine Rack - Included Shelf'", '"sub_category_id'": 29}","{'"id'": 326, '"sku'": '"WR1818'", '"name'": '"WR1818'", '"image_url'": '"/uploads/products/e8c3917c-8032-4557-8330-54b6a0d92161.png'", '"created_at'": '"2026-06-30T19:38:45.468Z'", '"created_by'": null, '"deleted_at'": null, '"updated_at'": '"2026-07-03T18:38:16.214Z'", '"updated_by'": 1, '"description'": '"Wall Wine Rack - Included Shelf'", '"sub_category_id'": 29}",2026-07-03 13:38:16.214027-05,,
971,1,UPDATE,product_variants,3880,"{'"id'": 3880, '"sku'": '"HT-WR1818'", '"price'": '"506.30'", '"depth_in'": '"12.00'", '"width_in'": '"18.00'", '"finish_id'": 9, '"height_in'": '"15.00'", '"created_at'": '"2026-06-30T19:38:45.468Z'", '"created_by'": null, '"deleted_at'": null, '"product_id'": 326, '"updated_at'": '"2026-06-30T20:04:04.606Z'", '"updated_by'": null, '"stock_status'": '"in_stock'"}","{'"id'": 3880, '"sku'": '"HT-WR1818'", '"price'": '"506.30'", '"depth_in'": '"12.00'", '"width_in'": '"18.00'", '"finish_id'": 9, '"height_in'": '"15.00'", '"created_at'": '"2026-06-30T19:38:45.468Z'", '"created_by'": null, '"deleted_at'": null, '"product_id'": 326, '"updated_at'": '"2026-07-03T18:38:19.019Z'", '"updated_by'": 1, '"stock_status'": '"in_stock'"}",2026-07-03 13:38:19.019694-05,,
972,1,UPDATE,products,161,"{'"id'": 161, '"sku'": '"WR3015'", '"name'": '"WR3015'", '"image_url'": null, '"created_at'": '"2026-06-26T18:13:08.164Z'", '"created_by'": null, '"deleted_at'": null, '"updated_at'": '"2026-06-30T20:04:04.606Z'", '"updated_by'": null, '"description'": '"Wall Wine Rack'", '"sub_category_id'": 29}","{'"id'": 161, '"sku'": '"WR3015'", '"name'": '"WR3015'", '"image_url'": '"/uploads/products/964cb12c-841f-4428-9cd8-d6c1fd68220a.png'", '"created_at'": '"2026-06-26T18:13:08.164Z'", '"created_by'": null, '"deleted_at'": null, '"updated_at'": '"2026-07-03T18:38:32.709Z'", '"updated_by'": 1, '"description'": '"Wall Wine Rack'", '"sub_category_id'": 29}",2026-07-03 13:38:32.709111-05,,
973,1,UPDATE,product_variants,1912,"{'"id'": 1912, '"sku'": '"HT-WR3015'", '"price'": '"302.40'", '"depth_in'": '"12.00'", '"width_in'": '"30.00'", '"finish_id'": 9, '"height_in'": '"15.00'", '"created_at'": '"2026-06-26T18:13:08.164Z'", '"created_by'": null, '"deleted_at'": null, '"product_id'": 161, '"updated_at'": '"2026-06-30T20:04:04.606Z'", '"updated_by'": null, '"stock_status'": '"in_stock'"}","{'"id'": 1912, '"sku'": '"HT-WR3015'", '"price'": '"302.40'", '"depth_in'": '"12.00'", '"width_in'": '"30.00'", '"finish_id'": 9, '"height_in'": '"15.00'", '"created_at'": '"2026-06-26T18:13:08.164Z'", '"created_by'": null, '"deleted_at'": null, '"product_id'": 161, '"updated_at'": '"2026-07-03T18:38:36.265Z'", '"updated_by'": 1, '"stock_status'": '"in_stock'"}",2026-07-03 13:38:36.265231-05,,
974,1,UPDATE,products,162,"{'"id'": 162, '"sku'": '"WR3615'", '"name'": '"WR3615'", '"image_url'": null, '"created_at'": '"2026-06-26T18:13:08.164Z'", '"created_by'": null, '"deleted_at'": null, '"updated_at'": '"2026-06-30T20:04:04.606Z'", '"updated_by'": null, '"description'": '"Wall Wine Rack'", '"sub_category_id'": 29}","{'"id'": 162, '"sku'": '"WR3615'", '"name'": '"WR3615'", '"image_url'": '"/uploads/products/33f95bf6-240e-413c-bb41-f6e95b367c6e.png'", '"created_at'": '"2026-06-26T18:13:08.164Z'", '"created_by'": null, '"deleted_at'": null, '"updated_at'": '"2026-07-03T18:38:47.061Z'", '"updated_by'": 1, '"description'": '"Wall Wine Rack'", '"sub_category_id'": 29}",2026-07-03 13:38:47.061714-05,,
975,1,UPDATE,product_variants,1924,"{'"id'": 1924, '"sku'": '"HT-WR3615'", '"price'": '"358.40'", '"depth_in'": '"12.00'", '"width_in'": '"36.00'", '"finish_id'": 9, '"height_in'": '"15.00'", '"created_at'": '"2026-06-26T18:13:08.164Z'", '"created_by'": null, '"deleted_at'": null, '"product_id'": 162, '"updated_at'": '"2026-06-30T20:04:04.606Z'", '"updated_by'": null, '"stock_status'": '"in_stock'"}","{'"id'": 1924, '"sku'": '"HT-WR3615'", '"price'": '"358.40'", '"depth_in'": '"12.00'", '"width_in'": '"36.00'", '"finish_id'": 9, '"height_in'": '"15.00'", '"created_at'": '"2026-06-26T18:13:08.164Z'", '"created_by'": null, '"deleted_at'": null, '"product_id'": 162, '"updated_at'": '"2026-07-03T18:38:51.784Z'", '"updated_by'": 1, '"stock_status'": '"in_stock'"}",2026-07-03 13:38:51.784319-05,,
976,1,UPDATE,product_variants,1924,"{'"id'": 1924, '"sku'": '"HT-WR3615'", '"price'": '"358.40'", '"depth_in'": '"12.00'", '"width_in'": '"36.00'", '"finish_id'": 9, '"height_in'": '"15.00'", '"created_at'": '"2026-06-26T18:13:08.164Z'", '"created_by'": null, '"deleted_at'": null, '"product_id'": 162, '"updated_at'": '"2026-07-03T18:38:51.784Z'", '"updated_by'": 1, '"stock_status'": '"in_stock'"}","{'"id'": 1924, '"sku'": '"HT-WR3615'", '"price'": '"358.40'", '"depth_in'": '"12.00'", '"width_in'": '"36.00'", '"finish_id'": 9, '"height_in'": '"15.00'", '"created_at'": '"2026-06-26T18:13:08.164Z'", '"created_by'": null, '"deleted_at'": null, '"product_id'": 162, '"updated_at'": '"2026-07-03T18:39:04.809Z'", '"updated_by'": 1, '"stock_status'": '"in_stock'"}",2026-07-03 13:39:04.809492-05,,
977,1,UPDATE,products,198,"{'"id'": 198, '"sku'": '"TP1884'", '"name'": '"TP1884'", '"image_url'": null, '"created_at'": '"2026-06-26T20:14:28.016Z'", '"created_by'": null, '"deleted_at'": null, '"updated_at'": '"2026-06-30T20:04:04.606Z'", '"updated_by'": null, '"description'": '"Tall Shelf Pantry w/2 Door & 5 Shelf'", '"sub_category_id'": 40}","{'"id'": 198, '"sku'": '"TP1884'", '"name'": '"TP1884'", '"image_url'": '"/uploads/products/c250ad52-dfa3-4bda-af90-e74bd45f6c61.png'", '"created_at'": '"2026-06-26T20:14:28.016Z'", '"created_by'": null, '"deleted_at'": null, '"updated_at'": '"2026-07-03T19:14:01.791Z'", '"updated_by'": 1, '"description'": '"Tall Shelf Pantry w/2 Door & 5 Shelf'", '"sub_category_id'": 40}",2026-07-03 14:14:01.791931-05,,
978,1,UPDATE,product_variants,2332,"{'"id'": 2332, '"sku'": '"HT-TP1884'", '"price'": '"1241.00'", '"depth_in'": '"24.00'", '"width_in'": '"18.00'", '"finish_id'": 9, '"height_in'": '"84.00'", '"created_at'": '"2026-06-26T20:14:28.016Z'", '"created_by'": null, '"deleted_at'": null, '"product_id'": 198, '"updated_at'": '"2026-06-30T20:04:04.606Z'", '"updated_by'": null, '"stock_status'": '"in_stock'"}","{'"id'": 2332, '"sku'": '"HT-TP1884'", '"price'": '"1241.00'", '"depth_in'": '"24.00'", '"width_in'": '"18.00'", '"finish_id'": 9, '"height_in'": '"84.00'", '"created_at'": '"2026-06-26T20:14:28.016Z'", '"created_by'": null, '"deleted_at'": null, '"product_id'": 198, '"updated_at'": '"2026-07-03T19:14:08.613Z'", '"updated_by'": 1, '"stock_status'": '"in_stock'"}",2026-07-03 14:14:08.613775-05,,
979,1,UPDATE,products,199,"{'"id'": 199, '"sku'": '"TP1890'", '"name'": '"TP1890'", '"image_url'": null, '"created_at'": '"2026-06-26T20:14:28.016Z'", '"created_by'": null, '"deleted_at'": null, '"updated_at'": '"2026-06-30T20:04:04.606Z'", '"updated_by'": null, '"description'": '"Tall Shelf Pantry w/2 Door & 5 Shelf'", '"sub_category_id'": 40}","{'"id'": 199, '"sku'": '"TP1890'", '"name'": '"TP1890'", '"image_url'": '"/uploads/products/a768bb07-e968-4864-820f-e2c9662535a5.png'", '"created_at'": '"2026-06-26T20:14:28.016Z'", '"created_by'": null, '"deleted_at'": null, '"updated_at'": '"2026-07-03T19:14:16.487Z'", '"updated_by'": 1, '"description'": '"Tall Shelf Pantry w/2 Door & 5 Shelf'", '"sub_category_id'": 40}",2026-07-03 14:14:16.487782-05,,
980,1,UPDATE,product_variants,2344,"{'"id'": 2344, '"sku'": '"HT-TP1890'", '"price'": '"1328.40'", '"depth_in'": '"24.00'", '"width_in'": '"18.00'", '"finish_id'": 9, '"height_in'": '"90.00'", '"created_at'": '"2026-06-26T20:14:28.016Z'", '"created_by'": null, '"deleted_at'": null, '"product_id'": 199, '"updated_at'": '"2026-06-30T20:04:04.606Z'", '"updated_by'": null, '"stock_status'": '"in_stock'"}","{'"id'": 2344, '"sku'": '"HT-TP1890'", '"price'": '"1328.40'", '"depth_in'": '"24.00'", '"width_in'": '"18.00'", '"finish_id'": 9, '"height_in'": '"90.00'", '"created_at'": '"2026-06-26T20:14:28.016Z'", '"created_by'": null, '"deleted_at'": null, '"product_id'": 199, '"updated_at'": '"2026-07-03T19:14:21.138Z'", '"updated_by'": 1, '"stock_status'": '"in_stock'"}",2026-07-03 14:14:21.138076-05,,
981,1,UPDATE,products,200,"{'"id'": 200, '"sku'": '"TP1896'", '"name'": '"TP1896'", '"image_url'": null, '"created_at'": '"2026-06-26T20:14:28.016Z'", '"created_by'": null, '"deleted_at'": null, '"updated_at'": '"2026-06-30T20:04:04.606Z'", '"updated_by'": null, '"description'": '"Tall Shelf Pantry w/2 Door & 6 Shelf'", '"sub_category_id'": 40}","{'"id'": 200, '"sku'": '"TP1896'", '"name'": '"TP1896'", '"image_url'": '"/uploads/products/93853fc2-758c-401c-b48e-128af3b16859.png'", '"created_at'": '"2026-06-26T20:14:28.016Z'", '"created_by'": null, '"deleted_at'": null, '"updated_at'": '"2026-07-03T19:14:30.298Z'", '"updated_by'": 1, '"description'": '"Tall Shelf Pantry w/2 Door & 6 Shelf'", '"sub_category_id'": 40}",2026-07-03 14:14:30.29866-05,,
982,1,UPDATE,product_variants,2356,"{'"id'": 2356, '"sku'": '"HT-TP1896'", '"price'": '"1476.20'", '"depth_in'": '"24.00'", '"width_in'": '"18.00'", '"finish_id'": 9, '"height_in'": '"96.00'", '"created_at'": '"2026-06-26T20:14:28.016Z'", '"created_by'": null, '"deleted_at'": null, '"product_id'": 200, '"updated_at'": '"2026-06-30T20:04:04.606Z'", '"updated_by'": null, '"stock_status'": '"in_stock'"}","{'"id'": 2356, '"sku'": '"HT-TP1896'", '"price'": '"1476.20'", '"depth_in'": '"24.00'", '"width_in'": '"18.00'", '"finish_id'": 9, '"height_in'": '"96.00'", '"created_at'": '"2026-06-26T20:14:28.016Z'", '"created_by'": null, '"deleted_at'": null, '"product_id'": 200, '"updated_at'": '"2026-07-03T19:14:35.763Z'", '"updated_by'": 1, '"stock_status'": '"in_stock'"}",2026-07-03 14:14:35.76346-05,,
983,1,UPDATE,products,201,"{'"id'": 201, '"sku'": '"TP2484'", '"name'": '"TP2484'", '"image_url'": null, '"created_at'": '"2026-06-26T20:14:28.016Z'", '"created_by'": null, '"deleted_at'": null, '"updated_at'": '"2026-06-30T20:04:04.606Z'", '"updated_by'": null, '"description'": '"Tall Shelf Pantry w/4 Door & 5 Shelf'", '"sub_category_id'": 40}","{'"id'": 201, '"sku'": '"TP2484'", '"name'": '"TP2484'", '"image_url'": '"/uploads/products/a8decc89-20d5-4aed-acf2-b95a19ceab39.png'", '"created_at'": '"2026-06-26T20:14:28.016Z'", '"created_by'": null, '"deleted_at'": null, '"updated_at'": '"2026-07-03T19:14:46.468Z'", '"updated_by'": 1, '"description'": '"Tall Shelf Pantry w/4 Door & 5 Shelf'", '"sub_category_id'": 40}",2026-07-03 14:14:46.468545-05,,
984,1,UPDATE,product_variants,2368,"{'"id'": 2368, '"sku'": '"HT-TP2484'", '"price'": '"1480.70'", '"depth_in'": '"24.00'", '"width_in'": '"24.00'", '"finish_id'": 9, '"height_in'": '"84.00'", '"created_at'": '"2026-06-26T20:14:28.016Z'", '"created_by'": null, '"deleted_at'": null, '"product_id'": 201, '"updated_at'": '"2026-06-30T20:04:04.606Z'", '"updated_by'": null, '"stock_status'": '"in_stock'"}","{'"id'": 2368, '"sku'": '"HT-TP2484'", '"price'": '"1480.70'", '"depth_in'": '"24.00'", '"width_in'": '"24.00'", '"finish_id'": 9, '"height_in'": '"84.00'", '"created_at'": '"2026-06-26T20:14:28.016Z'", '"created_by'": null, '"deleted_at'": null, '"product_id'": 201, '"updated_at'": '"2026-07-03T19:14:50.160Z'", '"updated_by'": 1, '"stock_status'": '"in_stock'"}",2026-07-03 14:14:50.160886-05,,
985,1,UPDATE,products,202,"{'"id'": 202, '"sku'": '"TP2490'", '"name'": '"TP2490'", '"image_url'": null, '"created_at'": '"2026-06-26T20:14:28.016Z'", '"created_by'": null, '"deleted_at'": null, '"updated_at'": '"2026-06-30T20:04:04.606Z'", '"updated_by'": null, '"description'": '"Tall Shelf Pantry w/4 Door & 5 Shelf'", '"sub_category_id'": 40}","{'"id'": 202, '"sku'": '"TP2490'", '"name'": '"TP2490'", '"image_url'": '"/uploads/products/d3b69e39-7ac1-446d-ba0a-b85df6781a75.png'", '"created_at'": '"2026-06-26T20:14:28.016Z'", '"created_by'": null, '"deleted_at'": null, '"updated_at'": '"2026-07-03T19:14:57.092Z'", '"updated_by'": 1, '"description'": '"Tall Shelf Pantry w/4 Door & 5 Shelf'", '"sub_category_id'": 40}",2026-07-03 14:14:57.092982-05,,
986,1,UPDATE,product_variants,2380,"{'"id'": 2380, '"sku'": '"HT-TP2490'", '"price'": '"1554.60'", '"depth_in'": '"24.00'", '"width_in'": '"24.00'", '"finish_id'": 9, '"height_in'": '"90.00'", '"created_at'": '"2026-06-26T20:14:28.016Z'", '"created_by'": null, '"deleted_at'": null, '"product_id'": 202, '"updated_at'": '"2026-06-30T20:04:04.606Z'", '"updated_by'": null, '"stock_status'": '"in_stock'"}","{'"id'": 2380, '"sku'": '"HT-TP2490'", '"price'": '"1554.60'", '"depth_in'": '"24.00'", '"width_in'": '"24.00'", '"finish_id'": 9, '"height_in'": '"90.00'", '"created_at'": '"2026-06-26T20:14:28.016Z'", '"created_by'": null, '"deleted_at'": null, '"product_id'": 202, '"updated_at'": '"2026-07-03T19:15:01.979Z'", '"updated_by'": 1, '"stock_status'": '"in_stock'"}",2026-07-03 14:15:01.979464-05,,
987,1,UPDATE,products,203,"{'"id'": 203, '"sku'": '"TP2496'", '"name'": '"TP2496'", '"image_url'": null, '"created_at'": '"2026-06-26T20:14:28.016Z'", '"created_by'": null, '"deleted_at'": null, '"updated_at'": '"2026-06-30T20:04:04.606Z'", '"updated_by'": null, '"description'": '"Tall Shelf Pantry w/4 Door & 6 Shelf'", '"sub_category_id'": 40}","{'"id'": 203, '"sku'": '"TP2496'", '"name'": '"TP2496'", '"image_url'": '"/uploads/products/bf0f499b-f58f-4b31-ad43-e09459426ba6.png'", '"created_at'": '"2026-06-26T20:14:28.016Z'", '"created_by'": null, '"deleted_at'": null, '"updated_at'": '"2026-07-03T19:15:09.678Z'", '"updated_by'": 1, '"description'": '"Tall Shelf Pantry w/4 Door & 6 Shelf'", '"sub_category_id'": 40}",2026-07-03 14:15:09.678961-05,,
988,1,UPDATE,product_variants,2392,"{'"id'": 2392, '"sku'": '"HT-TP2496'", '"price'": '"1689.00'", '"depth_in'": '"24.00'", '"width_in'": '"24.00'", '"finish_id'": 9, '"height_in'": '"96.00'", '"created_at'": '"2026-06-26T20:14:28.016Z'", '"created_by'": null, '"deleted_at'": null, '"product_id'": 203, '"updated_at'": '"2026-06-30T20:04:04.606Z'", '"updated_by'": null, '"stock_status'": '"in_stock'"}","{'"id'": 2392, '"sku'": '"HT-TP2496'", '"price'": '"1689.00'", '"depth_in'": '"24.00'", '"width_in'": '"24.00'", '"finish_id'": 9, '"height_in'": '"96.00'", '"created_at'": '"2026-06-26T20:14:28.016Z'", '"created_by'": null, '"deleted_at'": null, '"product_id'": 203, '"updated_at'": '"2026-07-03T19:15:16.498Z'", '"updated_by'": 1, '"stock_status'": '"in_stock'"}",2026-07-03 14:15:16.498664-05,,
989,1,UPDATE,products,204,"{'"id'": 204, '"sku'": '"TP3084'", '"name'": '"TP3084'", '"image_url'": null, '"created_at'": '"2026-06-26T20:14:28.016Z'", '"created_by'": null, '"deleted_at'": null, '"updated_at'": '"2026-06-30T20:04:04.606Z'", '"updated_by'": null, '"description'": '"Tall Shelf Pantry w/4 Door & 5 Shelf'", '"sub_category_id'": 40}","{'"id'": 204, '"sku'": '"TP3084'", '"name'": '"TP3084'", '"image_url'": '"/uploads/products/b562554f-5096-4a0c-8093-ea4188b4b530.png'", '"created_at'": '"2026-06-26T20:14:28.016Z'", '"created_by'": null, '"deleted_at'": null, '"updated_at'": '"2026-07-03T19:15:27.197Z'", '"updated_by'": 1, '"description'": '"Tall Shelf Pantry w/4 Door & 5 Shelf'", '"sub_category_id'": 40}",2026-07-03 14:15:27.197869-05,,
990,1,UPDATE,product_variants,2404,"{'"id'": 2404, '"sku'": '"HT-TP3084'", '"price'": '"1648.70'", '"depth_in'": '"24.00'", '"width_in'": '"30.00'", '"finish_id'": 9, '"height_in'": '"84.00'", '"created_at'": '"2026-06-26T20:14:28.016Z'", '"created_by'": null, '"deleted_at'": null, '"product_id'": 204, '"updated_at'": '"2026-06-30T20:04:04.606Z'", '"updated_by'": null, '"stock_status'": '"in_stock'"}","{'"id'": 2404, '"sku'": '"HT-TP3084'", '"price'": '"1648.70'", '"depth_in'": '"24.00'", '"width_in'": '"30.00'", '"finish_id'": 9, '"height_in'": '"84.00'", '"created_at'": '"2026-06-26T20:14:28.016Z'", '"created_by'": null, '"deleted_at'": null, '"product_id'": 204, '"updated_at'": '"2026-07-03T19:15:33.461Z'", '"updated_by'": 1, '"stock_status'": '"in_stock'"}",2026-07-03 14:15:33.461765-05,,
991,1,UPDATE,products,269,"{'"id'": 269, '"sku'": '"TP3090'", '"name'": '"TP3090'", '"image_url'": null, '"created_at'": '"2026-06-26T21:29:57.071Z'", '"created_by'": null, '"deleted_at'": null, '"updated_at'": '"2026-06-30T20:04:04.606Z'", '"updated_by'": null, '"description'": '"Tall Shelf Pantry w/4 Door & 5 Shelf'", '"sub_category_id'": 40}","{'"id'": 269, '"sku'": '"TP3090'", '"name'": '"TP3090'", '"image_url'": '"/uploads/products/4f053c0a-b76e-40d9-a403-e80714852e86.png'", '"created_at'": '"2026-06-26T21:29:57.071Z'", '"created_by'": null, '"deleted_at'": null, '"updated_at'": '"2026-07-03T19:15:42.135Z'", '"updated_by'": 1, '"description'": '"Tall Shelf Pantry w/4 Door & 5 Shelf'", '"sub_category_id'": 40}",2026-07-03 14:15:42.135206-05,,
992,1,UPDATE,product_variants,3196,"{'"id'": 3196, '"sku'": '"HT-TP3090'", '"price'": '"1700.20'", '"depth_in'": '"24.00'", '"width_in'": '"30.00'", '"finish_id'": 9, '"height_in'": '"90.00'", '"created_at'": '"2026-06-26T21:29:57.071Z'", '"created_by'": null, '"deleted_at'": null, '"product_id'": 269, '"updated_at'": '"2026-06-30T20:04:04.606Z'", '"updated_by'": null, '"stock_status'": '"in_stock'"}","{'"id'": 3196, '"sku'": '"HT-TP3090'", '"price'": '"1700.20'", '"depth_in'": '"24.00'", '"width_in'": '"30.00'", '"finish_id'": 9, '"height_in'": '"90.00'", '"created_at'": '"2026-06-26T21:29:57.071Z'", '"created_by'": null, '"deleted_at'": null, '"product_id'": 269, '"updated_at'": '"2026-07-03T19:15:48.910Z'", '"updated_by'": 1, '"stock_status'": '"in_stock'"}",2026-07-03 14:15:48.910005-05,,
993,1,UPDATE,product_variants,3196,"{'"id'": 3196, '"sku'": '"HT-TP3090'", '"price'": '"1700.20'", '"depth_in'": '"24.00'", '"width_in'": '"30.00'", '"finish_id'": 9, '"height_in'": '"90.00'", '"created_at'": '"2026-06-26T21:29:57.071Z'", '"created_by'": null, '"deleted_at'": null, '"product_id'": 269, '"updated_at'": '"2026-07-03T19:15:48.910Z'", '"updated_by'": 1, '"stock_status'": '"in_stock'"}","{'"id'": 3196, '"sku'": '"HT-TP3090'", '"price'": '"1700.20'", '"depth_in'": '"24.00'", '"width_in'": '"30.00'", '"finish_id'": 9, '"height_in'": '"90.00'", '"created_at'": '"2026-06-26T21:29:57.071Z'", '"created_by'": null, '"deleted_at'": null, '"product_id'": 269, '"updated_at'": '"2026-07-03T19:15:50.132Z'", '"updated_by'": 1, '"stock_status'": '"in_stock'"}",2026-07-03 14:15:50.132173-05,,
994,1,UPDATE,products,269,"{'"id'": 269, '"sku'": '"TP3090'", '"name'": '"TP3090'", '"image_url'": '"/uploads/products/4f053c0a-b76e-40d9-a403-e80714852e86.png'", '"created_at'": '"2026-06-26T21:29:57.071Z'", '"created_by'": null, '"deleted_at'": null, '"updated_at'": '"2026-07-03T19:15:42.135Z'", '"updated_by'": 1, '"description'": '"Tall Shelf Pantry w/4 Door & 5 Shelf'", '"sub_category_id'": 40}","{'"id'": 269, '"sku'": '"TP3090'", '"name'": '"TP3090'", '"image_url'": '"/uploads/products/4f053c0a-b76e-40d9-a403-e80714852e86.png'", '"created_at'": '"2026-06-26T21:29:57.071Z'", '"created_by'": null, '"deleted_at'": null, '"updated_at'": '"2026-07-03T19:15:50.132Z'", '"updated_by'": 1, '"description'": '"Tall Shelf Pantry w/4 Door & 5 Shelf'", '"sub_category_id'": 40}",2026-07-03 14:15:50.132173-05,,
995,1,UPDATE,products,205,"{'"id'": 205, '"sku'": '"TP3096'", '"name'": '"TP3096'", '"image_url'": null, '"created_at'": '"2026-06-26T20:14:28.016Z'", '"created_by'": null, '"deleted_at'": null, '"updated_at'": '"2026-06-30T20:04:04.606Z'", '"updated_by'": null, '"description'": '"Tall Shelf Pantry w/4 Door & 6 Shelf'", '"sub_category_id'": 40}","{'"id'": 205, '"sku'": '"TP3096'", '"name'": '"TP3096'", '"image_url'": '"/uploads/products/eff4875c-5442-423e-92c7-e3a4ed3258db.png'", '"created_at'": '"2026-06-26T20:14:28.016Z'", '"created_by'": null, '"deleted_at'": null, '"updated_at'": '"2026-07-03T19:16:02.316Z'", '"updated_by'": 1, '"description'": '"Tall Shelf Pantry w/4 Door & 6 Shelf'", '"sub_category_id'": 40}",2026-07-03 14:16:02.316486-05,,
996,1,UPDATE,product_variants,2428,"{'"id'": 2428, '"sku'": '"HT-TP3096'", '"price'": '"1745.00'", '"depth_in'": '"24.00'", '"width_in'": '"30.00'", '"finish_id'": 9, '"height_in'": '"96.00'", '"created_at'": '"2026-06-26T20:14:28.016Z'", '"created_by'": null, '"deleted_at'": null, '"product_id'": 205, '"updated_at'": '"2026-06-30T20:04:04.606Z'", '"updated_by'": null, '"stock_status'": '"in_stock'"}","{'"id'": 2428, '"sku'": '"HT-TP3096'", '"price'": '"1745.00'", '"depth_in'": '"24.00'", '"width_in'": '"30.00'", '"finish_id'": 9, '"height_in'": '"96.00'", '"created_at'": '"2026-06-26T20:14:28.016Z'", '"created_by'": null, '"deleted_at'": null, '"product_id'": 205, '"updated_at'": '"2026-07-03T19:16:07.796Z'", '"updated_by'": 1, '"stock_status'": '"in_stock'"}",2026-07-03 14:16:07.796085-05,,
997,1,UPDATE,product_variants,2344,"{'"id'": 2344, '"sku'": '"HT-TP1890'", '"price'": '"1328.40'", '"depth_in'": '"24.00'", '"width_in'": '"18.00'", '"finish_id'": 9, '"height_in'": '"90.00'", '"created_at'": '"2026-06-26T20:14:28.016Z'", '"created_by'": null, '"deleted_at'": null, '"product_id'": 199, '"updated_at'": '"2026-07-03T19:14:21.138Z'", '"updated_by'": 1, '"stock_status'": '"in_stock'"}","{'"id'": 2344, '"sku'": '"HT-TP1890'", '"price'": '"1328.40'", '"depth_in'": '"24.00'", '"width_in'": '"18.00'", '"finish_id'": 9, '"height_in'": '"90.00'", '"created_at'": '"2026-06-26T20:14:28.016Z'", '"created_by'": null, '"deleted_at'": null, '"product_id'": 199, '"updated_at'": '"2026-07-03T19:16:54.315Z'", '"updated_by'": 1, '"stock_status'": '"in_stock'"}",2026-07-03 14:16:54.315383-05,,
998,1,UPDATE,product_variants,2356,"{'"id'": 2356, '"sku'": '"HT-TP1896'", '"price'": '"1476.20'", '"depth_in'": '"24.00'", '"width_in'": '"18.00'", '"finish_id'": 9, '"height_in'": '"96.00'", '"created_at'": '"2026-06-26T20:14:28.016Z'", '"created_by'": null, '"deleted_at'": null, '"product_id'": 200, '"updated_at'": '"2026-07-03T19:14:35.763Z'", '"updated_by'": 1, '"stock_status'": '"in_stock'"}","{'"id'": 2356, '"sku'": '"HT-TP1896'", '"price'": '"1476.20'", '"depth_in'": '"24.00'", '"width_in'": '"18.00'", '"finish_id'": 9, '"height_in'": '"96.00'", '"created_at'": '"2026-06-26T20:14:28.016Z'", '"created_by'": null, '"deleted_at'": null, '"product_id'": 200, '"updated_at'": '"2026-07-03T19:16:57.206Z'", '"updated_by'": 1, '"stock_status'": '"in_stock'"}",2026-07-03 14:16:57.206399-05,,
999,1,UPDATE,product_variants,2368,"{'"id'": 2368, '"sku'": '"HT-TP2484'", '"price'": '"1480.70'", '"depth_in'": '"24.00'", '"width_in'": '"24.00'", '"finish_id'": 9, '"height_in'": '"84.00'", '"created_at'": '"2026-06-26T20:14:28.016Z'", '"created_by'": null, '"deleted_at'": null, '"product_id'": 201, '"updated_at'": '"2026-07-03T19:14:50.160Z'", '"updated_by'": 1, '"stock_status'": '"in_stock'"}","{'"id'": 2368, '"sku'": '"HT-TP2484'", '"price'": '"1480.70'", '"depth_in'": '"24.00'", '"width_in'": '"24.00'", '"finish_id'": 9, '"height_in'": '"84.00'", '"created_at'": '"2026-06-26T20:14:28.016Z'", '"created_by'": null, '"deleted_at'": null, '"product_id'": 201, '"updated_at'": '"2026-07-03T19:16:59.754Z'", '"updated_by'": 1, '"stock_status'": '"in_stock'"}",2026-07-03 14:16:59.754374-05,,
1000,1,UPDATE,product_variants,2380,"{'"id'": 2380, '"sku'": '"HT-TP2490'", '"price'": '"1554.60'", '"depth_in'": '"24.00'", '"width_in'": '"24.00'", '"finish_id'": 9, '"height_in'": '"90.00'", '"created_at'": '"2026-06-26T20:14:28.016Z'", '"created_by'": null, '"deleted_at'": null, '"product_id'": 202, '"updated_at'": '"2026-07-03T19:15:01.979Z'", '"updated_by'": 1, '"stock_status'": '"in_stock'"}","{'"id'": 2380, '"sku'": '"HT-TP2490'", '"price'": '"1554.60'", '"depth_in'": '"24.00'", '"width_in'": '"24.00'", '"finish_id'": 9, '"height_in'": '"90.00'", '"created_at'": '"2026-06-26T20:14:28.016Z'", '"created_by'": null, '"deleted_at'": null, '"product_id'": 202, '"updated_at'": '"2026-07-03T19:17:02.878Z'", '"updated_by'": 1, '"stock_status'": '"in_stock'"}",2026-07-03 14:17:02.878428-05,,
1001,1,UPDATE,products,265,"{'"id'": 265, '"sku'": '"FLS48'", '"name'": '"FLS48'", '"image_url'": null, '"created_at'": '"2026-06-26T21:29:57.071Z'", '"created_by'": null, '"deleted_at'": null, '"updated_at'": '"2026-06-30T20:04:04.606Z'", '"updated_by'": null, '"description'": '"Flat Shelf'", '"sub_category_id'": 43}","{'"id'": 265, '"sku'": '"FLS48'", '"name'": '"FLS48'", '"image_url'": '"/uploads/products/1bb97686-b163-4731-b14b-06bbed4ea6f1.webp'", '"created_at'": '"2026-06-26T21:29:57.071Z'", '"created_by'": null, '"deleted_at'": null, '"updated_at'": '"2026-07-03T19:18:52.531Z'", '"updated_by'": 1, '"description'": '"Flat Shelf'", '"sub_category_id'": 43}",2026-07-03 14:18:52.531304-05,,
1002,1,UPDATE,product_variants,3148,"{'"id'": 3148, '"sku'": '"HT-FLS48'", '"price'": '"362.90'", '"depth_in'": '"12.00'", '"width_in'": '"48.00'", '"finish_id'": 9, '"height_in'": '"2.00'", '"created_at'": '"2026-06-26T21:29:57.071Z'", '"created_by'": null, '"deleted_at'": null, '"product_id'": 265, '"updated_at'": '"2026-06-30T20:04:04.606Z'", '"updated_by'": null, '"stock_status'": '"in_stock'"}","{'"id'": 3148, '"sku'": '"HT-FLS48'", '"price'": '"362.90'", '"depth_in'": '"12.00'", '"width_in'": '"48.00'", '"finish_id'": 9, '"height_in'": '"2.00'", '"created_at'": '"2026-06-26T21:29:57.071Z'", '"created_by'": null, '"deleted_at'": null, '"product_id'": 265, '"updated_at'": '"2026-07-03T19:18:58.201Z'", '"updated_by'": 1, '"stock_status'": '"in_stock'"}",2026-07-03 14:18:58.201227-05,,
1003,1,UPDATE,products,264,"{'"id'": 264, '"sku'": '"FLS36'", '"name'": '"FLS36'", '"image_url'": null, '"created_at'": '"2026-06-26T21:29:57.071Z'", '"created_by'": null, '"deleted_at'": null, '"updated_at'": '"2026-06-30T20:04:04.606Z'", '"updated_by'": null, '"description'": '"Flat Shelf'", '"sub_category_id'": 43}","{'"id'": 264, '"sku'": '"FLS36'", '"name'": '"FLS36'", '"image_url'": '"/uploads/products/3c62550b-9ad3-446d-8e63-a92dacd67fc7.png'", '"created_at'": '"2026-06-26T21:29:57.071Z'", '"created_by'": null, '"deleted_at'": null, '"updated_at'": '"2026-07-03T19:19:06.853Z'", '"updated_by'": 1, '"description'": '"Flat Shelf'", '"sub_category_id'": 43}",2026-07-03 14:19:06.853717-05,,
1004,1,UPDATE,product_variants,3136,"{'"id'": 3136, '"sku'": '"HT-FLS36'", '"price'": '"333.80'", '"depth_in'": '"12.00'", '"width_in'": '"36.00'", '"finish_id'": 9, '"height_in'": '"2.00'", '"created_at'": '"2026-06-26T21:29:57.071Z'", '"created_by'": null, '"deleted_at'": null, '"product_id'": 264, '"updated_at'": '"2026-06-30T20:04:04.606Z'", '"updated_by'": null, '"stock_status'": '"in_stock'"}","{'"id'": 3136, '"sku'": '"HT-FLS36'", '"price'": '"333.80'", '"depth_in'": '"12.00'", '"width_in'": '"36.00'", '"finish_id'": 9, '"height_in'": '"2.00'", '"created_at'": '"2026-06-26T21:29:57.071Z'", '"created_by'": null, '"deleted_at'": null, '"product_id'": 264, '"updated_at'": '"2026-07-03T19:19:09.799Z'", '"updated_by'": 1, '"stock_status'": '"in_stock'"}",2026-07-03 14:19:09.799522-05,,
1005,1,UPDATE,products,263,"{'"id'": 263, '"sku'": '"FLS30'", '"name'": '"FLS30'", '"image_url'": null, '"created_at'": '"2026-06-26T21:29:57.071Z'", '"created_by'": null, '"deleted_at'": null, '"updated_at'": '"2026-06-30T20:04:04.606Z'", '"updated_by'": null, '"description'": '"Flat Shelf'", '"sub_category_id'": 43}","{'"id'": 263, '"sku'": '"FLS30'", '"name'": '"FLS30'", '"image_url'": '"/uploads/products/747a7780-d6af-4b8a-9466-59a1e4942b56.webp'", '"created_at'": '"2026-06-26T21:29:57.071Z'", '"created_by'": null, '"deleted_at'": null, '"updated_at'": '"2026-07-03T19:19:17.638Z'", '"updated_by'": 1, '"description'": '"Flat Shelf'", '"sub_category_id'": 43}",2026-07-03 14:19:17.638817-05,,
1006,1,UPDATE,product_variants,3124,"{'"id'": 3124, '"sku'": '"HT-FLS30'", '"price'": '"286.80'", '"depth_in'": '"12.00'", '"width_in'": '"30.00'", '"finish_id'": 9, '"height_in'": '"2.00'", '"created_at'": '"2026-06-26T21:29:57.071Z'", '"created_by'": null, '"deleted_at'": null, '"product_id'": 263, '"updated_at'": '"2026-06-30T20:04:04.606Z'", '"updated_by'": null, '"stock_status'": '"in_stock'"}","{'"id'": 3124, '"sku'": '"HT-FLS30'", '"price'": '"286.80'", '"depth_in'": '"12.00'", '"width_in'": '"30.00'", '"finish_id'": 9, '"height_in'": '"2.00'", '"created_at'": '"2026-06-26T21:29:57.071Z'", '"created_by'": null, '"deleted_at'": null, '"product_id'": 263, '"updated_at'": '"2026-07-03T19:19:20.515Z'", '"updated_by'": 1, '"stock_status'": '"in_stock'"}",2026-07-03 14:19:20.515377-05,,
1007,1,UPDATE,products,85,"{'"id'": 85, '"sku'": '"VSD3021R'", '"name'": '"VSD3021R'", '"image_url'": null, '"created_at'": '"2026-06-26T15:23:43.959Z'", '"created_by'": null, '"deleted_at'": null, '"updated_at'": '"2026-06-30T20:04:04.606Z'", '"updated_by'": null, '"description'": '"1 Door & 2 Right Drawer'", '"sub_category_id'": 10}","{'"id'": 85, '"sku'": '"VSD3021R'", '"name'": '"VSD3021R'", '"image_url'": '"/uploads/products/6f33635d-3fdf-4a6b-a523-30bd2b7edf93.png'", '"created_at'": '"2026-06-26T15:23:43.959Z'", '"created_by'": null, '"deleted_at'": null, '"updated_at'": '"2026-07-03T19:24:01.395Z'", '"updated_by'": 1, '"description'": '"1 Door & 2 Right Drawer'", '"sub_category_id'": 10}",2026-07-03 14:24:01.395852-05,,
1008,1,UPDATE,product_variants,718,"{'"id'": 718, '"sku'": '"HT-VSD3021R'", '"price'": '"777.30'", '"depth_in'": '"21.00'", '"width_in'": '"30.00'", '"finish_id'": 9, '"height_in'": '"34.50'", '"created_at'": '"2026-06-26T15:23:43.959Z'", '"created_by'": null, '"deleted_at'": null, '"product_id'": 85, '"updated_at'": '"2026-06-30T20:04:04.606Z'", '"updated_by'": null, '"stock_status'": '"in_stock'"}","{'"id'": 718, '"sku'": '"HT-VSD3021R'", '"price'": '"777.30'", '"depth_in'": '"21.00'", '"width_in'": '"30.00'", '"finish_id'": 9, '"height_in'": '"34.50'", '"created_at'": '"2026-06-26T15:23:43.959Z'", '"created_by'": null, '"deleted_at'": null, '"product_id'": 85, '"updated_at'": '"2026-07-03T19:24:07.342Z'", '"updated_by'": 1, '"stock_status'": '"in_stock'"}",2026-07-03 14:24:07.342786-05,,
1009,1,UPDATE,products,84,"{'"id'": 84, '"sku'": '"VSD3021L'", '"name'": '"VSD3021L'", '"image_url'": null, '"created_at'": '"2026-06-26T15:23:43.959Z'", '"created_by'": null, '"deleted_at'": null, '"updated_at'": '"2026-06-30T20:04:04.606Z'", '"updated_by'": null, '"description'": '"1 Door & 2 Left Drawer'", '"sub_category_id'": 10}","{'"id'": 84, '"sku'": '"VSD3021L'", '"name'": '"VSD3021L'", '"image_url'": '"/uploads/products/b5c26bc2-52fc-49e3-b8d8-f1201c41bc64.png'", '"created_at'": '"2026-06-26T15:23:43.959Z'", '"created_by'": null, '"deleted_at'": null, '"updated_at'": '"2026-07-03T19:24:18.229Z'", '"updated_by'": 1, '"description'": '"1 Door & 2 Left Drawer'", '"sub_category_id'": 10}",2026-07-03 14:24:18.229326-05,,
1010,1,UPDATE,product_variants,706,"{'"id'": 706, '"sku'": '"HT-VSD3021L'", '"price'": '"777.30'", '"depth_in'": '"21.00'", '"width_in'": '"30.00'", '"finish_id'": 9, '"height_in'": '"34.50'", '"created_at'": '"2026-06-26T15:23:43.959Z'", '"created_by'": null, '"deleted_at'": null, '"product_id'": 84, '"updated_at'": '"2026-06-30T20:04:04.606Z'", '"updated_by'": null, '"stock_status'": '"in_stock'"}","{'"id'": 706, '"sku'": '"HT-VSD3021L'", '"price'": '"777.30'", '"depth_in'": '"21.00'", '"width_in'": '"30.00'", '"finish_id'": 9, '"height_in'": '"34.50'", '"created_at'": '"2026-06-26T15:23:43.959Z'", '"created_by'": null, '"deleted_at'": null, '"product_id'": 84, '"updated_at'": '"2026-07-03T19:24:24.804Z'", '"updated_by'": 1, '"stock_status'": '"in_stock'"}",2026-07-03 14:24:24.80403-05,,
1011,1,UPDATE,products,86,"{'"id'": 86, '"sku'": '"VSD3621L'", '"name'": '"VSD3621L'", '"image_url'": null, '"created_at'": '"2026-06-26T15:23:43.959Z'", '"created_by'": null, '"deleted_at'": null, '"updated_at'": '"2026-06-30T20:04:04.606Z'", '"updated_by'": null, '"description'": '"2 Door & 2 Left Drawer'", '"sub_category_id'": 10}","{'"id'": 86, '"sku'": '"VSD3621L'", '"name'": '"VSD3621L'", '"image_url'": '"/uploads/products/4a6430a8-7b5b-49a8-a301-adc05ebae9a4.png'", '"created_at'": '"2026-06-26T15:23:43.959Z'", '"created_by'": null, '"deleted_at'": null, '"updated_at'": '"2026-07-03T19:28:07.150Z'", '"updated_by'": 1, '"description'": '"2 Door & 2 Left Drawer'", '"sub_category_id'": 10}",2026-07-03 14:28:07.150238-05,,
1012,1,UPDATE,product_variants,730,"{'"id'": 730, '"sku'": '"HT-VSD3621L'", '"price'": '"840.00'", '"depth_in'": '"21.00'", '"width_in'": '"36.00'", '"finish_id'": 9, '"height_in'": '"34.50'", '"created_at'": '"2026-06-26T15:23:43.959Z'", '"created_by'": null, '"deleted_at'": null, '"product_id'": 86, '"updated_at'": '"2026-06-30T20:04:04.606Z'", '"updated_by'": null, '"stock_status'": '"in_stock'"}","{'"id'": 730, '"sku'": '"HT-VSD3621L'", '"price'": '"840.00'", '"depth_in'": '"21.00'", '"width_in'": '"36.00'", '"finish_id'": 9, '"height_in'": '"34.50'", '"created_at'": '"2026-06-26T15:23:43.959Z'", '"created_by'": null, '"deleted_at'": null, '"product_id'": 86, '"updated_at'": '"2026-07-03T19:28:11.790Z'", '"updated_by'": 1, '"stock_status'": '"in_stock'"}",2026-07-03 14:28:11.790181-05,,
1013,1,UPDATE,products,87,"{'"id'": 87, '"sku'": '"VSD3621R'", '"name'": '"VSD3621R'", '"image_url'": null, '"created_at'": '"2026-06-26T15:23:43.959Z'", '"created_by'": null, '"deleted_at'": null, '"updated_at'": '"2026-06-30T20:04:04.606Z'", '"updated_by'": null, '"description'": '"2 Door & 2 Right Drawer'", '"sub_category_id'": 10}","{'"id'": 87, '"sku'": '"VSD3621R'", '"name'": '"VSD3621R'", '"image_url'": '"/uploads/products/14cad9b9-eb97-48a3-a5fc-919ababc8256.png'", '"created_at'": '"2026-06-26T15:23:43.959Z'", '"created_by'": null, '"deleted_at'": null, '"updated_at'": '"2026-07-03T19:28:20.255Z'", '"updated_by'": 1, '"description'": '"2 Door & 2 Right Drawer'", '"sub_category_id'": 10}",2026-07-03 14:28:20.25527-05,,
1014,1,UPDATE,product_variants,742,"{'"id'": 742, '"sku'": '"HT-VSD3621R'", '"price'": '"840.00'", '"depth_in'": '"21.00'", '"width_in'": '"36.00'", '"finish_id'": 9, '"height_in'": '"34.50'", '"created_at'": '"2026-06-26T15:23:43.959Z'", '"created_by'": null, '"deleted_at'": null, '"product_id'": 87, '"updated_at'": '"2026-06-30T20:04:04.606Z'", '"updated_by'": null, '"stock_status'": '"in_stock'"}","{'"id'": 742, '"sku'": '"HT-VSD3621R'", '"price'": '"840.00'", '"depth_in'": '"21.00'", '"width_in'": '"36.00'", '"finish_id'": 9, '"height_in'": '"34.50'", '"created_at'": '"2026-06-26T15:23:43.959Z'", '"created_by'": null, '"deleted_at'": null, '"product_id'": 87, '"updated_at'": '"2026-07-03T19:28:24.814Z'", '"updated_by'": 1, '"stock_status'": '"in_stock'"}",2026-07-03 14:28:24.814398-05,,
1015,1,UPDATE,products,174,"{'"id'": 174, '"sku'": '"VSB2421'", '"name'": '"VSB2421'", '"image_url'": null, '"created_at'": '"2026-06-26T18:46:47.690Z'", '"created_by'": null, '"deleted_at'": null, '"updated_at'": '"2026-06-30T20:04:04.606Z'", '"updated_by'": null, '"description'": '"2 Door & 1 False Drawer'", '"sub_category_id'": 10}","{'"id'": 174, '"sku'": '"VSB2421'", '"name'": '"VSB2421'", '"image_url'": '"/uploads/products/bb083d31-1960-41d5-9e79-7fce69b2da81.png'", '"created_at'": '"2026-06-26T18:46:47.690Z'", '"created_by'": null, '"deleted_at'": null, '"updated_at'": '"2026-07-03T19:28:42.132Z'", '"updated_by'": 1, '"description'": '"2 Door & 1 False Drawer'", '"sub_category_id'": 10}",2026-07-03 14:28:42.13298-05,,
1016,1,UPDATE,product_variants,2044,"{'"id'": 2044, '"sku'": '"HT-VSB2421'", '"price'": '"555.60'", '"depth_in'": '"21.00'", '"width_in'": '"24.00'", '"finish_id'": 9, '"height_in'": '"34.50'", '"created_at'": '"2026-06-26T18:46:47.690Z'", '"created_by'": null, '"deleted_at'": null, '"product_id'": 174, '"updated_at'": '"2026-06-30T20:04:04.606Z'", '"updated_by'": null, '"stock_status'": '"in_stock'"}","{'"id'": 2044, '"sku'": '"HT-VSB2421'", '"price'": '"555.60'", '"depth_in'": '"21.00'", '"width_in'": '"24.00'", '"finish_id'": 9, '"height_in'": '"34.50'", '"created_at'": '"2026-06-26T18:46:47.690Z'", '"created_by'": null, '"deleted_at'": null, '"product_id'": 174, '"updated_at'": '"2026-07-03T19:28:47.243Z'", '"updated_by'": 1, '"stock_status'": '"in_stock'"}",2026-07-03 14:28:47.24392-05,,
1017,1,UPDATE,products,175,"{'"id'": 175, '"sku'": '"VSB2721'", '"name'": '"VSB2721'", '"image_url'": null, '"created_at'": '"2026-06-26T18:46:47.690Z'", '"created_by'": null, '"deleted_at'": null, '"updated_at'": '"2026-06-30T20:04:04.606Z'", '"updated_by'": null, '"description'": '"2 Door & 1 False Drawer'", '"sub_category_id'": 10}","{'"id'": 175, '"sku'": '"VSB2721'", '"name'": '"VSB2721'", '"image_url'": '"/uploads/products/aa28146d-64e9-48b0-b4a8-5d7982b3a278.png'", '"created_at'": '"2026-06-26T18:46:47.690Z'", '"created_by'": null, '"deleted_at'": null, '"updated_at'": '"2026-07-03T19:28:53.356Z'", '"updated_by'": 1, '"description'": '"2 Door & 1 False Drawer'", '"sub_category_id'": 10}",2026-07-03 14:28:53.35633-05,,
1018,1,UPDATE,product_variants,2056,"{'"id'": 2056, '"sku'": '"HT-VSB2721'", '"price'": '"586.90'", '"depth_in'": '"21.00'", '"width_in'": '"27.00'", '"finish_id'": 9, '"height_in'": '"34.50'", '"created_at'": '"2026-06-26T18:46:47.690Z'", '"created_by'": null, '"deleted_at'": null, '"product_id'": 175, '"updated_at'": '"2026-06-30T20:04:04.606Z'", '"updated_by'": null, '"stock_status'": '"in_stock'"}","{'"id'": 2056, '"sku'": '"HT-VSB2721'", '"price'": '"586.90'", '"depth_in'": '"21.00'", '"width_in'": '"27.00'", '"finish_id'": 9, '"height_in'": '"34.50'", '"created_at'": '"2026-06-26T18:46:47.690Z'", '"created_by'": null, '"deleted_at'": null, '"product_id'": 175, '"updated_at'": '"2026-07-03T19:28:56.668Z'", '"updated_by'": 1, '"stock_status'": '"in_stock'"}",2026-07-03 14:28:56.668153-05,,
1019,1,UPDATE,products,176,"{'"id'": 176, '"sku'": '"VSB3021'", '"name'": '"VSB3021'", '"image_url'": null, '"created_at'": '"2026-06-26T18:46:47.690Z'", '"created_by'": null, '"deleted_at'": null, '"updated_at'": '"2026-06-30T20:04:04.606Z'", '"updated_by'": null, '"description'": '"2 Door & 1 False Drawer'", '"sub_category_id'": 10}","{'"id'": 176, '"sku'": '"VSB3021'", '"name'": '"VSB3021'", '"image_url'": '"/uploads/products/0dc1793a-828b-4707-913e-ddafc511f36b.png'", '"created_at'": '"2026-06-26T18:46:47.690Z'", '"created_by'": null, '"deleted_at'": null, '"updated_at'": '"2026-07-03T19:29:04.669Z'", '"updated_by'": 1, '"description'": '"2 Door & 1 False Drawer'", '"sub_category_id'": 10}",2026-07-03 14:29:04.669267-05,,
1020,1,UPDATE,product_variants,2068,"{'"id'": 2068, '"sku'": '"HT-VSB3021'", '"price'": '"616.00'", '"depth_in'": '"21.00'", '"width_in'": '"30.00'", '"finish_id'": 9, '"height_in'": '"34.50'", '"created_at'": '"2026-06-26T18:46:47.690Z'", '"created_by'": null, '"deleted_at'": null, '"product_id'": 176, '"updated_at'": '"2026-06-30T20:04:04.606Z'", '"updated_by'": null, '"stock_status'": '"in_stock'"}","{'"id'": 2068, '"sku'": '"HT-VSB3021'", '"price'": '"616.00'", '"depth_in'": '"21.00'", '"width_in'": '"30.00'", '"finish_id'": 9, '"height_in'": '"34.50'", '"created_at'": '"2026-06-26T18:46:47.690Z'", '"created_by'": null, '"deleted_at'": null, '"product_id'": 176, '"updated_at'": '"2026-07-03T19:29:08.423Z'", '"updated_by'": 1, '"stock_status'": '"in_stock'"}",2026-07-03 14:29:08.423553-05,,
1021,1,UPDATE,products,177,"{'"id'": 177, '"sku'": '"VSB3321'", '"name'": '"VSB3321'", '"image_url'": null, '"created_at'": '"2026-06-26T18:46:47.690Z'", '"created_by'": null, '"deleted_at'": null, '"updated_at'": '"2026-06-30T20:04:04.606Z'", '"updated_by'": null, '"description'": '"2 Door & 1 False Drawer'", '"sub_category_id'": 10}","{'"id'": 177, '"sku'": '"VSB3321'", '"name'": '"VSB3321'", '"image_url'": '"/uploads/products/229cfa93-1520-4fef-b930-b3dd0866f5eb.png'", '"created_at'": '"2026-06-26T18:46:47.690Z'", '"created_by'": null, '"deleted_at'": null, '"updated_at'": '"2026-07-03T19:29:16.251Z'", '"updated_by'": 1, '"description'": '"2 Door & 1 False Drawer'", '"sub_category_id'": 10}",2026-07-03 14:29:16.251219-05,,
1022,1,UPDATE,product_variants,2080,"{'"id'": 2080, '"sku'": '"HT-VSB3321'", '"price'": '"672.00'", '"depth_in'": '"21.00'", '"width_in'": '"33.00'", '"finish_id'": 9, '"height_in'": '"34.50'", '"created_at'": '"2026-06-26T18:46:47.690Z'", '"created_by'": null, '"deleted_at'": null, '"product_id'": 177, '"updated_at'": '"2026-06-30T20:04:04.606Z'", '"updated_by'": null, '"stock_status'": '"in_stock'"}","{'"id'": 2080, '"sku'": '"HT-VSB3321'", '"price'": '"672.00'", '"depth_in'": '"21.00'", '"width_in'": '"33.00'", '"finish_id'": 9, '"height_in'": '"34.50'", '"created_at'": '"2026-06-26T18:46:47.690Z'", '"created_by'": null, '"deleted_at'": null, '"product_id'": 177, '"updated_at'": '"2026-07-03T19:29:21.436Z'", '"updated_by'": 1, '"stock_status'": '"in_stock'"}",2026-07-03 14:29:21.43655-05,,
1023,1,UPDATE,products,178,"{'"id'": 178, '"sku'": '"VSB3621'", '"name'": '"VSB3621'", '"image_url'": null, '"created_at'": '"2026-06-26T18:46:47.690Z'", '"created_by'": null, '"deleted_at'": null, '"updated_at'": '"2026-06-30T20:04:04.606Z'", '"updated_by'": null, '"description'": '"2 Door & 1 False Drawer'", '"sub_category_id'": 10}","{'"id'": 178, '"sku'": '"VSB3621'", '"name'": '"VSB3621'", '"image_url'": '"/uploads/products/922e488b-31c1-4fac-aa13-5cac45b4682a.png'", '"created_at'": '"2026-06-26T18:46:47.690Z'", '"created_by'": null, '"deleted_at'": null, '"updated_at'": '"2026-07-03T19:29:34.800Z'", '"updated_by'": 1, '"description'": '"2 Door & 1 False Drawer'", '"sub_category_id'": 10}",2026-07-03 14:29:34.800411-05,,
1024,1,UPDATE,product_variants,2092,"{'"id'": 2092, '"sku'": '"HT-VSB3621'", '"price'": '"743.70'", '"depth_in'": '"2.00'", '"width_in'": '"36.00'", '"finish_id'": 9, '"height_in'": '"34.50'", '"created_at'": '"2026-06-26T18:46:47.690Z'", '"created_by'": null, '"deleted_at'": null, '"product_id'": 178, '"updated_at'": '"2026-06-30T20:04:04.606Z'", '"updated_by'": null, '"stock_status'": '"in_stock'"}","{'"id'": 2092, '"sku'": '"HT-VSB3621'", '"price'": '"743.70'", '"depth_in'": '"2.00'", '"width_in'": '"36.00'", '"finish_id'": 9, '"height_in'": '"34.50'", '"created_at'": '"2026-06-26T18:46:47.690Z'", '"created_by'": null, '"deleted_at'": null, '"product_id'": 178, '"updated_at'": '"2026-07-03T19:29:37.741Z'", '"updated_by'": 1, '"stock_status'": '"in_stock'"}",2026-07-03 14:29:37.741225-05,,
1025,1,UPDATE,products,333,"{'"id'": 333, '"sku'": '"VSD4821'", '"name'": '"VSD4821'", '"image_url'": null, '"created_at'": '"2026-06-30T19:38:45.468Z'", '"created_by'": null, '"deleted_at'": null, '"updated_at'": '"2026-06-30T20:04:04.606Z'", '"updated_by'": null, '"description'": '"2 Door, 4 Drawer & False Drawer'", '"sub_category_id'": 10}","{'"id'": 333, '"sku'": '"VSD4821'", '"name'": '"VSD4821'", '"image_url'": '"/uploads/products/f0cc86ee-702b-42f8-abd2-fb74755c9e92.png'", '"created_at'": '"2026-06-30T19:38:45.468Z'", '"created_by'": null, '"deleted_at'": null, '"updated_at'": '"2026-07-03T19:31:23.334Z'", '"updated_by'": 1, '"description'": '"2 Door, 4 Drawer & False Drawer'", '"sub_category_id'": 10}",2026-07-03 14:31:23.33449-05,,
1026,1,UPDATE,product_variants,3964,"{'"id'": 3964, '"sku'": '"HT-VSD4821'", '"price'": '"1321.60'", '"depth_in'": '"21.00'", '"width_in'": '"48.00'", '"finish_id'": 9, '"height_in'": '"34.50'", '"created_at'": '"2026-06-30T19:38:45.468Z'", '"created_by'": null, '"deleted_at'": null, '"product_id'": 333, '"updated_at'": '"2026-06-30T20:04:04.606Z'", '"updated_by'": null, '"stock_status'": '"in_stock'"}","{'"id'": 3964, '"sku'": '"HT-VSD4821'", '"price'": '"1321.60'", '"depth_in'": '"21.00'", '"width_in'": '"48.00'", '"finish_id'": 9, '"height_in'": '"34.50'", '"created_at'": '"2026-06-30T19:38:45.468Z'", '"created_by'": null, '"deleted_at'": null, '"product_id'": 333, '"updated_at'": '"2026-07-03T19:31:27.416Z'", '"updated_by'": 1, '"stock_status'": '"in_stock'"}",2026-07-03 14:31:27.416457-05,,
1027,1,UPDATE,products,332,"{'"id'": 332, '"sku'": '"VSD4221'", '"name'": '"VSD4221'", '"image_url'": null, '"created_at'": '"2026-06-30T19:38:45.468Z'", '"created_by'": null, '"deleted_at'": null, '"updated_at'": '"2026-06-30T20:04:04.606Z'", '"updated_by'": null, '"description'": '"2 Door, 2 Drawer & False Drawer'", '"sub_category_id'": 10}","{'"id'": 332, '"sku'": '"VSD4221'", '"name'": '"VSD4221'", '"image_url'": '"/uploads/products/42eae39c-3458-4575-a90e-c6d3a2507fbc.png'", '"created_at'": '"2026-06-30T19:38:45.468Z'", '"created_by'": null, '"deleted_at'": null, '"updated_at'": '"2026-07-03T19:31:35.757Z'", '"updated_by'": 1, '"description'": '"2 Door, 2 Drawer & False Drawer'", '"sub_category_id'": 10}",2026-07-03 14:31:35.757045-05,,
1028,1,UPDATE,product_variants,3952,"{'"id'": 3952, '"sku'": '"HT-VSD4221'", '"price'": '"1218.60'", '"depth_in'": '"21.00'", '"width_in'": '"42.00'", '"finish_id'": 9, '"height_in'": '"34.50'", '"created_at'": '"2026-06-30T19:38:45.468Z'", '"created_by'": null, '"deleted_at'": null, '"product_id'": 332, '"updated_at'": '"2026-06-30T20:04:04.606Z'", '"updated_by'": null, '"stock_status'": '"in_stock'"}","{'"id'": 3952, '"sku'": '"HT-VSD4221'", '"price'": '"1218.60'", '"depth_in'": '"21.00'", '"width_in'": '"42.00'", '"finish_id'": 9, '"height_in'": '"34.50'", '"created_at'": '"2026-06-30T19:38:45.468Z'", '"created_by'": null, '"deleted_at'": null, '"product_id'": 332, '"updated_at'": '"2026-07-03T19:31:40.620Z'", '"updated_by'": 1, '"stock_status'": '"in_stock'"}",2026-07-03 14:31:40.620082-05,,
1029,1,UPDATE,products,335,"{'"id'": 335, '"sku'": '"VSD60D'", '"name'": '"VSD60D'", '"image_url'": null, '"created_at'": '"2026-06-30T19:38:45.468Z'", '"created_by'": null, '"deleted_at'": null, '"updated_at'": '"2026-06-30T20:04:04.606Z'", '"updated_by'": null, '"description'": '"4 Door, 3 Drawer & 2 False Drawer'", '"sub_category_id'": 10}","{'"id'": 335, '"sku'": '"VSD60D'", '"name'": '"VSD60D'", '"image_url'": '"/uploads/products/6286bc38-e8d8-4ac9-8674-e4f217faf9c4.png'", '"created_at'": '"2026-06-30T19:38:45.468Z'", '"created_by'": null, '"deleted_at'": null, '"updated_at'": '"2026-07-03T19:33:18.068Z'", '"updated_by'": 1, '"description'": '"4 Door, 3 Drawer & 2 False Drawer'", '"sub_category_id'": 10}",2026-07-03 14:33:18.06893-05,,
1030,1,UPDATE,product_variants,3988,"{'"id'": 3988, '"sku'": '"HT-VSD60DOUBLE'", '"price'": '"1384.40'", '"depth_in'": '"21.00'", '"width_in'": '"60.00'", '"finish_id'": 9, '"height_in'": '"34.50'", '"created_at'": '"2026-06-30T19:38:45.468Z'", '"created_by'": null, '"deleted_at'": null, '"product_id'": 335, '"updated_at'": '"2026-06-30T20:04:04.606Z'", '"updated_by'": null, '"stock_status'": '"in_stock'"}","{'"id'": 3988, '"sku'": '"HT-VSD60DOUBLE'", '"price'": '"1384.40'", '"depth_in'": '"21.00'", '"width_in'": '"60.00'", '"finish_id'": 9, '"height_in'": '"34.50'", '"created_at'": '"2026-06-30T19:38:45.468Z'", '"created_by'": null, '"deleted_at'": null, '"product_id'": 335, '"updated_at'": '"2026-07-03T19:33:22.066Z'", '"updated_by'": 1, '"stock_status'": '"in_stock'"}",2026-07-03 14:33:22.066397-05,,
1031,1,UPDATE,products,334,"{'"id'": 334, '"sku'": '"VSD60S'", '"name'": '"VSD60S'", '"image_url'": null, '"created_at'": '"2026-06-30T19:38:45.468Z'", '"created_by'": null, '"deleted_at'": null, '"updated_at'": '"2026-06-30T20:04:04.606Z'", '"updated_by'": null, '"description'": '"2 Door'", '"sub_category_id'": 10}","{'"id'": 334, '"sku'": '"VSD60S'", '"name'": '"VSD60S'", '"image_url'": '"/uploads/products/ea2e6a06-84d0-41b1-b4f6-bd22a917f076.png'", '"created_at'": '"2026-06-30T19:38:45.468Z'", '"created_by'": null, '"deleted_at'": null, '"updated_at'": '"2026-07-03T19:33:30.034Z'", '"updated_by'": 1, '"description'": '"2 Door'", '"sub_category_id'": 10}",2026-07-03 14:33:30.034557-05,,
1032,1,UPDATE,product_variants,3976,"{'"id'": 3976, '"sku'": '"HT-VSD60SINGLE'", '"price'": '"1686.80'", '"depth_in'": '"21.00'", '"width_in'": '"60.00'", '"finish_id'": 9, '"height_in'": '"34.50'", '"created_at'": '"2026-06-30T19:38:45.468Z'", '"created_by'": null, '"deleted_at'": null, '"product_id'": 334, '"updated_at'": '"2026-06-30T20:04:04.606Z'", '"updated_by'": null, '"stock_status'": '"in_stock'"}","{'"id'": 3976, '"sku'": '"HT-VSD60SINGLE'", '"price'": '"1686.80'", '"depth_in'": '"21.00'", '"width_in'": '"60.00'", '"finish_id'": 9, '"height_in'": '"34.50'", '"created_at'": '"2026-06-30T19:38:45.468Z'", '"created_by'": null, '"deleted_at'": null, '"product_id'": 334, '"updated_at'": '"2026-07-03T19:33:35.388Z'", '"updated_by'": 1, '"stock_status'": '"in_stock'"}",2026-07-03 14:33:35.388593-05,,
1033,1,UPDATE,products,179,"{'"id'": 179, '"sku'": '"VB1221'", '"name'": '"VB1221'", '"image_url'": null, '"created_at'": '"2026-06-26T18:54:43.193Z'", '"created_by'": null, '"deleted_at'": null, '"updated_at'": '"2026-06-30T20:04:04.606Z'", '"updated_by'": null, '"description'": '"1 Door & 1 Drawer'", '"sub_category_id'": 36}","{'"id'": 179, '"sku'": '"VB1221'", '"name'": '"VB1221'", '"image_url'": '"/uploads/products/6ca512d9-7dfb-4ae8-9bde-d1f2549c12c1.png'", '"created_at'": '"2026-06-26T18:54:43.193Z'", '"created_by'": null, '"deleted_at'": null, '"updated_at'": '"2026-07-03T19:37:45.268Z'", '"updated_by'": 1, '"description'": '"1 Door & 1 Drawer'", '"sub_category_id'": 36}",2026-07-03 14:37:45.268691-05,,
1034,1,UPDATE,product_variants,2104,"{'"id'": 2104, '"sku'": '"HT-VB1221'", '"price'": '"418.90'", '"depth_in'": '"21.00'", '"width_in'": '"12.00'", '"finish_id'": 9, '"height_in'": '"34.50'", '"created_at'": '"2026-06-26T18:54:43.193Z'", '"created_by'": null, '"deleted_at'": null, '"product_id'": 179, '"updated_at'": '"2026-06-30T20:04:04.606Z'", '"updated_by'": null, '"stock_status'": '"in_stock'"}","{'"id'": 2104, '"sku'": '"HT-VB1221'", '"price'": '"418.90'", '"depth_in'": '"21.00'", '"width_in'": '"12.00'", '"finish_id'": 9, '"height_in'": '"34.50'", '"created_at'": '"2026-06-26T18:54:43.193Z'", '"created_by'": null, '"deleted_at'": null, '"product_id'": 179, '"updated_at'": '"2026-07-03T19:37:49.765Z'", '"updated_by'": 1, '"stock_status'": '"in_stock'"}",2026-07-03 14:37:49.765469-05,,
1035,1,UPDATE,products,180,"{'"id'": 180, '"sku'": '"VB1521'", '"name'": '"VB1521'", '"image_url'": null, '"created_at'": '"2026-06-26T18:54:43.193Z'", '"created_by'": null, '"deleted_at'": null, '"updated_at'": '"2026-06-30T20:04:04.606Z'", '"updated_by'": null, '"description'": '"1 Door & 1 Drawer'", '"sub_category_id'": 36}","{'"id'": 180, '"sku'": '"VB1521'", '"name'": '"VB1521'", '"image_url'": '"/uploads/products/b45d6a92-da45-438c-bf50-a381bfdf2660.png'", '"created_at'": '"2026-06-26T18:54:43.193Z'", '"created_by'": null, '"deleted_at'": null, '"updated_at'": '"2026-07-03T19:37:55.748Z'", '"updated_by'": 1, '"description'": '"1 Door & 1 Drawer'", '"sub_category_id'": 36}",2026-07-03 14:37:55.748492-05,,
1036,1,UPDATE,product_variants,2116,"{'"id'": 2116, '"sku'": '"HT-VB1521'", '"price'": '"441.30'", '"depth_in'": '"21.00'", '"width_in'": '"15.00'", '"finish_id'": 9, '"height_in'": '"34.50'", '"created_at'": '"2026-06-26T18:54:43.193Z'", '"created_by'": null, '"deleted_at'": null, '"product_id'": 180, '"updated_at'": '"2026-06-30T20:04:04.606Z'", '"updated_by'": null, '"stock_status'": '"in_stock'"}","{'"id'": 2116, '"sku'": '"HT-VB1521'", '"price'": '"441.30'", '"depth_in'": '"21.00'", '"width_in'": '"15.00'", '"finish_id'": 9, '"height_in'": '"34.50'", '"created_at'": '"2026-06-26T18:54:43.193Z'", '"created_by'": null, '"deleted_at'": null, '"product_id'": 180, '"updated_at'": '"2026-07-03T19:38:00.898Z'", '"updated_by'": 1, '"stock_status'": '"in_stock'"}",2026-07-03 14:38:00.898738-05,,
1037,1,UPDATE,products,181,"{'"id'": 181, '"sku'": '"VB1821'", '"name'": '"VB1821'", '"image_url'": null, '"created_at'": '"2026-06-26T18:54:43.193Z'", '"created_by'": null, '"deleted_at'": null, '"updated_at'": '"2026-06-30T20:04:04.606Z'", '"updated_by'": null, '"description'": '"1 Door & 1 Drawer'", '"sub_category_id'": 36}","{'"id'": 181, '"sku'": '"VB1821'", '"name'": '"VB1821'", '"image_url'": '"/uploads/products/54e25d79-6f73-4677-838a-b2e03d0e3d3e.png'", '"created_at'": '"2026-06-26T18:54:43.193Z'", '"created_by'": null, '"deleted_at'": null, '"updated_at'": '"2026-07-03T19:38:08.039Z'", '"updated_by'": 1, '"description'": '"1 Door & 1 Drawer'", '"sub_category_id'": 36}",2026-07-03 14:38:08.039946-05,,
1038,1,UPDATE,product_variants,2128,"{'"id'": 2128, '"sku'": '"HT-VB1821'", '"price'": '"474.90'", '"depth_in'": '"21.00'", '"width_in'": '"18.00'", '"finish_id'": 9, '"height_in'": '"34.50'", '"created_at'": '"2026-06-26T18:54:43.193Z'", '"created_by'": null, '"deleted_at'": null, '"product_id'": 181, '"updated_at'": '"2026-06-30T20:04:04.606Z'", '"updated_by'": null, '"stock_status'": '"in_stock'"}","{'"id'": 2128, '"sku'": '"HT-VB1821'", '"price'": '"474.90'", '"depth_in'": '"21.00'", '"width_in'": '"18.00'", '"finish_id'": 9, '"height_in'": '"34.50'", '"created_at'": '"2026-06-26T18:54:43.193Z'", '"created_by'": null, '"deleted_at'": null, '"product_id'": 181, '"updated_at'": '"2026-07-03T19:38:12.543Z'", '"updated_by'": 1, '"stock_status'": '"in_stock'"}",2026-07-03 14:38:12.543236-05,,
1039,1,UPDATE,products,182,"{'"id'": 182, '"sku'": '"VB2121'", '"name'": '"VB2121'", '"image_url'": null, '"created_at'": '"2026-06-26T18:54:43.193Z'", '"created_by'": null, '"deleted_at'": null, '"updated_at'": '"2026-06-30T20:04:04.606Z'", '"updated_by'": null, '"description'": '"1 Door & 1 Drawer'", '"sub_category_id'": 36}","{'"id'": 182, '"sku'": '"VB2121'", '"name'": '"VB2121'", '"image_url'": '"/uploads/products/ee815ff0-81e3-43ce-922f-8029aa80af49.png'", '"created_at'": '"2026-06-26T18:54:43.193Z'", '"created_by'": null, '"deleted_at'": null, '"updated_at'": '"2026-07-03T19:38:55.432Z'", '"updated_by'": 1, '"description'": '"1 Door & 1 Drawer'", '"sub_category_id'": 36}",2026-07-03 14:38:55.432351-05,,
1040,1,UPDATE,product_variants,2140,"{'"id'": 2140, '"sku'": '"HT-VB2121'", '"price'": '"515.20'", '"depth_in'": '"21.00'", '"width_in'": '"21.00'", '"finish_id'": 9, '"height_in'": '"34.50'", '"created_at'": '"2026-06-26T18:54:43.193Z'", '"created_by'": null, '"deleted_at'": null, '"product_id'": 182, '"updated_at'": '"2026-06-30T20:04:04.606Z'", '"updated_by'": null, '"stock_status'": '"in_stock'"}","{'"id'": 2140, '"sku'": '"HT-VB2121'", '"price'": '"515.20'", '"depth_in'": '"21.00'", '"width_in'": '"21.00'", '"finish_id'": 9, '"height_in'": '"34.50'", '"created_at'": '"2026-06-26T18:54:43.193Z'", '"created_by'": null, '"deleted_at'": null, '"product_id'": 182, '"updated_at'": '"2026-07-03T19:38:59.785Z'", '"updated_by'": 1, '"stock_status'": '"in_stock'"}",2026-07-03 14:38:59.785485-05,,
1041,1,UPDATE,products,183,"{'"id'": 183, '"sku'": '"VB2421'", '"name'": '"VB2421'", '"image_url'": null, '"created_at'": '"2026-06-26T18:54:43.193Z'", '"created_by'": null, '"deleted_at'": null, '"updated_at'": '"2026-06-30T20:04:04.606Z'", '"updated_by'": null, '"description'": '"2 Door & 1 Drawer'", '"sub_category_id'": 36}","{'"id'": 183, '"sku'": '"VB2421'", '"name'": '"VB2421'", '"image_url'": '"/uploads/products/d445dc9a-402a-447b-a1d7-a959d97d0d58.png'", '"created_at'": '"2026-06-26T18:54:43.193Z'", '"created_by'": null, '"deleted_at'": null, '"updated_at'": '"2026-07-03T19:39:07.879Z'", '"updated_by'": 1, '"description'": '"2 Door & 1 Drawer'", '"sub_category_id'": 36}",2026-07-03 14:39:07.879976-05,,
1042,1,UPDATE,product_variants,2152,"{'"id'": 2152, '"sku'": '"HT-VB2421'", '"price'": '"578.00'", '"depth_in'": '"21.00'", '"width_in'": '"24.00'", '"finish_id'": 9, '"height_in'": '"34.50'", '"created_at'": '"2026-06-26T18:54:43.193Z'", '"created_by'": null, '"deleted_at'": null, '"product_id'": 183, '"updated_at'": '"2026-06-30T20:04:04.606Z'", '"updated_by'": null, '"stock_status'": '"in_stock'"}","{'"id'": 2152, '"sku'": '"HT-VB2421'", '"price'": '"578.00'", '"depth_in'": '"21.00'", '"width_in'": '"24.00'", '"finish_id'": 9, '"height_in'": '"34.50'", '"created_at'": '"2026-06-26T18:54:43.193Z'", '"created_by'": null, '"deleted_at'": null, '"product_id'": 183, '"updated_at'": '"2026-07-03T19:39:11.987Z'", '"updated_by'": 1, '"stock_status'": '"in_stock'"}",2026-07-03 14:39:11.987584-05,,
1043,1,UPDATE,products,184,"{'"id'": 184, '"sku'": '"VB2721'", '"name'": '"VB2721'", '"image_url'": null, '"created_at'": '"2026-06-26T18:54:43.193Z'", '"created_by'": null, '"deleted_at'": null, '"updated_at'": '"2026-06-30T20:04:04.606Z'", '"updated_by'": null, '"description'": '"2 Door & 1 Drawer'", '"sub_category_id'": 36}","{'"id'": 184, '"sku'": '"VB2721'", '"name'": '"VB2721'", '"image_url'": '"/uploads/products/b20afec9-b53b-44ae-b5b8-a21a34a047f4.png'", '"created_at'": '"2026-06-26T18:54:43.193Z'", '"created_by'": null, '"deleted_at'": null, '"updated_at'": '"2026-07-03T19:39:18.811Z'", '"updated_by'": 1, '"description'": '"2 Door & 1 Drawer'", '"sub_category_id'": 36}",2026-07-03 14:39:18.811282-05,,
1044,1,UPDATE,product_variants,2164,"{'"id'": 2164, '"sku'": '"HT-VB2721'", '"price'": '"618.30'", '"depth_in'": '"21.00'", '"width_in'": '"27.00'", '"finish_id'": 9, '"height_in'": '"34.50'", '"created_at'": '"2026-06-26T18:54:43.193Z'", '"created_by'": null, '"deleted_at'": null, '"product_id'": 184, '"updated_at'": '"2026-06-30T20:04:04.606Z'", '"updated_by'": null, '"stock_status'": '"in_stock'"}","{'"id'": 2164, '"sku'": '"HT-VB2721'", '"price'": '"618.30'", '"depth_in'": '"21.00'", '"width_in'": '"27.00'", '"finish_id'": 9, '"height_in'": '"34.50'", '"created_at'": '"2026-06-26T18:54:43.193Z'", '"created_by'": null, '"deleted_at'": null, '"product_id'": 184, '"updated_at'": '"2026-07-03T19:39:25.498Z'", '"updated_by'": 1, '"stock_status'": '"in_stock'"}",2026-07-03 14:39:25.498881-05,,
1045,1,UPDATE,products,185,"{'"id'": 185, '"sku'": '"VB3021'", '"name'": '"VB3021'", '"image_url'": null, '"created_at'": '"2026-06-26T18:54:43.193Z'", '"created_by'": null, '"deleted_at'": null, '"updated_at'": '"2026-06-30T20:04:04.606Z'", '"updated_by'": null, '"description'": '"2 Door & 1 Drawer'", '"sub_category_id'": 36}","{'"id'": 185, '"sku'": '"VB3021'", '"name'": '"VB3021'", '"image_url'": '"/uploads/products/b805efe3-6822-4409-a7f9-b26541e4cd71.png'", '"created_at'": '"2026-06-26T18:54:43.193Z'", '"created_by'": null, '"deleted_at'": null, '"updated_at'": '"2026-07-03T19:39:40.613Z'", '"updated_by'": 1, '"description'": '"2 Door & 1 Drawer'", '"sub_category_id'": 36}",2026-07-03 14:39:40.613422-05,,
1046,1,UPDATE,product_variants,2176,"{'"id'": 2176, '"sku'": '"HT-VB3021'", '"price'": '"656.40'", '"depth_in'": '"21.00'", '"width_in'": '"30.00'", '"finish_id'": 9, '"height_in'": '"34.50'", '"created_at'": '"2026-06-26T18:54:43.193Z'", '"created_by'": null, '"deleted_at'": null, '"product_id'": 185, '"updated_at'": '"2026-06-30T20:04:04.606Z'", '"updated_by'": null, '"stock_status'": '"in_stock'"}","{'"id'": 2176, '"sku'": '"HT-VB3021'", '"price'": '"656.40'", '"depth_in'": '"21.00'", '"width_in'": '"30.00'", '"finish_id'": 9, '"height_in'": '"34.50'", '"created_at'": '"2026-06-26T18:54:43.193Z'", '"created_by'": null, '"deleted_at'": null, '"product_id'": 185, '"updated_at'": '"2026-07-03T19:39:46.306Z'", '"updated_by'": 1, '"stock_status'": '"in_stock'"}",2026-07-03 14:39:46.306571-05,,
1047,1,UPDATE,products,186,"{'"id'": 186, '"sku'": '"VB3321'", '"name'": '"VB3321'", '"image_url'": null, '"created_at'": '"2026-06-26T18:54:43.193Z'", '"created_by'": null, '"deleted_at'": null, '"updated_at'": '"2026-06-30T20:04:04.606Z'", '"updated_by'": null, '"description'": '"2 Door & 1 Drawer'", '"sub_category_id'": 36}","{'"id'": 186, '"sku'": '"VB3321'", '"name'": '"VB3321'", '"image_url'": '"/uploads/products/a6d41cee-6f47-4c44-be54-6f503c668a58.png'", '"created_at'": '"2026-06-26T18:54:43.193Z'", '"created_by'": null, '"deleted_at'": null, '"updated_at'": '"2026-07-03T19:39:53.046Z'", '"updated_by'": 1, '"description'": '"2 Door & 1 Drawer'", '"sub_category_id'": 36}",2026-07-03 14:39:53.046779-05,,
1048,1,UPDATE,product_variants,2188,"{'"id'": 2188, '"sku'": '"HT-VB3321'", '"price'": '"696.70'", '"depth_in'": '"21.00'", '"width_in'": '"33.00'", '"finish_id'": 9, '"height_in'": '"34.50'", '"created_at'": '"2026-06-26T18:54:43.193Z'", '"created_by'": null, '"deleted_at'": null, '"product_id'": 186, '"updated_at'": '"2026-06-30T20:04:04.606Z'", '"updated_by'": null, '"stock_status'": '"in_stock'"}","{'"id'": 2188, '"sku'": '"HT-VB3321'", '"price'": '"696.70'", '"depth_in'": '"21.00'", '"width_in'": '"33.00'", '"finish_id'": 9, '"height_in'": '"34.50'", '"created_at'": '"2026-06-26T18:54:43.193Z'", '"created_by'": null, '"deleted_at'": null, '"product_id'": 186, '"updated_at'": '"2026-07-03T19:39:56.690Z'", '"updated_by'": 1, '"stock_status'": '"in_stock'"}",2026-07-03 14:39:56.690627-05,,
1049,1,UPDATE,products,187,"{'"id'": 187, '"sku'": '"VB3621'", '"name'": '"VB3621'", '"image_url'": null, '"created_at'": '"2026-06-26T18:54:43.193Z'", '"created_by'": null, '"deleted_at'": null, '"updated_at'": '"2026-06-30T20:04:04.606Z'", '"updated_by'": null, '"description'": '"2 Door & 1 Drawer'", '"sub_category_id'": 36}","{'"id'": 187, '"sku'": '"VB3621'", '"name'": '"VB3621'", '"image_url'": '"/uploads/products/7146a2e0-a99a-44fa-aa52-8c6a87228121.png'", '"created_at'": '"2026-06-26T18:54:43.193Z'", '"created_by'": null, '"deleted_at'": null, '"updated_at'": '"2026-07-03T19:40:05.876Z'", '"updated_by'": 1, '"description'": '"2 Door & 1 Drawer'", '"sub_category_id'": 36}",2026-07-03 14:40:05.876015-05,,
1050,1,UPDATE,product_variants,2200,"{'"id'": 2200, '"sku'": '"HT-VB3621'", '"price'": '"734.80'", '"depth_in'": '"21.00'", '"width_in'": '"36.00'", '"finish_id'": 9, '"height_in'": '"34.50'", '"created_at'": '"2026-06-26T18:54:43.193Z'", '"created_by'": null, '"deleted_at'": null, '"product_id'": 187, '"updated_at'": '"2026-06-30T20:04:04.606Z'", '"updated_by'": null, '"stock_status'": '"in_stock'"}","{'"id'": 2200, '"sku'": '"HT-VB3621'", '"price'": '"734.80'", '"depth_in'": '"21.00'", '"width_in'": '"36.00'", '"finish_id'": 9, '"height_in'": '"34.50'", '"created_at'": '"2026-06-26T18:54:43.193Z'", '"created_by'": null, '"deleted_at'": null, '"product_id'": 187, '"updated_at'": '"2026-07-03T19:40:09.915Z'", '"updated_by'": 1, '"stock_status'": '"in_stock'"}",2026-07-03 14:40:09.915322-05,,
1051,1,UPDATE,products,188,"{'"id'": 188, '"sku'": '"VDB1221'", '"name'": '"VDB1221'", '"image_url'": null, '"created_at'": '"2026-06-26T18:54:43.193Z'", '"created_by'": null, '"deleted_at'": null, '"updated_at'": '"2026-06-30T20:04:04.606Z'", '"updated_by'": null, '"description'": '"3 Drawer'", '"sub_category_id'": 37}","{'"id'": 188, '"sku'": '"VDB1221'", '"name'": '"VDB1221'", '"image_url'": '"/uploads/products/b6294625-762e-4543-86c5-8582e231b5d6.png'", '"created_at'": '"2026-06-26T18:54:43.193Z'", '"created_by'": null, '"deleted_at'": null, '"updated_at'": '"2026-07-03T19:49:59.498Z'", '"updated_by'": 1, '"description'": '"3 Drawer'", '"sub_category_id'": 37}",2026-07-03 14:49:59.498747-05,,
1052,1,UPDATE,product_variants,2212,"{'"id'": 2212, '"sku'": '"HT-VDB1221'", '"price'": '"690.00'", '"depth_in'": '"21.00'", '"width_in'": '"12.00'", '"finish_id'": 9, '"height_in'": '"34.50'", '"created_at'": '"2026-06-26T18:54:43.193Z'", '"created_by'": null, '"deleted_at'": null, '"product_id'": 188, '"updated_at'": '"2026-06-30T20:04:04.606Z'", '"updated_by'": null, '"stock_status'": '"in_stock'"}","{'"id'": 2212, '"sku'": '"HT-VDB1221'", '"price'": '"690.00'", '"depth_in'": '"21.00'", '"width_in'": '"12.00'", '"finish_id'": 9, '"height_in'": '"34.50'", '"created_at'": '"2026-06-26T18:54:43.193Z'", '"created_by'": null, '"deleted_at'": null, '"product_id'": 188, '"updated_at'": '"2026-07-03T19:50:03.065Z'", '"updated_by'": 1, '"stock_status'": '"in_stock'"}",2026-07-03 14:50:03.065904-05,,
1053,1,UPDATE,products,189,"{'"id'": 189, '"sku'": '"VDB1521'", '"name'": '"VDB1521'", '"image_url'": null, '"created_at'": '"2026-06-26T18:54:43.193Z'", '"created_by'": null, '"deleted_at'": null, '"updated_at'": '"2026-06-30T20:04:04.606Z'", '"updated_by'": null, '"description'": '"3 Drawer'", '"sub_category_id'": 37}","{'"id'": 189, '"sku'": '"VDB1521'", '"name'": '"VDB1521'", '"image_url'": '"/uploads/products/4df7892c-5b09-49f0-8ccb-2ec5a9ee6af4.png'", '"created_at'": '"2026-06-26T18:54:43.193Z'", '"created_by'": null, '"deleted_at'": null, '"updated_at'": '"2026-07-03T19:50:09.988Z'", '"updated_by'": 1, '"description'": '"3 Drawer'", '"sub_category_id'": 37}",2026-07-03 14:50:09.988161-05,,
1054,1,UPDATE,product_variants,2224,"{'"id'": 2224, '"sku'": '"HT-VDB1521'", '"price'": '"721.30'", '"depth_in'": '"21.00'", '"width_in'": '"15.00'", '"finish_id'": 9, '"height_in'": '"34.50'", '"created_at'": '"2026-06-26T18:54:43.193Z'", '"created_by'": null, '"deleted_at'": null, '"product_id'": 189, '"updated_at'": '"2026-06-30T20:04:04.606Z'", '"updated_by'": null, '"stock_status'": '"in_stock'"}","{'"id'": 2224, '"sku'": '"HT-VDB1521'", '"price'": '"721.30'", '"depth_in'": '"21.00'", '"width_in'": '"15.00'", '"finish_id'": 9, '"height_in'": '"34.50'", '"created_at'": '"2026-06-26T18:54:43.193Z'", '"created_by'": null, '"deleted_at'": null, '"product_id'": 189, '"updated_at'": '"2026-07-03T19:50:13.889Z'", '"updated_by'": 1, '"stock_status'": '"in_stock'"}",2026-07-03 14:50:13.889323-05,,
1055,1,UPDATE,products,190,"{'"id'": 190, '"sku'": '"VDB1821'", '"name'": '"VDB1821'", '"image_url'": null, '"created_at'": '"2026-06-26T18:54:43.193Z'", '"created_by'": null, '"deleted_at'": null, '"updated_at'": '"2026-06-30T20:04:04.606Z'", '"updated_by'": null, '"description'": '"3 Drawer'", '"sub_category_id'": 37}","{'"id'": 190, '"sku'": '"VDB1821'", '"name'": '"VDB1821'", '"image_url'": '"/uploads/products/f9f282ec-c4da-4e57-92e1-3ed4406dd061.png'", '"created_at'": '"2026-06-26T18:54:43.193Z'", '"created_by'": null, '"deleted_at'": null, '"updated_at'": '"2026-07-03T19:50:18.938Z'", '"updated_by'": 1, '"description'": '"3 Drawer'", '"sub_category_id'": 37}",2026-07-03 14:50:18.938849-05,,
1056,1,UPDATE,product_variants,2236,"{'"id'": 2236, '"sku'": '"HT-VDB1821'", '"price'": '"766.10'", '"depth_in'": '"21.00'", '"width_in'": '"18.00'", '"finish_id'": 9, '"height_in'": '"34.50'", '"created_at'": '"2026-06-26T18:54:43.193Z'", '"created_by'": null, '"deleted_at'": null, '"product_id'": 190, '"updated_at'": '"2026-06-30T20:04:04.606Z'", '"updated_by'": null, '"stock_status'": '"in_stock'"}","{'"id'": 2236, '"sku'": '"HT-VDB1821'", '"price'": '"766.10'", '"depth_in'": '"21.00'", '"width_in'": '"18.00'", '"finish_id'": 9, '"height_in'": '"34.50'", '"created_at'": '"2026-06-26T18:54:43.193Z'", '"created_by'": null, '"deleted_at'": null, '"product_id'": 190, '"updated_at'": '"2026-07-03T19:50:22.226Z'", '"updated_by'": 1, '"stock_status'": '"in_stock'"}",2026-07-03 14:50:22.226673-05,,
1057,1,UPDATE,products,191,"{'"id'": 191, '"sku'": '"VDB2121'", '"name'": '"VDB2121'", '"image_url'": null, '"created_at'": '"2026-06-26T18:54:43.193Z'", '"created_by'": null, '"deleted_at'": null, '"updated_at'": '"2026-06-30T20:04:04.606Z'", '"updated_by'": null, '"description'": '"3 Drawer'", '"sub_category_id'": 37}","{'"id'": 191, '"sku'": '"VDB2121'", '"name'": '"VDB2121'", '"image_url'": '"/uploads/products/809878c1-79e1-4aa6-821a-573a9e35e152.png'", '"created_at'": '"2026-06-26T18:54:43.193Z'", '"created_by'": null, '"deleted_at'": null, '"updated_at'": '"2026-07-03T19:50:27.558Z'", '"updated_by'": 1, '"description'": '"3 Drawer'", '"sub_category_id'": 37}",2026-07-03 14:50:27.558853-05,,
1058,1,UPDATE,product_variants,2248,"{'"id'": 2248, '"sku'": '"HT-VDB2121'", '"price'": '"833.30'", '"depth_in'": '"21.00'", '"width_in'": '"21.00'", '"finish_id'": 9, '"height_in'": '"34.50'", '"created_at'": '"2026-06-26T18:54:43.193Z'", '"created_by'": null, '"deleted_at'": null, '"product_id'": 191, '"updated_at'": '"2026-06-30T20:04:04.606Z'", '"updated_by'": null, '"stock_status'": '"in_stock'"}","{'"id'": 2248, '"sku'": '"HT-VDB2121'", '"price'": '"833.30'", '"depth_in'": '"21.00'", '"width_in'": '"21.00'", '"finish_id'": 9, '"height_in'": '"34.50'", '"created_at'": '"2026-06-26T18:54:43.193Z'", '"created_by'": null, '"deleted_at'": null, '"product_id'": 191, '"updated_at'": '"2026-07-03T19:50:31.396Z'", '"updated_by'": 1, '"stock_status'": '"in_stock'"}",2026-07-03 14:50:31.396553-05,,
1059,1,UPDATE,products,192,"{'"id'": 192, '"sku'": '"VDB2421'", '"name'": '"VDB2421'", '"image_url'": null, '"created_at'": '"2026-06-26T18:54:43.193Z'", '"created_by'": null, '"deleted_at'": null, '"updated_at'": '"2026-06-30T20:04:04.606Z'", '"updated_by'": null, '"description'": '"3 Drawer'", '"sub_category_id'": 37}","{'"id'": 192, '"sku'": '"VDB2421'", '"name'": '"VDB2421'", '"image_url'": '"/uploads/products/a6852eb7-1060-4769-ad7c-85b8786ff053.png'", '"created_at'": '"2026-06-26T18:54:43.193Z'", '"created_by'": null, '"deleted_at'": null, '"updated_at'": '"2026-07-03T19:50:37.128Z'", '"updated_by'": 1, '"description'": '"3 Drawer'", '"sub_category_id'": 37}",2026-07-03 14:50:37.128101-05,,
1060,1,UPDATE,product_variants,2260,"{'"id'": 2260, '"sku'": '"HT-VDB2421'", '"price'": '"1057.30'", '"depth_in'": '"21.00'", '"width_in'": '"24.00'", '"finish_id'": 9, '"height_in'": '"34.50'", '"created_at'": '"2026-06-26T18:54:43.193Z'", '"created_by'": null, '"deleted_at'": null, '"product_id'": 192, '"updated_at'": '"2026-06-30T20:04:04.606Z'", '"updated_by'": null, '"stock_status'": '"in_stock'"}","{'"id'": 2260, '"sku'": '"HT-VDB2421'", '"price'": '"1057.30'", '"depth_in'": '"21.00'", '"width_in'": '"24.00'", '"finish_id'": 9, '"height_in'": '"34.50'", '"created_at'": '"2026-06-26T18:54:43.193Z'", '"created_by'": null, '"deleted_at'": null, '"product_id'": 192, '"updated_at'": '"2026-07-03T19:50:42.142Z'", '"updated_by'": 1, '"stock_status'": '"in_stock'"}",2026-07-03 14:50:42.142876-05,,
1061,1,UPDATE,products,193,"{'"id'": 193, '"sku'": '"VDB2721'", '"name'": '"VDB2721'", '"image_url'": null, '"created_at'": '"2026-06-26T18:54:43.193Z'", '"created_by'": null, '"deleted_at'": null, '"updated_at'": '"2026-06-30T20:04:04.606Z'", '"updated_by'": null, '"description'": '"3 Drawer'", '"sub_category_id'": 37}","{'"id'": 193, '"sku'": '"VDB2721'", '"name'": '"VDB2721'", '"image_url'": '"/uploads/products/77cd72d4-299d-4f63-8e47-45cddad18326.png'", '"created_at'": '"2026-06-26T18:54:43.193Z'", '"created_by'": null, '"deleted_at'": null, '"updated_at'": '"2026-07-03T19:50:47.608Z'", '"updated_by'": 1, '"description'": '"3 Drawer'", '"sub_category_id'": 37}",2026-07-03 14:50:47.60858-05,,
1062,1,UPDATE,product_variants,2272,"{'"id'": 2272, '"sku'": '"HT-VDB2721'", '"price'": '"1068.50'", '"depth_in'": '"21.00'", '"width_in'": '"27.00'", '"finish_id'": 9, '"height_in'": '"34.50'", '"created_at'": '"2026-06-26T18:54:43.193Z'", '"created_by'": null, '"deleted_at'": null, '"product_id'": 193, '"updated_at'": '"2026-06-30T20:04:04.606Z'", '"updated_by'": null, '"stock_status'": '"in_stock'"}","{'"id'": 2272, '"sku'": '"HT-VDB2721'", '"price'": '"1068.50'", '"depth_in'": '"21.00'", '"width_in'": '"27.00'", '"finish_id'": 9, '"height_in'": '"34.50'", '"created_at'": '"2026-06-26T18:54:43.193Z'", '"created_by'": null, '"deleted_at'": null, '"product_id'": 193, '"updated_at'": '"2026-07-03T19:50:52.263Z'", '"updated_by'": 1, '"stock_status'": '"in_stock'"}",2026-07-03 14:50:52.263107-05,,
1063,1,UPDATE,products,194,"{'"id'": 194, '"sku'": '"VDB3021'", '"name'": '"VDB3021'", '"image_url'": null, '"created_at'": '"2026-06-26T18:54:43.193Z'", '"created_by'": null, '"deleted_at'": null, '"updated_at'": '"2026-06-30T20:04:04.606Z'", '"updated_by'": null, '"description'": '"3 Drawer'", '"sub_category_id'": 37}","{'"id'": 194, '"sku'": '"VDB3021'", '"name'": '"VDB3021'", '"image_url'": '"/uploads/products/efa50238-1c08-4693-9d31-42193a6f837d.png'", '"created_at'": '"2026-06-26T18:54:43.193Z'", '"created_by'": null, '"deleted_at'": null, '"updated_at'": '"2026-07-03T19:51:02.916Z'", '"updated_by'": 1, '"description'": '"3 Drawer'", '"sub_category_id'": 37}",2026-07-03 14:51:02.916801-05,,
1064,1,UPDATE,product_variants,2284,"{'"id'": 2284, '"sku'": '"HT-VDB3021'", '"price'": '"1135.70'", '"depth_in'": '"21.00'", '"width_in'": '"30.00'", '"finish_id'": 9, '"height_in'": '"34.50'", '"created_at'": '"2026-06-26T18:54:43.193Z'", '"created_by'": null, '"deleted_at'": null, '"product_id'": 194, '"updated_at'": '"2026-06-30T20:04:04.606Z'", '"updated_by'": null, '"stock_status'": '"in_stock'"}","{'"id'": 2284, '"sku'": '"HT-VDB3021'", '"price'": '"1135.70'", '"depth_in'": '"21.00'", '"width_in'": '"30.00'", '"finish_id'": 9, '"height_in'": '"34.50'", '"created_at'": '"2026-06-26T18:54:43.193Z'", '"created_by'": null, '"deleted_at'": null, '"product_id'": 194, '"updated_at'": '"2026-07-03T19:51:09.803Z'", '"updated_by'": 1, '"stock_status'": '"in_stock'"}",2026-07-03 14:51:09.803736-05,,
1065,1,UPDATE,products,195,"{'"id'": 195, '"sku'": '"VDB3321'", '"name'": '"VDB3321'", '"image_url'": null, '"created_at'": '"2026-06-26T18:54:43.193Z'", '"created_by'": null, '"deleted_at'": null, '"updated_at'": '"2026-06-30T20:04:04.606Z'", '"updated_by'": null, '"description'": '"3 Drawer'", '"sub_category_id'": 37}","{'"id'": 195, '"sku'": '"VDB3321'", '"name'": '"VDB3321'", '"image_url'": '"/uploads/products/3e62ebf5-9792-4e1b-8294-2ca5e39e3a3c.png'", '"created_at'": '"2026-06-26T18:54:43.193Z'", '"created_by'": null, '"deleted_at'": null, '"updated_at'": '"2026-07-03T19:51:16.095Z'", '"updated_by'": 1, '"description'": '"3 Drawer'", '"sub_category_id'": 37}",2026-07-03 14:51:16.095232-05,,
1066,1,UPDATE,product_variants,2296,"{'"id'": 2296, '"sku'": '"HT-VDB3321'", '"price'": '"1200.70'", '"depth_in'": '"21.00'", '"width_in'": '"33.00'", '"finish_id'": 9, '"height_in'": '"34.50'", '"created_at'": '"2026-06-26T18:54:43.193Z'", '"created_by'": null, '"deleted_at'": null, '"product_id'": 195, '"updated_at'": '"2026-06-30T20:04:04.606Z'", '"updated_by'": null, '"stock_status'": '"in_stock'"}","{'"id'": 2296, '"sku'": '"HT-VDB3321'", '"price'": '"1200.70'", '"depth_in'": '"21.00'", '"width_in'": '"33.00'", '"finish_id'": 9, '"height_in'": '"34.50'", '"created_at'": '"2026-06-26T18:54:43.193Z'", '"created_by'": null, '"deleted_at'": null, '"product_id'": 195, '"updated_at'": '"2026-07-03T19:51:19.906Z'", '"updated_by'": 1, '"stock_status'": '"in_stock'"}",2026-07-03 14:51:19.90604-05,,
1067,1,UPDATE,products,196,"{'"id'": 196, '"sku'": '"VDB3621'", '"name'": '"VDB3621'", '"image_url'": null, '"created_at'": '"2026-06-26T18:54:43.193Z'", '"created_by'": null, '"deleted_at'": null, '"updated_at'": '"2026-06-30T20:04:04.606Z'", '"updated_by'": null, '"description'": '"3 Drawer'", '"sub_category_id'": 37}","{'"id'": 196, '"sku'": '"VDB3621'", '"name'": '"VDB3621'", '"image_url'": '"/uploads/products/34f1aca2-f84e-45db-8cc2-27816197fb1d.png'", '"created_at'": '"2026-06-26T18:54:43.193Z'", '"created_by'": null, '"deleted_at'": null, '"updated_at'": '"2026-07-03T19:51:29.266Z'", '"updated_by'": 1, '"description'": '"3 Drawer'", '"sub_category_id'": 37}",2026-07-03 14:51:29.266611-05,,
1068,1,UPDATE,product_variants,2308,"{'"id'": 2308, '"sku'": '"HT-VDB3621'", '"price'": '"1265.60'", '"depth_in'": '"21.00'", '"width_in'": '"36.00'", '"finish_id'": 9, '"height_in'": '"34.50'", '"created_at'": '"2026-06-26T18:54:43.193Z'", '"created_by'": null, '"deleted_at'": null, '"product_id'": 196, '"updated_at'": '"2026-06-30T20:04:04.606Z'", '"updated_by'": null, '"stock_status'": '"in_stock'"}","{'"id'": 2308, '"sku'": '"HT-VDB3621'", '"price'": '"1265.60'", '"depth_in'": '"21.00'", '"width_in'": '"36.00'", '"finish_id'": 9, '"height_in'": '"34.50'", '"created_at'": '"2026-06-26T18:54:43.193Z'", '"created_by'": null, '"deleted_at'": null, '"product_id'": 196, '"updated_at'": '"2026-07-03T19:51:34.968Z'", '"updated_by'": 1, '"stock_status'": '"in_stock'"}",2026-07-03 14:51:34.968924-05,,
1069,1,UPDATE,product_variants,2248,"{'"id'": 2248, '"sku'": '"HT-VDB2121'", '"price'": '"833.30'", '"depth_in'": '"21.00'", '"width_in'": '"21.00'", '"finish_id'": 9, '"height_in'": '"34.50'", '"created_at'": '"2026-06-26T18:54:43.193Z'", '"created_by'": null, '"deleted_at'": null, '"product_id'": 191, '"updated_at'": '"2026-07-03T19:50:31.396Z'", '"updated_by'": 1, '"stock_status'": '"in_stock'"}","{'"id'": 2248, '"sku'": '"HT-VDB2121'", '"price'": '"833.30'", '"depth_in'": '"21.00'", '"width_in'": '"21.00'", '"finish_id'": 9, '"height_in'": '"34.50'", '"created_at'": '"2026-06-26T18:54:43.193Z'", '"created_by'": null, '"deleted_at'": null, '"product_id'": 191, '"updated_at'": '"2026-07-03T19:51:41.593Z'", '"updated_by'": 1, '"stock_status'": '"in_stock'"}",2026-07-03 14:51:41.593232-05,,
1070,1,UPDATE,product_variants,2236,"{'"id'": 2236, '"sku'": '"HT-VDB1821'", '"price'": '"766.10'", '"depth_in'": '"21.00'", '"width_in'": '"18.00'", '"finish_id'": 9, '"height_in'": '"34.50'", '"created_at'": '"2026-06-26T18:54:43.193Z'", '"created_by'": null, '"deleted_at'": null, '"product_id'": 190, '"updated_at'": '"2026-07-03T19:50:22.226Z'", '"updated_by'": 1, '"stock_status'": '"in_stock'"}","{'"id'": 2236, '"sku'": '"HT-VDB1821'", '"price'": '"766.10'", '"depth_in'": '"21.00'", '"width_in'": '"18.00'", '"finish_id'": 9, '"height_in'": '"34.50'", '"created_at'": '"2026-06-26T18:54:43.193Z'", '"created_by'": null, '"deleted_at'": null, '"product_id'": 190, '"updated_at'": '"2026-07-03T19:51:43.897Z'", '"updated_by'": 1, '"stock_status'": '"in_stock'"}",2026-07-03 14:51:43.897237-05,,
1071,1,UPDATE,product_variants,2224,"{'"id'": 2224, '"sku'": '"HT-VDB1521'", '"price'": '"721.30'", '"depth_in'": '"21.00'", '"width_in'": '"15.00'", '"finish_id'": 9, '"height_in'": '"34.50'", '"created_at'": '"2026-06-26T18:54:43.193Z'", '"created_by'": null, '"deleted_at'": null, '"product_id'": 189, '"updated_at'": '"2026-07-03T19:50:13.889Z'", '"updated_by'": 1, '"stock_status'": '"in_stock'"}","{'"id'": 2224, '"sku'": '"HT-VDB1521'", '"price'": '"721.30'", '"depth_in'": '"21.00'", '"width_in'": '"15.00'", '"finish_id'": 9, '"height_in'": '"34.50'", '"created_at'": '"2026-06-26T18:54:43.193Z'", '"created_by'": null, '"deleted_at'": null, '"product_id'": 189, '"updated_at'": '"2026-07-03T19:51:46.186Z'", '"updated_by'": 1, '"stock_status'": '"in_stock'"}",2026-07-03 14:51:46.186027-05,,
1072,1,UPDATE,product_variants,2212,"{'"id'": 2212, '"sku'": '"HT-VDB1221'", '"price'": '"690.00'", '"depth_in'": '"21.00'", '"width_in'": '"12.00'", '"finish_id'": 9, '"height_in'": '"34.50'", '"created_at'": '"2026-06-26T18:54:43.193Z'", '"created_by'": null, '"deleted_at'": null, '"product_id'": 188, '"updated_at'": '"2026-07-03T19:50:03.065Z'", '"updated_by'": 1, '"stock_status'": '"in_stock'"}","{'"id'": 2212, '"sku'": '"HT-VDB1221'", '"price'": '"690.00'", '"depth_in'": '"21.00'", '"width_in'": '"12.00'", '"finish_id'": 9, '"height_in'": '"34.50'", '"created_at'": '"2026-06-26T18:54:43.193Z'", '"created_by'": null, '"deleted_at'": null, '"product_id'": 188, '"updated_at'": '"2026-07-03T19:51:48.704Z'", '"updated_by'": 1, '"stock_status'": '"in_stock'"}",2026-07-03 14:51:48.704874-05,,
1073,1,UPDATE,products,290,"{'"id'": 290, '"sku'": '"DM'", '"name'": '"DM'", '"image_url'": null, '"created_at'": '"2026-06-26T21:29:57.071Z'", '"created_by'": null, '"deleted_at'": null, '"updated_at'": '"2026-06-30T20:04:27.418Z'", '"updated_by'": null, '"description'": '"Dentil Molding'", '"sub_category_id'": 46}","{'"event'": '"bulk_out_of_stock'", '"summary'": '"Admin admin@cabinet.local bulk marked all colors and variants of DM as Out of Stock.'", '"product_name'": '"DM'", '"updated_variant_count'": 16}",2026-07-03 15:03:12.810002-05,,
1074,1,UPDATE,products,289,"{'"id'": 289, '"sku'": '"RM'", '"name'": '"RM'", '"image_url'": null, '"created_at'": '"2026-06-26T21:29:57.071Z'", '"created_by'": null, '"deleted_at'": null, '"updated_at'": '"2026-06-30T20:04:04.606Z'", '"updated_by'": null, '"description'": '"Rope Molding'", '"sub_category_id'": 46}","{'"event'": '"toggle_unlist'", '"summary'": '"Admin admin@cabinet.local unlisted from the catalog (hidden) RM.'", '"is_listed'": false, '"product_name'": '"RM'"}",2026-07-03 15:03:55.159349-05,,
1075,1,UPDATE,products,289,"{'"id'": 289, '"sku'": '"RM'", '"name'": '"RM'", '"image_url'": null, '"created_at'": '"2026-06-26T21:29:57.071Z'", '"created_by'": null, '"deleted_at'": null, '"updated_at'": '"2026-06-30T20:04:04.606Z'", '"updated_by'": null, '"description'": '"Rope Molding'", '"sub_category_id'": 46}","{'"event'": '"toggle_unlist'", '"summary'": '"Admin admin@cabinet.local listed in the catalog RM.'", '"is_listed'": true, '"product_name'": '"RM'"}",2026-07-03 15:03:57.34115-05,,
1076,1,UPDATE,products,289,"{'"id'": 289, '"sku'": '"RM'", '"name'": '"RM'", '"image_url'": null, '"created_at'": '"2026-06-26T21:29:57.071Z'", '"created_by'": null, '"deleted_at'": null, '"updated_at'": '"2026-06-30T20:04:04.606Z'", '"updated_by'": null, '"description'": '"Rope Molding'", '"sub_category_id'": 46}","{'"event'": '"bulk_out_of_stock'", '"summary'": '"Admin admin@cabinet.local bulk marked all colors and variants of RM as Out of Stock.'", '"product_name'": '"RM'", '"updated_variant_count'": 16}",2026-07-03 15:03:58.038963-05,,
1077,1,UPDATE,products,309,"{'"id'": 309, '"sku'": '"CMCB'", '"name'": '"CMCB'", '"image_url'": null, '"created_at'": '"2026-06-26T21:29:57.071Z'", '"created_by'": null, '"deleted_at'": null, '"updated_at'": '"2026-06-30T20:04:27.418Z'", '"updated_by'": null, '"description'": '"Corbel'", '"sub_category_id'": 51}","{'"id'": 309, '"sku'": '"CMCB'", '"name'": '"CMCB'", '"image_url'": '"/uploads/products/1b9399ee-2d29-4138-9deb-907a04b9e815.png'", '"created_at'": '"2026-06-26T21:29:57.071Z'", '"created_by'": null, '"deleted_at'": null, '"updated_at'": '"2026-07-03T20:04:55.709Z'", '"updated_by'": 1, '"description'": '"Corbel'", '"sub_category_id'": 51}",2026-07-03 15:04:55.709281-05,,
1078,1,UPDATE,product_variants,3676,"{'"id'": 3676, '"sku'": '"HT-CMCB'", '"price'": '"302.40'", '"depth_in'": '"8.00'", '"width_in'": '"3.00'", '"finish_id'": 9, '"height_in'": '"12.00'", '"created_at'": '"2026-06-26T21:29:57.071Z'", '"created_by'": null, '"deleted_at'": null, '"product_id'": 309, '"updated_at'": '"2026-06-30T20:04:27.418Z'", '"updated_by'": null, '"stock_status'": '"in_stock'"}","{'"id'": 3676, '"sku'": '"HT-CMCB'", '"price'": '"302.40'", '"depth_in'": '"8.00'", '"width_in'": '"3.00'", '"finish_id'": 9, '"height_in'": '"12.00'", '"created_at'": '"2026-06-26T21:29:57.071Z'", '"created_by'": null, '"deleted_at'": null, '"product_id'": 309, '"updated_at'": '"2026-07-03T20:05:00.629Z'", '"updated_by'": 1, '"stock_status'": '"in_stock'"}",2026-07-03 15:05:00.62901-05,,
1079,1,UPDATE,products,310,"{'"id'": 310, '"sku'": '"CML'", '"name'": '"CML'", '"image_url'": null, '"created_at'": '"2026-06-26T21:29:57.071Z'", '"created_by'": null, '"deleted_at'": null, '"updated_at'": '"2026-06-30T20:04:27.418Z'", '"updated_by'": null, '"description'": '"Corbel'", '"sub_category_id'": 51}","{'"id'": 310, '"sku'": '"CML'", '"name'": '"CML'", '"image_url'": '"/uploads/products/3531c523-dd9b-40eb-b9df-2870c9955807.png'", '"created_at'": '"2026-06-26T21:29:57.071Z'", '"created_by'": null, '"deleted_at'": null, '"updated_at'": '"2026-07-03T20:05:33.699Z'", '"updated_by'": 1, '"description'": '"Corbel'", '"sub_category_id'": 51}",2026-07-03 15:05:33.699577-05,,
1080,1,UPDATE,product_variants,3688,"{'"id'": 3688, '"sku'": '"HT-CML'", '"price'": '"302.40'", '"depth_in'": '"4.00'", '"width_in'": '"5.00'", '"finish_id'": 9, '"height_in'": '"12.00'", '"created_at'": '"2026-06-26T21:29:57.071Z'", '"created_by'": null, '"deleted_at'": null, '"product_id'": 310, '"updated_at'": '"2026-06-30T20:04:27.418Z'", '"updated_by'": null, '"stock_status'": '"in_stock'"}","{'"id'": 3688, '"sku'": '"HT-CML'", '"price'": '"302.40'", '"depth_in'": '"4.00'", '"width_in'": '"5.00'", '"finish_id'": 9, '"height_in'": '"12.00'", '"created_at'": '"2026-06-26T21:29:57.071Z'", '"created_by'": null, '"deleted_at'": null, '"product_id'": 310, '"updated_at'": '"2026-07-03T20:05:37.315Z'", '"updated_by'": 1, '"stock_status'": '"in_stock'"}",2026-07-03 15:05:37.315261-05,,
1081,1,UPDATE,products,270,"{'"id'": 270, '"sku'": '"KD30'", '"name'": '"KD30'", '"image_url'": null, '"created_at'": '"2026-06-26T21:29:57.071Z'", '"created_by'": null, '"deleted_at'": null, '"updated_at'": '"2026-06-30T20:04:04.606Z'", '"updated_by'": null, '"description'": '"Knee Drawer'", '"sub_category_id'": 44}","{'"id'": 270, '"sku'": '"KD30'", '"name'": '"KD30'", '"image_url'": '"/uploads/products/c7d8c5a9-1573-4f1e-94f9-0d11b7783320.png'", '"created_at'": '"2026-06-26T21:29:57.071Z'", '"created_by'": null, '"deleted_at'": null, '"updated_at'": '"2026-07-03T20:06:24.231Z'", '"updated_by'": 1, '"description'": '"Knee Drawer'", '"sub_category_id'": 44}",2026-07-03 15:06:24.231531-05,,
1082,1,UPDATE,product_variants,3208,"{'"id'": 3208, '"sku'": '"HT-KD30'", '"price'": '"302.40'", '"depth_in'": '"21.00'", '"width_in'": '"30.00'", '"finish_id'": 9, '"height_in'": '"7.00'", '"created_at'": '"2026-06-26T21:29:57.071Z'", '"created_by'": null, '"deleted_at'": null, '"product_id'": 270, '"updated_at'": '"2026-06-30T20:04:04.606Z'", '"updated_by'": null, '"stock_status'": '"in_stock'"}","{'"id'": 3208, '"sku'": '"HT-KD30'", '"price'": '"302.40'", '"depth_in'": '"21.00'", '"width_in'": '"30.00'", '"finish_id'": 9, '"height_in'": '"7.00'", '"created_at'": '"2026-06-26T21:29:57.071Z'", '"created_by'": null, '"deleted_at'": null, '"product_id'": 270, '"updated_at'": '"2026-07-03T20:06:28.423Z'", '"updated_by'": 1, '"stock_status'": '"in_stock'"}",2026-07-03 15:06:28.42375-05,,
1083,1,UPDATE,products,320,"{'"id'": 320, '"sku'": '"BP2496-3/4'", '"name'": '"BP2496-3/4'", '"image_url'": null, '"created_at'": '"2026-06-26T21:29:57.071Z'", '"created_by'": null, '"deleted_at'": null, '"updated_at'": '"2026-06-30T20:04:27.418Z'", '"updated_by'": null, '"description'": '"End Skin Panel'", '"sub_category_id'": 49}","{'"id'": 320, '"sku'": '"BP2496-3/4'", '"name'": '"BP2496-3/4'", '"image_url'": '"/uploads/products/49636c59-fd06-4d3d-a4c6-7c9a28f993b4.webp'", '"created_at'": '"2026-06-26T21:29:57.071Z'", '"created_by'": null, '"deleted_at'": null, '"updated_at'": '"2026-07-03T20:08:10.898Z'", '"updated_by'": 1, '"description'": '"End Skin Panel'", '"sub_category_id'": 49}",2026-07-03 15:08:10.898995-05,,
1084,1,UPDATE,product_variants,3808,"{'"id'": 3808, '"sku'": '"HT-BP2496-3/4'", '"price'": '"271.60'", '"depth_in'": '"3.00'", '"width_in'": '"24.00'", '"finish_id'": 9, '"height_in'": '"96.00'", '"created_at'": '"2026-06-26T21:29:57.071Z'", '"created_by'": null, '"deleted_at'": null, '"product_id'": 320, '"updated_at'": '"2026-06-30T20:04:27.418Z'", '"updated_by'": null, '"stock_status'": '"in_stock'"}","{'"id'": 3808, '"sku'": '"HT-BP2496-3/4'", '"price'": '"271.60'", '"depth_in'": '"3.00'", '"width_in'": '"24.00'", '"finish_id'": 9, '"height_in'": '"96.00'", '"created_at'": '"2026-06-26T21:29:57.071Z'", '"created_by'": null, '"deleted_at'": null, '"product_id'": 320, '"updated_at'": '"2026-07-03T20:08:13.460Z'", '"updated_by'": 1, '"stock_status'": '"in_stock'"}",2026-07-03 15:08:13.460937-05,,
1085,1,UPDATE,products,316,"{'"id'": 316, '"sku'": '"BP3496-1/4'", '"name'": '"BP3496-1/4'", '"image_url'": null, '"created_at'": '"2026-06-26T21:29:57.071Z'", '"created_by'": null, '"deleted_at'": null, '"updated_at'": '"2026-06-30T20:04:27.418Z'", '"updated_by'": null, '"description'": '"End Skin Panel(Plywood)'", '"sub_category_id'": 49}","{'"id'": 316, '"sku'": '"BP3496-1/4'", '"name'": '"BP3496-1/4'", '"image_url'": '"/uploads/products/a24cf662-484c-4490-ba35-23137db1c33d.png'", '"created_at'": '"2026-06-26T21:29:57.071Z'", '"created_by'": null, '"deleted_at'": null, '"updated_at'": '"2026-07-03T20:08:21.114Z'", '"updated_by'": 1, '"description'": '"End Skin Panel(Plywood)'", '"sub_category_id'": 49}",2026-07-03 15:08:21.114571-05,,
1086,1,UPDATE,product_variants,3760,"{'"id'": 3760, '"sku'": '"HT-BP3496-1/4'", '"price'": '"268.80'", '"depth_in'": '"1.00'", '"width_in'": '"1.00'", '"finish_id'": 9, '"height_in'": '"96.00'", '"created_at'": '"2026-06-26T21:29:57.071Z'", '"created_by'": null, '"deleted_at'": null, '"product_id'": 316, '"updated_at'": '"2026-06-30T20:04:27.418Z'", '"updated_by'": null, '"stock_status'": '"in_stock'"}","{'"id'": 3760, '"sku'": '"HT-BP3496-1/4'", '"price'": '"268.80'", '"depth_in'": '"1.00'", '"width_in'": '"1.00'", '"finish_id'": 9, '"height_in'": '"96.00'", '"created_at'": '"2026-06-26T21:29:57.071Z'", '"created_by'": null, '"deleted_at'": null, '"product_id'": 316, '"updated_at'": '"2026-07-03T20:08:23.723Z'", '"updated_by'": 1, '"stock_status'": '"in_stock'"}",2026-07-03 15:08:23.723761-05,,
1087,1,UPDATE,products,318,"{'"id'": 318, '"sku'": '"BP4896-1/2'", '"name'": '"BP4896-1/2'", '"image_url'": null, '"created_at'": '"2026-06-26T21:29:57.071Z'", '"created_by'": null, '"deleted_at'": null, '"updated_at'": '"2026-06-30T20:04:27.418Z'", '"updated_by'": null, '"description'": '"End Skin Panel'", '"sub_category_id'": 49}","{'"id'": 318, '"sku'": '"BP4896-1/2'", '"name'": '"BP4896-1/2'", '"image_url'": '"/uploads/products/c8f5e86b-48cc-47ec-9548-6a31bb2af4c3.webp'", '"created_at'": '"2026-06-26T21:29:57.071Z'", '"created_by'": null, '"deleted_at'": null, '"updated_at'": '"2026-07-03T20:08:50.167Z'", '"updated_by'": 1, '"description'": '"End Skin Panel'", '"sub_category_id'": 49}",2026-07-03 15:08:50.167188-05,,
1088,1,UPDATE,product_variants,3784,"{'"id'": 3784, '"sku'": '"HT-BP4896-1/2'", '"price'": '"376.40'", '"depth_in'": '"1.00'", '"width_in'": '"48.00'", '"finish_id'": 9, '"height_in'": '"96.00'", '"created_at'": '"2026-06-26T21:29:57.071Z'", '"created_by'": null, '"deleted_at'": null, '"product_id'": 318, '"updated_at'": '"2026-06-30T20:04:27.418Z'", '"updated_by'": null, '"stock_status'": '"in_stock'"}","{'"id'": 3784, '"sku'": '"HT-BP4896-1/2'", '"price'": '"376.40'", '"depth_in'": '"1.00'", '"width_in'": '"48.00'", '"finish_id'": 9, '"height_in'": '"96.00'", '"created_at'": '"2026-06-26T21:29:57.071Z'", '"created_by'": null, '"deleted_at'": null, '"product_id'": 318, '"updated_at'": '"2026-07-03T20:08:52.583Z'", '"updated_by'": 1, '"stock_status'": '"in_stock'"}",2026-07-03 15:08:52.583977-05,,
1089,1,UPDATE,products,317,"{'"id'": 317, '"sku'": '"BP4896-1/4'", '"name'": '"BP4896-1/4'", '"image_url'": null, '"created_at'": '"2026-06-26T21:29:57.071Z'", '"created_by'": null, '"deleted_at'": null, '"updated_at'": '"2026-06-30T20:04:27.418Z'", '"updated_by'": null, '"description'": '"End Skin Panel'", '"sub_category_id'": 49}","{'"id'": 317, '"sku'": '"BP4896-1/4'", '"name'": '"BP4896-1/4'", '"image_url'": '"/uploads/products/18503ad7-600c-4e0e-baa8-901e0b495258.webp'", '"created_at'": '"2026-06-26T21:29:57.071Z'", '"created_by'": null, '"deleted_at'": null, '"updated_at'": '"2026-07-03T20:09:00.806Z'", '"updated_by'": 1, '"description'": '"End Skin Panel'", '"sub_category_id'": 49}",2026-07-03 15:09:00.806303-05,,
1090,1,UPDATE,product_variants,3772,"{'"id'": 3772, '"sku'": '"HT-BP4896-1/4'", '"price'": '"331.60'", '"depth_in'": '"1.00'", '"width_in'": '"48.00'", '"finish_id'": 9, '"height_in'": '"96.00'", '"created_at'": '"2026-06-26T21:29:57.071Z'", '"created_by'": null, '"deleted_at'": null, '"product_id'": 317, '"updated_at'": '"2026-06-30T20:04:27.418Z'", '"updated_by'": null, '"stock_status'": '"in_stock'"}","{'"id'": 3772, '"sku'": '"HT-BP4896-1/4'", '"price'": '"331.60'", '"depth_in'": '"1.00'", '"width_in'": '"48.00'", '"finish_id'": 9, '"height_in'": '"96.00'", '"created_at'": '"2026-06-26T21:29:57.071Z'", '"created_by'": null, '"deleted_at'": null, '"product_id'": 317, '"updated_at'": '"2026-07-03T20:09:03.313Z'", '"updated_by'": 1, '"stock_status'": '"in_stock'"}",2026-07-03 15:09:03.313911-05,,
1091,1,UPDATE,products,319,"{'"id'": 319, '"sku'": '"BP4896-3/4'", '"name'": '"BP4896-3/4'", '"image_url'": null, '"created_at'": '"2026-06-26T21:29:57.071Z'", '"created_by'": null, '"deleted_at'": null, '"updated_at'": '"2026-06-30T20:04:27.418Z'", '"updated_by'": null, '"description'": '"End Skin Panel'", '"sub_category_id'": 49}","{'"id'": 319, '"sku'": '"BP4896-3/4'", '"name'": '"BP4896-3/4'", '"image_url'": '"/uploads/products/d77b04f5-3912-4fa4-b3f7-4c575ad61133.png'", '"created_at'": '"2026-06-26T21:29:57.071Z'", '"created_by'": null, '"deleted_at'": null, '"updated_at'": '"2026-07-03T20:09:08.984Z'", '"updated_by'": 1, '"description'": '"End Skin Panel'", '"sub_category_id'": 49}",2026-07-03 15:09:08.984504-05,,
1092,1,UPDATE,product_variants,3796,"{'"id'": 3796, '"sku'": '"HT-BP4896-3/4'", '"price'": '"423.40'", '"depth_in'": '"3.00'", '"width_in'": '"48.00'", '"finish_id'": 9, '"height_in'": '"96.00'", '"created_at'": '"2026-06-26T21:29:57.071Z'", '"created_by'": null, '"deleted_at'": null, '"product_id'": 319, '"updated_at'": '"2026-06-30T20:04:27.418Z'", '"updated_by'": null, '"stock_status'": '"in_stock'"}","{'"id'": 3796, '"sku'": '"HT-BP4896-3/4'", '"price'": '"423.40'", '"depth_in'": '"3.00'", '"width_in'": '"48.00'", '"finish_id'": 9, '"height_in'": '"96.00'", '"created_at'": '"2026-06-26T21:29:57.071Z'", '"created_by'": null, '"deleted_at'": null, '"product_id'": 319, '"updated_at'": '"2026-07-03T20:09:11.599Z'", '"updated_by'": 1, '"stock_status'": '"in_stock'"}",2026-07-03 15:09:11.599425-05,,
1093,1,UPDATE,product_variants,3796,"{'"id'": 3796, '"sku'": '"HT-BP4896-3/4'", '"price'": '"423.40'", '"depth_in'": '"3.00'", '"width_in'": '"48.00'", '"finish_id'": 9, '"height_in'": '"96.00'", '"created_at'": '"2026-06-26T21:29:57.071Z'", '"created_by'": null, '"deleted_at'": null, '"product_id'": 319, '"updated_at'": '"2026-07-03T20:09:11.599Z'", '"updated_by'": 1, '"stock_status'": '"in_stock'"}","{'"id'": 3796, '"sku'": '"HT-BP4896-3/4'", '"price'": '"423.40'", '"depth_in'": '"3.00'", '"width_in'": '"48.00'", '"finish_id'": 9, '"height_in'": '"96.00'", '"created_at'": '"2026-06-26T21:29:57.071Z'", '"created_by'": null, '"deleted_at'": null, '"product_id'": 319, '"updated_at'": '"2026-07-03T20:09:14.883Z'", '"updated_by'": 1, '"stock_status'": '"in_stock'"}",2026-07-03 15:09:14.883763-05,,
1094,1,UPDATE,product_variants,3795,"{'"id'": 3795, '"sku'": '"HA-BP4896-3/4'", '"price'": '"423.40'", '"depth_in'": '"3.00'", '"width_in'": '"48.00'", '"finish_id'": 3, '"height_in'": '"96.00'", '"created_at'": '"2026-06-26T21:29:57.071Z'", '"created_by'": null, '"deleted_at'": null, '"product_id'": 319, '"updated_at'": '"2026-06-30T20:04:27.418Z'", '"updated_by'": null, '"stock_status'": '"in_stock'"}","{'"id'": 3795, '"sku'": '"HA-BP4896-3/4'", '"price'": '"423.40'", '"depth_in'": '"3.00'", '"width_in'": '"48.00'", '"finish_id'": 3, '"height_in'": '"96.00'", '"created_at'": '"2026-06-26T21:29:57.071Z'", '"created_by'": null, '"deleted_at'": null, '"product_id'": 319, '"updated_at'": '"2026-07-03T20:09:21.256Z'", '"updated_by'": 1, '"stock_status'": '"in_stock'"}",2026-07-03 15:09:21.256389-05,,
1095,1,UPDATE,products,293,"{'"id'": 293, '"sku'": '"BM1-1/4'", '"name'": '"BM1-1/4'", '"image_url'": null, '"created_at'": '"2026-06-26T21:29:57.071Z'", '"created_by'": null, '"deleted_at'": null, '"updated_at'": '"2026-06-30T20:04:27.418Z'", '"updated_by'": null, '"description'": '"Batten Molding'", '"sub_category_id'": 46}","{'"id'": 293, '"sku'": '"BM1-1/4'", '"name'": '"BM1-1/4'", '"image_url'": '"/uploads/products/95142781-819e-4fe6-87c3-9ef061de0358.webp'", '"created_at'": '"2026-06-26T21:29:57.071Z'", '"created_by'": null, '"deleted_at'": null, '"updated_at'": '"2026-07-03T20:09:55.121Z'", '"updated_by'": 1, '"description'": '"Batten Molding'", '"sub_category_id'": 46}",2026-07-03 15:09:55.121525-05,,
1096,1,UPDATE,product_variants,3484,"{'"id'": 3484, '"sku'": '"HT-BM1-1/4'", '"price'": '"26.90'", '"depth_in'": '"1.00'", '"width_in'": '"96.00'", '"finish_id'": 9, '"height_in'": '"1.00'", '"created_at'": '"2026-06-26T21:29:57.071Z'", '"created_by'": null, '"deleted_at'": null, '"product_id'": 293, '"updated_at'": '"2026-06-30T20:04:27.418Z'", '"updated_by'": null, '"stock_status'": '"in_stock'"}","{'"id'": 3484, '"sku'": '"HT-BM1-1/4'", '"price'": '"26.90'", '"depth_in'": '"1.00'", '"width_in'": '"96.00'", '"finish_id'": 9, '"height_in'": '"1.00'", '"created_at'": '"2026-06-26T21:29:57.071Z'", '"created_by'": null, '"deleted_at'": null, '"product_id'": 293, '"updated_at'": '"2026-07-03T20:09:57.555Z'", '"updated_by'": 1, '"stock_status'": '"in_stock'"}",2026-07-03 15:09:57.555459-05,,
1097,1,UPDATE,products,287,"{'"id'": 287, '"sku'": '"CM1'", '"name'": '"CM1'", '"image_url'": null, '"created_at'": '"2026-06-26T21:29:57.071Z'", '"created_by'": null, '"deleted_at'": null, '"updated_at'": '"2026-06-30T20:04:04.606Z'", '"updated_by'": null, '"description'": '"Crown Molding'", '"sub_category_id'": 46}","{'"id'": 287, '"sku'": '"CM1'", '"name'": '"CM1'", '"image_url'": '"/uploads/products/c5152ce9-85a5-44f5-93fd-aa8f41451328.webp'", '"created_at'": '"2026-06-26T21:29:57.071Z'", '"created_by'": null, '"deleted_at'": null, '"updated_at'": '"2026-07-03T20:10:23.784Z'", '"updated_by'": 1, '"description'": '"Crown Molding'", '"sub_category_id'": 46}",2026-07-03 15:10:23.784168-05,,
1098,1,UPDATE,product_variants,3412,"{'"id'": 3412, '"sku'": '"HT-CM1'", '"price'": '"117.00'", '"depth_in'": '"2.00'", '"width_in'": '"96.00'", '"finish_id'": 9, '"height_in'": '"2.00'", '"created_at'": '"2026-06-26T21:29:57.071Z'", '"created_by'": null, '"deleted_at'": null, '"product_id'": 287, '"updated_at'": '"2026-06-30T20:04:04.606Z'", '"updated_by'": null, '"stock_status'": '"in_stock'"}","{'"id'": 3412, '"sku'": '"HT-CM1'", '"price'": '"117.00'", '"depth_in'": '"2.00'", '"width_in'": '"96.00'", '"finish_id'": 9, '"height_in'": '"2.00'", '"created_at'": '"2026-06-26T21:29:57.071Z'", '"created_by'": null, '"deleted_at'": null, '"product_id'": 287, '"updated_at'": '"2026-07-03T20:10:26.462Z'", '"updated_by'": 1, '"stock_status'": '"in_stock'"}",2026-07-03 15:10:26.462442-05,,
1099,1,UPDATE,products,284,"{'"id'": 284, '"sku'": '"CM2'", '"name'": '"CM2'", '"image_url'": null, '"created_at'": '"2026-06-26T21:29:57.071Z'", '"created_by'": null, '"deleted_at'": null, '"updated_at'": '"2026-06-30T20:04:04.606Z'", '"updated_by'": null, '"description'": '"Crown Molding'", '"sub_category_id'": 46}","{'"id'": 284, '"sku'": '"CM2'", '"name'": '"CM2'", '"image_url'": '"/uploads/products/9c539c70-01a5-4f4b-855c-385bdae53403.png'", '"created_at'": '"2026-06-26T21:29:57.071Z'", '"created_by'": null, '"deleted_at'": null, '"updated_at'": '"2026-07-03T20:11:32.663Z'", '"updated_by'": 1, '"description'": '"Crown Molding'", '"sub_category_id'": 46}",2026-07-03 15:11:32.663046-05,,
1100,1,UPDATE,product_variants,3376,"{'"id'": 3376, '"sku'": '"HT-CM2'", '"price'": '"161.30'", '"depth_in'": '"1.00'", '"width_in'": '"96.00'", '"finish_id'": 9, '"height_in'": '"2.00'", '"created_at'": '"2026-06-26T21:29:57.071Z'", '"created_by'": null, '"deleted_at'": null, '"product_id'": 284, '"updated_at'": '"2026-06-30T20:04:04.606Z'", '"updated_by'": null, '"stock_status'": '"in_stock'"}","{'"id'": 3376, '"sku'": '"HT-CM2'", '"price'": '"161.30'", '"depth_in'": '"1.00'", '"width_in'": '"96.00'", '"finish_id'": 9, '"height_in'": '"2.00'", '"created_at'": '"2026-06-26T21:29:57.071Z'", '"created_by'": null, '"deleted_at'": null, '"product_id'": 284, '"updated_at'": '"2026-07-03T20:11:35.938Z'", '"updated_by'": 1, '"stock_status'": '"in_stock'"}",2026-07-03 15:11:35.938066-05,,
1101,1,UPDATE,products,285,"{'"id'": 285, '"sku'": '"CM4'", '"name'": '"CM4'", '"image_url'": null, '"created_at'": '"2026-06-26T21:29:57.071Z'", '"created_by'": null, '"deleted_at'": null, '"updated_at'": '"2026-06-30T20:04:04.606Z'", '"updated_by'": null, '"description'": '"Crown Molding'", '"sub_category_id'": 46}","{'"id'": 285, '"sku'": '"CM4'", '"name'": '"CM4'", '"image_url'": '"/uploads/products/8d085cc4-65b9-4a7d-ae1d-9730d889e39e.webp'", '"created_at'": '"2026-06-26T21:29:57.071Z'", '"created_by'": null, '"deleted_at'": null, '"updated_at'": '"2026-07-03T20:11:58.535Z'", '"updated_by'": 1, '"description'": '"Crown Molding'", '"sub_category_id'": 46}",2026-07-03 15:11:58.535409-05,,
1102,1,UPDATE,product_variants,3388,"{'"id'": 3388, '"sku'": '"HT-CM4'", '"price'": '"165.80'", '"depth_in'": '"2.00'", '"width_in'": '"96.00'", '"finish_id'": 9, '"height_in'": '"2.00'", '"created_at'": '"2026-06-26T21:29:57.071Z'", '"created_by'": null, '"deleted_at'": null, '"product_id'": 285, '"updated_at'": '"2026-06-30T20:04:04.606Z'", '"updated_by'": null, '"stock_status'": '"in_stock'"}","{'"id'": 3388, '"sku'": '"HT-CM4'", '"price'": '"165.80'", '"depth_in'": '"2.00'", '"width_in'": '"96.00'", '"finish_id'": 9, '"height_in'": '"2.00'", '"created_at'": '"2026-06-26T21:29:57.071Z'", '"created_by'": null, '"deleted_at'": null, '"product_id'": 285, '"updated_at'": '"2026-07-03T20:12:02.568Z'", '"updated_by'": 1, '"stock_status'": '"in_stock'"}",2026-07-03 15:12:02.5687-05,,
1103,1,UPDATE,products,286,"{'"id'": 286, '"sku'": '"CM6'", '"name'": '"CM6'", '"image_url'": null, '"created_at'": '"2026-06-26T21:29:57.071Z'", '"created_by'": null, '"deleted_at'": null, '"updated_at'": '"2026-06-30T20:04:04.606Z'", '"updated_by'": null, '"description'": '"Crown Molding'", '"sub_category_id'": 46}","{'"id'": 286, '"sku'": '"CM6'", '"name'": '"CM6'", '"image_url'": '"/uploads/products/ea850e75-045a-4102-bda2-9e83102d2914.webp'", '"created_at'": '"2026-06-26T21:29:57.071Z'", '"created_by'": null, '"deleted_at'": null, '"updated_at'": '"2026-07-03T20:13:11.599Z'", '"updated_by'": 1, '"description'": '"Crown Molding'", '"sub_category_id'": 46}",2026-07-03 15:13:11.599996-05,,
1150,1,UPDATE,products,312,"{'"id'": 312, '"sku'": '"WP-W30'", '"name'": '"WP-W30'", '"image_url'": null, '"created_at'": '"2026-06-26T21:29:57.071Z'", '"created_by'": null, '"deleted_at'": null, '"updated_at'": '"2026-06-30T20:04:27.418Z'", '"updated_by'": null, '"description'": '"Wainscot Panel Wall 30\'"'", '"sub_category_id'": 52}","{'"id'": 312, '"sku'": '"WP-W30'", '"name'": '"WP-W30'", '"image_url'": '"/uploads/products/552e32e3-cd64-4acc-a67d-c4a9de5f9d69.webp'", '"created_at'": '"2026-06-26T21:29:57.071Z'", '"created_by'": null, '"deleted_at'": null, '"updated_at'": '"2026-07-03T20:29:36.433Z'", '"updated_by'": 1, '"description'": '"Wainscot Panel Wall 30\'"'", '"sub_category_id'": 52}",2026-07-03 15:29:36.433916-05,,
1104,1,UPDATE,product_variants,3400,"{'"id'": 3400, '"sku'": '"HT-CM6'", '"price'": '"183.70'", '"depth_in'": '"2.00'", '"width_in'": '"96.00'", '"finish_id'": 9, '"height_in'": '"3.00'", '"created_at'": '"2026-06-26T21:29:57.071Z'", '"created_by'": null, '"deleted_at'": null, '"product_id'": 286, '"updated_at'": '"2026-06-30T20:04:04.606Z'", '"updated_by'": null, '"stock_status'": '"in_stock'"}","{'"id'": 3400, '"sku'": '"HT-CM6'", '"price'": '"183.70'", '"depth_in'": '"2.00'", '"width_in'": '"96.00'", '"finish_id'": 9, '"height_in'": '"3.00'", '"created_at'": '"2026-06-26T21:29:57.071Z'", '"created_by'": null, '"deleted_at'": null, '"product_id'": 286, '"updated_at'": '"2026-07-03T20:13:15.522Z'", '"updated_by'": 1, '"stock_status'": '"in_stock'"}",2026-07-03 15:13:15.522131-05,,
1105,1,UPDATE,products,297,"{'"id'": 297, '"sku'": '"ICM8'", '"name'": '"ICM8'", '"image_url'": null, '"created_at'": '"2026-06-26T21:29:57.071Z'", '"created_by'": null, '"deleted_at'": null, '"updated_at'": '"2026-06-30T20:04:27.418Z'", '"updated_by'": null, '"description'": '"Inside Corner Molding'", '"sub_category_id'": 46}","{'"id'": 297, '"sku'": '"ICM8'", '"name'": '"ICM8'", '"image_url'": '"/uploads/products/2fba3e80-6075-4f57-ae80-c51bb8fcbc21.webp'", '"created_at'": '"2026-06-26T21:29:57.071Z'", '"created_by'": null, '"deleted_at'": null, '"updated_at'": '"2026-07-03T20:13:33.082Z'", '"updated_by'": 1, '"description'": '"Inside Corner Molding'", '"sub_category_id'": 46}",2026-07-03 15:13:33.082317-05,,
1106,1,UPDATE,product_variants,3532,"{'"id'": 3532, '"sku'": '"HT-ICM8'", '"price'": '"78.40'", '"depth_in'": '"3.00'", '"width_in'": '"96.00'", '"finish_id'": 9, '"height_in'": '"3.00'", '"created_at'": '"2026-06-26T21:29:57.071Z'", '"created_by'": null, '"deleted_at'": null, '"product_id'": 297, '"updated_at'": '"2026-06-30T20:04:27.418Z'", '"updated_by'": null, '"stock_status'": '"in_stock'"}","{'"id'": 3532, '"sku'": '"HT-ICM8'", '"price'": '"78.40'", '"depth_in'": '"3.00'", '"width_in'": '"96.00'", '"finish_id'": 9, '"height_in'": '"3.00'", '"created_at'": '"2026-06-26T21:29:57.071Z'", '"created_by'": null, '"deleted_at'": null, '"product_id'": 297, '"updated_at'": '"2026-07-03T20:13:35.651Z'", '"updated_by'": 1, '"stock_status'": '"in_stock'"}",2026-07-03 15:13:35.651289-05,,
1107,1,UPDATE,products,291,"{'"id'": 291, '"sku'": '"LRM'", '"name'": '"LRM'", '"image_url'": null, '"created_at'": '"2026-06-26T21:29:57.071Z'", '"created_by'": null, '"deleted_at'": null, '"updated_at'": '"2026-06-30T20:04:27.418Z'", '"updated_by'": null, '"description'": '"Light Rail Molding'", '"sub_category_id'": 46}","{'"id'": 291, '"sku'": '"LRM'", '"name'": '"LRM'", '"image_url'": '"/uploads/products/66b9e20c-e1b9-441b-a5d7-5bb1ef3d3246.webp'", '"created_at'": '"2026-06-26T21:29:57.071Z'", '"created_by'": null, '"deleted_at'": null, '"updated_at'": '"2026-07-03T20:13:44.554Z'", '"updated_by'": 1, '"description'": '"Light Rail Molding'", '"sub_category_id'": 46}",2026-07-03 15:13:44.554909-05,,
1108,1,UPDATE,product_variants,3460,"{'"id'": 3460, '"sku'": '"HT-LRM'", '"price'": '"168.00'", '"depth_in'": '"3.00'", '"width_in'": '"96.00'", '"finish_id'": 9, '"height_in'": '"1.00'", '"created_at'": '"2026-06-26T21:29:57.071Z'", '"created_by'": null, '"deleted_at'": null, '"product_id'": 291, '"updated_at'": '"2026-06-30T20:04:27.418Z'", '"updated_by'": null, '"stock_status'": '"in_stock'"}","{'"id'": 3460, '"sku'": '"HT-LRM'", '"price'": '"168.00'", '"depth_in'": '"3.00'", '"width_in'": '"96.00'", '"finish_id'": 9, '"height_in'": '"1.00'", '"created_at'": '"2026-06-26T21:29:57.071Z'", '"created_by'": null, '"deleted_at'": null, '"product_id'": 291, '"updated_at'": '"2026-07-03T20:13:47.066Z'", '"updated_by'": 1, '"stock_status'": '"in_stock'"}",2026-07-03 15:13:47.066298-05,,
1109,1,UPDATE,products,296,"{'"id'": 296, '"sku'": '"OCM8'", '"name'": '"OCM8'", '"image_url'": null, '"created_at'": '"2026-06-26T21:29:57.071Z'", '"created_by'": null, '"deleted_at'": null, '"updated_at'": '"2026-06-30T20:04:27.418Z'", '"updated_by'": null, '"description'": '"Outside Corner Molding'", '"sub_category_id'": 46}","{'"id'": 296, '"sku'": '"OCM8'", '"name'": '"OCM8'", '"image_url'": '"/uploads/products/270a596a-4252-40de-9a53-f10987dcf0d9.png'", '"created_at'": '"2026-06-26T21:29:57.071Z'", '"created_by'": null, '"deleted_at'": null, '"updated_at'": '"2026-07-03T20:14:08.449Z'", '"updated_by'": 1, '"description'": '"Outside Corner Molding'", '"sub_category_id'": 46}",2026-07-03 15:14:08.449016-05,,
1110,1,UPDATE,product_variants,3520,"{'"id'": 3520, '"sku'": '"HT-OCM8'", '"price'": '"53.80'", '"depth_in'": '"7.00'", '"width_in'": '"96.00'", '"finish_id'": 9, '"height_in'": '"7.00'", '"created_at'": '"2026-06-26T21:29:57.071Z'", '"created_by'": null, '"deleted_at'": null, '"product_id'": 296, '"updated_at'": '"2026-06-30T20:04:27.418Z'", '"updated_by'": null, '"stock_status'": '"in_stock'"}","{'"id'": 3520, '"sku'": '"HT-OCM8'", '"price'": '"53.80'", '"depth_in'": '"7.00'", '"width_in'": '"96.00'", '"finish_id'": 9, '"height_in'": '"7.00'", '"created_at'": '"2026-06-26T21:29:57.071Z'", '"created_by'": null, '"deleted_at'": null, '"product_id'": 296, '"updated_at'": '"2026-07-03T20:14:12.349Z'", '"updated_by'": 1, '"stock_status'": '"in_stock'"}",2026-07-03 15:14:12.349015-05,,
1111,1,UPDATE,products,295,"{'"id'": 295, '"sku'": '"QRM'", '"name'": '"QRM'", '"image_url'": null, '"created_at'": '"2026-06-26T21:29:57.071Z'", '"created_by'": null, '"deleted_at'": null, '"updated_at'": '"2026-06-30T20:04:27.418Z'", '"updated_by'": null, '"description'": '"Shoe Molding'", '"sub_category_id'": 46}","{'"id'": 295, '"sku'": '"QRM'", '"name'": '"QRM'", '"image_url'": '"/uploads/products/07234361-29c2-47fa-8db2-18f0dc826187.webp'", '"created_at'": '"2026-06-26T21:29:57.071Z'", '"created_by'": null, '"deleted_at'": null, '"updated_at'": '"2026-07-03T20:14:34.000Z'", '"updated_by'": 1, '"description'": '"Shoe Molding'", '"sub_category_id'": 46}",2026-07-03 15:14:34.000264-05,,
1112,1,UPDATE,product_variants,3508,"{'"id'": 3508, '"sku'": '"HT-QRM'", '"price'": '"58.30'", '"depth_in'": '"3.00'", '"width_in'": '"96.00'", '"finish_id'": 9, '"height_in'": '"3.00'", '"created_at'": '"2026-06-26T21:29:57.071Z'", '"created_by'": null, '"deleted_at'": null, '"product_id'": 295, '"updated_at'": '"2026-06-30T20:04:27.418Z'", '"updated_by'": null, '"stock_status'": '"in_stock'"}","{'"id'": 3508, '"sku'": '"HT-QRM'", '"price'": '"58.30'", '"depth_in'": '"3.00'", '"width_in'": '"96.00'", '"finish_id'": 9, '"height_in'": '"3.00'", '"created_at'": '"2026-06-26T21:29:57.071Z'", '"created_by'": null, '"deleted_at'": null, '"product_id'": 295, '"updated_at'": '"2026-07-03T20:14:37.065Z'", '"updated_by'": 1, '"stock_status'": '"in_stock'"}",2026-07-03 15:14:37.065634-05,,
1113,1,UPDATE,products,304,"{'"id'": 304, '"sku'": '"REP2496'", '"name'": '"REP2496'", '"image_url'": null, '"created_at'": '"2026-06-26T21:29:57.071Z'", '"created_by'": null, '"deleted_at'": null, '"updated_at'": '"2026-06-30T20:04:27.418Z'", '"updated_by'": null, '"description'": '"Refrigarator End Panel'", '"sub_category_id'": 49}","{'"id'": 304, '"sku'": '"REP2496'", '"name'": '"REP2496'", '"image_url'": '"/uploads/products/905b5b49-adac-40a3-9ffe-5eee35a9e876.webp'", '"created_at'": '"2026-06-26T21:29:57.071Z'", '"created_by'": null, '"deleted_at'": null, '"updated_at'": '"2026-07-03T20:15:32.141Z'", '"updated_by'": 1, '"description'": '"Refrigarator End Panel'", '"sub_category_id'": 49}",2026-07-03 15:15:32.141424-05,,
1177,2,CREATE,orders,8,,"{'"event'": '"customer_order'", '"summary'": '"X Co. placed ORD-8 for $3,535.'", '"dealer_name'": '"X Co.'", '"order_label'": '"ORD-8'", '"total_price'": 3535.45}",2026-07-07 15:51:09.866457-05,,
1114,1,UPDATE,product_variants,3616,"{'"id'": 3616, '"sku'": '"HT-REP2496'", '"price'": '"367.40'", '"depth_in'": '"1.00'", '"width_in'": '"24.00'", '"finish_id'": 9, '"height_in'": '"96.00'", '"created_at'": '"2026-06-26T21:29:57.071Z'", '"created_by'": null, '"deleted_at'": null, '"product_id'": 304, '"updated_at'": '"2026-06-30T20:04:27.418Z'", '"updated_by'": null, '"stock_status'": '"in_stock'"}","{'"id'": 3616, '"sku'": '"HT-REP2496'", '"price'": '"367.40'", '"depth_in'": '"1.00'", '"width_in'": '"24.00'", '"finish_id'": 9, '"height_in'": '"96.00'", '"created_at'": '"2026-06-26T21:29:57.071Z'", '"created_by'": null, '"deleted_at'": null, '"product_id'": 304, '"updated_at'": '"2026-07-03T20:15:35.163Z'", '"updated_by'": 1, '"stock_status'": '"in_stock'"}",2026-07-03 15:15:35.16369-05,,
1115,1,UPDATE,products,290,"{'"id'": 290, '"sku'": '"DM'", '"name'": '"DM'", '"image_url'": null, '"created_at'": '"2026-06-26T21:29:57.071Z'", '"created_by'": null, '"deleted_at'": null, '"updated_at'": '"2026-06-30T20:04:27.418Z'", '"updated_by'": null, '"description'": '"Dentil Molding'", '"sub_category_id'": 46}","{'"event'": '"toggle_unlist'", '"summary'": '"Admin admin@cabinet.local unlisted from the catalog (hidden) DM.'", '"is_listed'": false, '"product_name'": '"DM'"}",2026-07-03 15:15:58.013882-05,,
1116,1,UPDATE,products,289,"{'"id'": 289, '"sku'": '"RM'", '"name'": '"RM'", '"image_url'": null, '"created_at'": '"2026-06-26T21:29:57.071Z'", '"created_by'": null, '"deleted_at'": null, '"updated_at'": '"2026-06-30T20:04:04.606Z'", '"updated_by'": null, '"description'": '"Rope Molding'", '"sub_category_id'": 46}","{'"event'": '"toggle_unlist'", '"summary'": '"Admin admin@cabinet.local unlisted from the catalog (hidden) RM.'", '"is_listed'": false, '"product_name'": '"RM'"}",2026-07-03 15:16:05.883543-05,,
1117,1,UPDATE,products,288,"{'"id'": 288, '"sku'": '"TCM'", '"name'": '"TCM'", '"image_url'": null, '"created_at'": '"2026-06-26T21:29:57.071Z'", '"created_by'": null, '"deleted_at'": null, '"updated_at'": '"2026-06-30T20:04:04.606Z'", '"updated_by'": null, '"description'": '"Crown Molding'", '"sub_category_id'": 46}","{'"event'": '"toggle_unlist'", '"summary'": '"Admin admin@cabinet.local unlisted from the catalog (hidden) TCM.'", '"is_listed'": false, '"product_name'": '"TCM'"}",2026-07-03 15:16:50.415356-05,,
1118,1,UPDATE,products,298,"{'"id'": 298, '"sku'": '"VST96'", '"name'": '"VST96'", '"image_url'": null, '"created_at'": '"2026-06-26T21:29:57.071Z'", '"created_by'": null, '"deleted_at'": null, '"updated_at'": '"2026-06-30T20:04:27.418Z'", '"updated_by'": null, '"description'": '"Baseboard Molding'", '"sub_category_id'": 46}","{'"event'": '"bulk_out_of_stock'", '"summary'": '"Admin admin@cabinet.local bulk marked all colors and variants of VST96 as Out of Stock.'", '"product_name'": '"VST96'", '"updated_variant_count'": 16}",2026-07-03 15:17:26.851245-05,,
1119,1,UPDATE,products,298,"{'"id'": 298, '"sku'": '"VST96'", '"name'": '"VST96'", '"image_url'": null, '"created_at'": '"2026-06-26T21:29:57.071Z'", '"created_by'": null, '"deleted_at'": null, '"updated_at'": '"2026-06-30T20:04:27.418Z'", '"updated_by'": null, '"description'": '"Baseboard Molding'", '"sub_category_id'": 46}","{'"event'": '"toggle_unlist'", '"summary'": '"Admin admin@cabinet.local unlisted from the catalog (hidden) VST96.'", '"is_listed'": false, '"product_name'": '"VST96'"}",2026-07-03 15:17:27.650127-05,,
1120,1,UPDATE,products,308,"{'"id'": 308, '"sku'": '"CP36'", '"name'": '"CP36'", '"image_url'": null, '"created_at'": '"2026-06-26T21:29:57.071Z'", '"created_by'": null, '"deleted_at'": null, '"updated_at'": '"2026-06-30T20:04:27.418Z'", '"updated_by'": null, '"description'": '"Corner Roman Pillar'", '"sub_category_id'": 50}","{'"event'": '"bulk_out_of_stock'", '"summary'": '"Admin admin@cabinet.local bulk marked all colors and variants of CP36 as Out of Stock.'", '"product_name'": '"CP36'", '"updated_variant_count'": 16}",2026-07-03 15:17:48.537718-05,,
1121,1,UPDATE,products,308,"{'"id'": 308, '"sku'": '"CP36'", '"name'": '"CP36'", '"image_url'": null, '"created_at'": '"2026-06-26T21:29:57.071Z'", '"created_by'": null, '"deleted_at'": null, '"updated_at'": '"2026-06-30T20:04:27.418Z'", '"updated_by'": null, '"description'": '"Corner Roman Pillar'", '"sub_category_id'": 50}","{'"event'": '"toggle_unlist'", '"summary'": '"Admin admin@cabinet.local unlisted from the catalog (hidden) CP36.'", '"is_listed'": false, '"product_name'": '"CP36'"}",2026-07-03 15:17:49.150961-05,,
1122,1,UPDATE,products,305,"{'"id'": 305, '"sku'": '"SP336'", '"name'": '"SP336'", '"image_url'": null, '"created_at'": '"2026-06-26T21:29:57.071Z'", '"created_by'": null, '"deleted_at'": null, '"updated_at'": '"2026-06-30T20:04:27.418Z'", '"updated_by'": null, '"description'": '"Square Roman Pillar'", '"sub_category_id'": 50}","{'"id'": 305, '"sku'": '"SP336'", '"name'": '"SP336'", '"image_url'": '"/uploads/products/ab979e37-8d48-4fc8-9d88-1d46be2d6356.png'", '"created_at'": '"2026-06-26T21:29:57.071Z'", '"created_by'": null, '"deleted_at'": null, '"updated_at'": '"2026-07-03T20:19:07.466Z'", '"updated_by'": 1, '"description'": '"Square Roman Pillar'", '"sub_category_id'": 50}",2026-07-03 15:19:07.466186-05,,
1123,1,UPDATE,product_variants,3628,"{'"id'": 3628, '"sku'": '"HT-SP336'", '"price'": '"405.50'", '"depth_in'": '"3.00'", '"width_in'": '"3.00'", '"finish_id'": 9, '"height_in'": '"36.00'", '"created_at'": '"2026-06-26T21:29:57.071Z'", '"created_by'": null, '"deleted_at'": null, '"product_id'": 305, '"updated_at'": '"2026-06-30T20:04:27.418Z'", '"updated_by'": null, '"stock_status'": '"in_stock'"}","{'"id'": 3628, '"sku'": '"HT-SP336'", '"price'": '"405.50'", '"depth_in'": '"3.00'", '"width_in'": '"3.00'", '"finish_id'": 9, '"height_in'": '"36.00'", '"created_at'": '"2026-06-26T21:29:57.071Z'", '"created_by'": null, '"deleted_at'": null, '"product_id'": 305, '"updated_at'": '"2026-07-03T20:19:10.282Z'", '"updated_by'": 1, '"stock_status'": '"in_stock'"}",2026-07-03 15:19:10.282387-05,,
1124,1,UPDATE,products,306,"{'"id'": 306, '"sku'": '"RP336'", '"name'": '"SP336'", '"image_url'": null, '"created_at'": '"2026-06-26T21:29:57.071Z'", '"created_by'": null, '"deleted_at'": null, '"updated_at'": '"2026-06-30T20:04:27.418Z'", '"updated_by'": null, '"description'": '"Round Roman Pillar'", '"sub_category_id'": 50}","{'"id'": 306, '"sku'": '"RP336'", '"name'": '"SP336'", '"image_url'": '"/uploads/products/ca712e9f-428a-42be-b664-99d7b2e0b1d5.webp'", '"created_at'": '"2026-06-26T21:29:57.071Z'", '"created_by'": null, '"deleted_at'": null, '"updated_at'": '"2026-07-03T20:19:51.841Z'", '"updated_by'": 1, '"description'": '"Round Roman Pillar'", '"sub_category_id'": 50}",2026-07-03 15:19:51.841318-05,,
1125,1,UPDATE,product_variants,3640,"{'"id'": 3640, '"sku'": '"HT-RP336'", '"price'": '"405.50'", '"depth_in'": '"3.00'", '"width_in'": '"3.00'", '"finish_id'": 9, '"height_in'": '"36.00'", '"created_at'": '"2026-06-26T21:29:57.071Z'", '"created_by'": null, '"deleted_at'": null, '"product_id'": 306, '"updated_at'": '"2026-06-30T20:04:27.418Z'", '"updated_by'": null, '"stock_status'": '"in_stock'"}","{'"id'": 3640, '"sku'": '"HT-RP336'", '"price'": '"405.50'", '"depth_in'": '"3.00'", '"width_in'": '"3.00'", '"finish_id'": 9, '"height_in'": '"36.00'", '"created_at'": '"2026-06-26T21:29:57.071Z'", '"created_by'": null, '"deleted_at'": null, '"product_id'": 306, '"updated_at'": '"2026-07-03T20:19:54.192Z'", '"updated_by'": 1, '"stock_status'": '"in_stock'"}",2026-07-03 15:19:54.192489-05,,
1126,1,UPDATE,products,307,"{'"id'": 307, '"sku'": '"RP436'", '"name'": '"RP436'", '"image_url'": null, '"created_at'": '"2026-06-26T21:29:57.071Z'", '"created_by'": null, '"deleted_at'": null, '"updated_at'": '"2026-06-30T20:04:27.418Z'", '"updated_by'": null, '"description'": '"Round Roman Pillar'", '"sub_category_id'": 50}","{'"event'": '"bulk_out_of_stock'", '"summary'": '"Admin admin@cabinet.local bulk marked all colors and variants of RP436 as Out of Stock.'", '"product_name'": '"RP436'", '"updated_variant_count'": 16}",2026-07-03 15:20:07.216083-05,,
1128,1,UPDATE,product_variants,3640,"{'"id'": 3640, '"sku'": '"HT-RP336'", '"price'": '"405.50'", '"depth_in'": '"3.00'", '"width_in'": '"3.00'", '"finish_id'": 9, '"height_in'": '"36.00'", '"created_at'": '"2026-06-26T21:29:57.071Z'", '"created_by'": null, '"deleted_at'": null, '"product_id'": 306, '"updated_at'": '"2026-07-03T20:19:54.192Z'", '"updated_by'": 1, '"stock_status'": '"in_stock'"}","{'"id'": 3640, '"sku'": '"HT-RP336'", '"price'": '"405.50'", '"depth_in'": '"3.00'", '"width_in'": '"3.00'", '"finish_id'": 9, '"height_in'": '"36.00'", '"created_at'": '"2026-06-26T21:29:57.071Z'", '"created_by'": null, '"deleted_at'": null, '"product_id'": 306, '"updated_at'": '"2026-07-03T20:20:55.920Z'", '"updated_by'": 1, '"stock_status'": '"in_stock'"}",2026-07-03 15:20:55.920505-05,,
1129,1,UPDATE,products,306,"{'"id'": 306, '"sku'": '"RP336'", '"name'": '"SP336'", '"image_url'": '"/uploads/products/ca712e9f-428a-42be-b664-99d7b2e0b1d5.webp'", '"created_at'": '"2026-06-26T21:29:57.071Z'", '"created_by'": null, '"deleted_at'": null, '"updated_at'": '"2026-07-03T20:19:51.841Z'", '"updated_by'": 1, '"description'": '"Round Roman Pillar'", '"sub_category_id'": 50}","{'"id'": 306, '"sku'": '"RP336'", '"name'": '"RP336'", '"image_url'": '"/uploads/products/ca712e9f-428a-42be-b664-99d7b2e0b1d5.webp'", '"created_at'": '"2026-06-26T21:29:57.071Z'", '"created_by'": null, '"deleted_at'": null, '"updated_at'": '"2026-07-03T20:20:55.920Z'", '"updated_by'": 1, '"description'": '"Round Roman Pillar'", '"sub_category_id'": 50}",2026-07-03 15:20:55.920505-05,,
1130,1,UPDATE,products,294,"{'"id'": 294, '"sku'": '"TK8'", '"name'": '"TK8'", '"image_url'": null, '"created_at'": '"2026-06-26T21:29:57.071Z'", '"created_by'": null, '"deleted_at'": null, '"updated_at'": '"2026-06-30T20:04:27.418Z'", '"updated_by'": null, '"description'": '"Toe Kick Plate'", '"sub_category_id'": 47}","{'"id'": 294, '"sku'": '"TK8'", '"name'": '"TK8'", '"image_url'": '"/uploads/products/6003588a-cde5-4f2a-b066-d22c4e0ca5fd.png'", '"created_at'": '"2026-06-26T21:29:57.071Z'", '"created_by'": null, '"deleted_at'": null, '"updated_at'": '"2026-07-03T20:21:56.748Z'", '"updated_by'": 1, '"description'": '"Toe Kick Plate'", '"sub_category_id'": 47}",2026-07-03 15:21:56.748468-05,,
1131,1,UPDATE,product_variants,3496,"{'"id'": 3496, '"sku'": '"HT-TK8'", '"price'": '"35.90'", '"depth_in'": '"1.00'", '"width_in'": '"96.00'", '"finish_id'": 9, '"height_in'": '"4.00'", '"created_at'": '"2026-06-26T21:29:57.071Z'", '"created_by'": null, '"deleted_at'": null, '"product_id'": 294, '"updated_at'": '"2026-06-30T20:04:27.418Z'", '"updated_by'": null, '"stock_status'": '"in_stock'"}","{'"id'": 3496, '"sku'": '"HT-TK8'", '"price'": '"35.90'", '"depth_in'": '"1.00'", '"width_in'": '"96.00'", '"finish_id'": 9, '"height_in'": '"4.00'", '"created_at'": '"2026-06-26T21:29:57.071Z'", '"created_by'": null, '"deleted_at'": null, '"product_id'": 294, '"updated_at'": '"2026-07-03T20:22:00.213Z'", '"updated_by'": 1, '"stock_status'": '"in_stock'"}",2026-07-03 15:22:00.213944-05,,
1132,1,UPDATE,products,300,"{'"id'": 300, '"sku'": '"VAR36'", '"name'": '"VAR36'", '"image_url'": null, '"created_at'": '"2026-06-26T21:29:57.071Z'", '"created_by'": null, '"deleted_at'": null, '"updated_at'": '"2026-06-30T20:04:27.418Z'", '"updated_by'": null, '"description'": '"Valance'", '"sub_category_id'": 48}","{'"id'": 300, '"sku'": '"VAR36'", '"name'": '"VAR36'", '"image_url'": '"/uploads/products/5cf4f75a-2944-4922-b5e6-3de4ff48c66e.png'", '"created_at'": '"2026-06-26T21:29:57.071Z'", '"created_by'": null, '"deleted_at'": null, '"updated_at'": '"2026-07-03T20:23:19.851Z'", '"updated_by'": 1, '"description'": '"Valance'", '"sub_category_id'": 48}",2026-07-03 15:23:19.851908-05,,
1133,1,UPDATE,product_variants,3568,"{'"id'": 3568, '"sku'": '"HT-VAR36'", '"price'": '"78.40'", '"depth_in'": '"3.00'", '"width_in'": '"36.00'", '"finish_id'": 9, '"height_in'": '"5.00'", '"created_at'": '"2026-06-26T21:29:57.071Z'", '"created_by'": null, '"deleted_at'": null, '"product_id'": 300, '"updated_at'": '"2026-06-30T20:04:27.418Z'", '"updated_by'": null, '"stock_status'": '"in_stock'"}","{'"id'": 3568, '"sku'": '"HT-VAR36'", '"price'": '"78.40'", '"depth_in'": '"3.00'", '"width_in'": '"36.00'", '"finish_id'": 9, '"height_in'": '"5.00'", '"created_at'": '"2026-06-26T21:29:57.071Z'", '"created_by'": null, '"deleted_at'": null, '"product_id'": 300, '"updated_at'": '"2026-07-03T20:23:22.718Z'", '"updated_by'": 1, '"stock_status'": '"in_stock'"}",2026-07-03 15:23:22.718904-05,,
1134,1,UPDATE,products,301,"{'"id'": 301, '"sku'": '"VAR54'", '"name'": '"VAR54'", '"image_url'": null, '"created_at'": '"2026-06-26T21:29:57.071Z'", '"created_by'": null, '"deleted_at'": null, '"updated_at'": '"2026-06-30T20:04:27.418Z'", '"updated_by'": null, '"description'": '"Valance'", '"sub_category_id'": 48}","{'"id'": 301, '"sku'": '"VAR54'", '"name'": '"VAR54'", '"image_url'": '"/uploads/products/b2d4cd5b-9aab-49f8-aa8c-20da89ac335f.png'", '"created_at'": '"2026-06-26T21:29:57.071Z'", '"created_by'": null, '"deleted_at'": null, '"updated_at'": '"2026-07-03T20:23:29.453Z'", '"updated_by'": 1, '"description'": '"Valance'", '"sub_category_id'": 48}",2026-07-03 15:23:29.453939-05,,
1135,1,UPDATE,product_variants,3580,"{'"id'": 3580, '"sku'": '"HT-VAR54'", '"price'": '"98.60'", '"depth_in'": '"3.00'", '"width_in'": '"54.00'", '"finish_id'": 9, '"height_in'": '"5.00'", '"created_at'": '"2026-06-26T21:29:57.071Z'", '"created_by'": null, '"deleted_at'": null, '"product_id'": 301, '"updated_at'": '"2026-06-30T20:04:27.418Z'", '"updated_by'": null, '"stock_status'": '"in_stock'"}","{'"id'": 3580, '"sku'": '"HT-VAR54'", '"price'": '"98.60'", '"depth_in'": '"3.00'", '"width_in'": '"54.00'", '"finish_id'": 9, '"height_in'": '"5.00'", '"created_at'": '"2026-06-26T21:29:57.071Z'", '"created_by'": null, '"deleted_at'": null, '"product_id'": 301, '"updated_at'": '"2026-07-03T20:23:31.971Z'", '"updated_by'": 1, '"stock_status'": '"in_stock'"}",2026-07-03 15:23:31.971948-05,,
1136,1,UPDATE,products,336,"{'"id'": 336, '"sku'": '"VAR48'", '"name'": '"VAR48'", '"image_url'": null, '"created_at'": '"2026-06-30T19:39:25.070Z'", '"created_by'": null, '"deleted_at'": null, '"updated_at'": '"2026-06-30T20:04:27.418Z'", '"updated_by'": null, '"description'": '"Valance'", '"sub_category_id'": 48}","{'"event'": '"bulk_out_of_stock'", '"summary'": '"Admin admin@cabinet.local bulk marked all colors and variants of VAR48 as Out of Stock.'", '"product_name'": '"VAR48'", '"updated_variant_count'": 16}",2026-07-03 15:23:39.903557-05,,
1137,1,UPDATE,products,336,"{'"id'": 336, '"sku'": '"VAR48'", '"name'": '"VAR48'", '"image_url'": null, '"created_at'": '"2026-06-30T19:39:25.070Z'", '"created_by'": null, '"deleted_at'": null, '"updated_at'": '"2026-06-30T20:04:27.418Z'", '"updated_by'": null, '"description'": '"Valance'", '"sub_category_id'": 48}","{'"event'": '"toggle_unlist'", '"summary'": '"Admin admin@cabinet.local unlisted from the catalog (hidden) VAR48.'", '"is_listed'": false, '"product_name'": '"VAR48'"}",2026-07-03 15:23:40.766997-05,,
1138,1,UPDATE,products,337,"{'"id'": 337, '"sku'": '"VARP36'", '"name'": '"VARP36'", '"image_url'": null, '"created_at'": '"2026-06-30T19:39:25.070Z'", '"created_by'": null, '"deleted_at'": null, '"updated_at'": '"2026-06-30T20:04:27.418Z'", '"updated_by'": null, '"description'": '"Valance'", '"sub_category_id'": 48}","{'"event'": '"bulk_out_of_stock'", '"summary'": '"Admin admin@cabinet.local bulk marked all colors and variants of VARP36 as Out of Stock.'", '"product_name'": '"VARP36'", '"updated_variant_count'": 16}",2026-07-03 15:24:28.542144-05,,
1139,1,UPDATE,products,337,"{'"id'": 337, '"sku'": '"VARP36'", '"name'": '"VARP36'", '"image_url'": null, '"created_at'": '"2026-06-30T19:39:25.070Z'", '"created_by'": null, '"deleted_at'": null, '"updated_at'": '"2026-06-30T20:04:27.418Z'", '"updated_by'": null, '"description'": '"Valance'", '"sub_category_id'": 48}","{'"event'": '"toggle_unlist'", '"summary'": '"Admin admin@cabinet.local unlisted from the catalog (hidden) VARP36.'", '"is_listed'": false, '"product_name'": '"VARP36'"}",2026-07-03 15:24:29.368577-05,,
1140,1,UPDATE,products,303,"{'"id'": 303, '"sku'": '"VARP54'", '"name'": '"VARP54'", '"image_url'": null, '"created_at'": '"2026-06-26T21:29:57.071Z'", '"created_by'": null, '"deleted_at'": null, '"updated_at'": '"2026-06-30T20:04:27.418Z'", '"updated_by'": null, '"description'": '"Valance w/Raised Panel 54\'" Trimable to 48\'"'", '"sub_category_id'": 48}","{'"id'": 303, '"sku'": '"VARP54'", '"name'": '"VARP54'", '"image_url'": '"/uploads/products/a30b062a-e686-40a8-b8ae-c410b76a26a6.png'", '"created_at'": '"2026-06-26T21:29:57.071Z'", '"created_by'": null, '"deleted_at'": null, '"updated_at'": '"2026-07-03T20:25:14.769Z'", '"updated_by'": 1, '"description'": '"Valance w/Raised Panel 54\'" Trimable to 48\'"'", '"sub_category_id'": 48}",2026-07-03 15:25:14.769915-05,,
1141,1,UPDATE,product_variants,3604,"{'"id'": 3604, '"sku'": '"HT-VARP54'", '"price'": '"318.10'", '"depth_in'": '"3.00'", '"width_in'": '"54.00'", '"finish_id'": 9, '"height_in'": '"12.00'", '"created_at'": '"2026-06-26T21:29:57.071Z'", '"created_by'": null, '"deleted_at'": null, '"product_id'": 303, '"updated_at'": '"2026-06-30T20:04:27.418Z'", '"updated_by'": null, '"stock_status'": '"in_stock'"}","{'"id'": 3604, '"sku'": '"HT-VARP54'", '"price'": '"318.10'", '"depth_in'": '"3.00'", '"width_in'": '"54.00'", '"finish_id'": 9, '"height_in'": '"12.00'", '"created_at'": '"2026-06-26T21:29:57.071Z'", '"created_by'": null, '"deleted_at'": null, '"product_id'": 303, '"updated_at'": '"2026-07-03T20:25:17.799Z'", '"updated_by'": 1, '"stock_status'": '"in_stock'"}",2026-07-03 15:25:17.799483-05,,
1142,1,UPDATE,products,302,"{'"id'": 302, '"sku'": '"VARP42'", '"name'": '"VARP42'", '"image_url'": null, '"created_at'": '"2026-06-26T21:29:57.071Z'", '"created_by'": null, '"deleted_at'": null, '"updated_at'": '"2026-06-30T20:04:27.418Z'", '"updated_by'": null, '"description'": '"Valance w/Raised Panel 42\'" Trimable to 36\'"'", '"sub_category_id'": 48}","{'"id'": 302, '"sku'": '"VARP42'", '"name'": '"VARP42'", '"image_url'": '"/uploads/products/2fb270a8-5a14-4c1e-82ac-bcf8ba63aea3.png'", '"created_at'": '"2026-06-26T21:29:57.071Z'", '"created_by'": null, '"deleted_at'": null, '"updated_at'": '"2026-07-03T20:25:24.936Z'", '"updated_by'": 1, '"description'": '"Valance w/Raised Panel 42\'" Trimable to 36\'"'", '"sub_category_id'": 48}",2026-07-03 15:25:24.936439-05,,
1143,1,UPDATE,product_variants,3592,"{'"id'": 3592, '"sku'": '"HT-VARP42'", '"price'": '"273.30'", '"depth_in'": '"3.00'", '"width_in'": '"42.00'", '"finish_id'": 9, '"height_in'": '"12.00'", '"created_at'": '"2026-06-26T21:29:57.071Z'", '"created_by'": null, '"deleted_at'": null, '"product_id'": 302, '"updated_at'": '"2026-06-30T20:04:27.418Z'", '"updated_by'": null, '"stock_status'": '"in_stock'"}","{'"id'": 3592, '"sku'": '"HT-VARP42'", '"price'": '"273.30'", '"depth_in'": '"3.00'", '"width_in'": '"42.00'", '"finish_id'": 9, '"height_in'": '"12.00'", '"created_at'": '"2026-06-26T21:29:57.071Z'", '"created_by'": null, '"deleted_at'": null, '"product_id'": 302, '"updated_at'": '"2026-07-03T20:25:30.998Z'", '"updated_by'": 1, '"stock_status'": '"in_stock'"}",2026-07-03 15:25:30.998925-05,,
1144,1,UPDATE,products,292,"{'"id'": 292, '"sku'": '"SM8-S'", '"name'": '"SM8-S'", '"image_url'": null, '"created_at'": '"2026-06-26T21:29:57.071Z'", '"created_by'": null, '"deleted_at'": null, '"updated_at'": '"2026-06-30T20:04:27.418Z'", '"updated_by'": null, '"description'": '"Scribe Molding'", '"sub_category_id'": 46}","{'"id'": 292, '"sku'": '"SM8-S'", '"name'": '"SM8-S'", '"image_url'": '"/uploads/products/818f179c-2599-4247-8b26-e78b0ca451a9.webp'", '"created_at'": '"2026-06-26T21:29:57.071Z'", '"created_by'": null, '"deleted_at'": null, '"updated_at'": '"2026-07-03T20:27:12.232Z'", '"updated_by'": 1, '"description'": '"Scribe Molding'", '"sub_category_id'": 46}",2026-07-03 15:27:12.232733-05,,
1145,1,UPDATE,product_variants,3472,"{'"id'": 3472, '"sku'": '"HT-SM8-S'", '"price'": '"26.90'", '"depth_in'": '"1.00'", '"width_in'": '"96.00'", '"finish_id'": 9, '"height_in'": '"3.00'", '"created_at'": '"2026-06-26T21:29:57.071Z'", '"created_by'": null, '"deleted_at'": null, '"product_id'": 292, '"updated_at'": '"2026-06-30T20:04:27.418Z'", '"updated_by'": null, '"stock_status'": '"in_stock'"}","{'"id'": 3472, '"sku'": '"HT-SM8-S'", '"price'": '"26.90'", '"depth_in'": '"1.00'", '"width_in'": '"96.00'", '"finish_id'": 9, '"height_in'": '"3.00'", '"created_at'": '"2026-06-26T21:29:57.071Z'", '"created_by'": null, '"deleted_at'": null, '"product_id'": 292, '"updated_at'": '"2026-07-03T20:27:15.242Z'", '"updated_by'": 1, '"stock_status'": '"in_stock'"}",2026-07-03 15:27:15.24281-05,,
1146,1,UPDATE,products,299,"{'"id'": 299, '"sku'": '"STKM8'", '"name'": '"STKM8'", '"image_url'": null, '"created_at'": '"2026-06-26T21:29:57.071Z'", '"created_by'": null, '"deleted_at'": null, '"updated_at'": '"2026-06-30T20:04:27.418Z'", '"updated_by'": null, '"description'": '"Stacking Molding'", '"sub_category_id'": 46}","{'"id'": 299, '"sku'": '"STKM8'", '"name'": '"STKM8'", '"image_url'": '"/uploads/products/bc745888-97be-4f2b-acaf-c835ea295e0d.webp'", '"created_at'": '"2026-06-26T21:29:57.071Z'", '"created_by'": null, '"deleted_at'": null, '"updated_at'": '"2026-07-03T20:27:42.131Z'", '"updated_by'": 1, '"description'": '"Stacking Molding'", '"sub_category_id'": 46}",2026-07-03 15:27:42.1313-05,,
1147,1,UPDATE,product_variants,3556,"{'"id'": 3556, '"sku'": '"HT-STKM8'", '"price'": '"150.10'", '"depth_in'": '"3.00'", '"width_in'": '"96.00'", '"finish_id'": 9, '"height_in'": '"2.00'", '"created_at'": '"2026-06-26T21:29:57.071Z'", '"created_by'": null, '"deleted_at'": null, '"product_id'": 299, '"updated_at'": '"2026-06-30T20:04:27.418Z'", '"updated_by'": null, '"stock_status'": '"in_stock'"}","{'"id'": 3556, '"sku'": '"HT-STKM8'", '"price'": '"150.10'", '"depth_in'": '"3.00'", '"width_in'": '"96.00'", '"finish_id'": 9, '"height_in'": '"2.00'", '"created_at'": '"2026-06-26T21:29:57.071Z'", '"created_by'": null, '"deleted_at'": null, '"product_id'": 299, '"updated_at'": '"2026-07-03T20:27:45.147Z'", '"updated_by'": 1, '"stock_status'": '"in_stock'"}",2026-07-03 15:27:45.147527-05,,
1148,1,UPDATE,products,311,"{'"id'": 311, '"sku'": '"WP-BASE'", '"name'": '"WP-BASE'", '"image_url'": null, '"created_at'": '"2026-06-26T21:29:57.071Z'", '"created_by'": null, '"deleted_at'": null, '"updated_at'": '"2026-06-30T20:04:27.418Z'", '"updated_by'": null, '"description'": '"Wainscot Panel Base'", '"sub_category_id'": 52}","{'"id'": 311, '"sku'": '"WP-BASE'", '"name'": '"WP-BASE'", '"image_url'": '"/uploads/products/c0b5ebfc-6deb-449d-a0cf-20d53a2f383f.png'", '"created_at'": '"2026-06-26T21:29:57.071Z'", '"created_by'": null, '"deleted_at'": null, '"updated_at'": '"2026-07-03T20:29:27.470Z'", '"updated_by'": 1, '"description'": '"Wainscot Panel Base'", '"sub_category_id'": 52}",2026-07-03 15:29:27.470312-05,,
1149,1,UPDATE,product_variants,3700,"{'"id'": 3700, '"sku'": '"HT-WP-BASE'", '"price'": '"219.60'", '"depth_in'": '"3.00'", '"width_in'": '"23.00'", '"finish_id'": 9, '"height_in'": '"29.00'", '"created_at'": '"2026-06-26T21:29:57.071Z'", '"created_by'": null, '"deleted_at'": null, '"product_id'": 311, '"updated_at'": '"2026-06-30T20:04:27.418Z'", '"updated_by'": null, '"stock_status'": '"in_stock'"}","{'"id'": 3700, '"sku'": '"HT-WP-BASE'", '"price'": '"219.60'", '"depth_in'": '"3.00'", '"width_in'": '"23.00'", '"finish_id'": 9, '"height_in'": '"29.00'", '"created_at'": '"2026-06-26T21:29:57.071Z'", '"created_by'": null, '"deleted_at'": null, '"product_id'": 311, '"updated_at'": '"2026-07-03T20:29:30.809Z'", '"updated_by'": 1, '"stock_status'": '"in_stock'"}",2026-07-03 15:29:30.809417-05,,
1178,2,CREATE,orders,9,,"{'"event'": '"customer_order'", '"summary'": '"X Co. placed ORD-9 for $2,229.'", '"dealer_name'": '"X Co.'", '"order_label'": '"ORD-9'", '"total_price'": 2229.34}",2026-07-07 15:55:25.347916-05,,
1151,1,UPDATE,product_variants,3712,"{'"id'": 3712, '"sku'": '"HT-WP-W30'", '"price'": '"98.60'", '"depth_in'": '"3.00'", '"width_in'": '"11.00'", '"finish_id'": 9, '"height_in'": '"29.00'", '"created_at'": '"2026-06-26T21:29:57.071Z'", '"created_by'": null, '"deleted_at'": null, '"product_id'": 312, '"updated_at'": '"2026-06-30T20:04:27.418Z'", '"updated_by'": null, '"stock_status'": '"in_stock'"}","{'"id'": 3712, '"sku'": '"HT-WP-W30'", '"price'": '"98.60'", '"depth_in'": '"3.00'", '"width_in'": '"11.00'", '"finish_id'": 9, '"height_in'": '"29.00'", '"created_at'": '"2026-06-26T21:29:57.071Z'", '"created_by'": null, '"deleted_at'": null, '"product_id'": 312, '"updated_at'": '"2026-07-03T20:29:39.120Z'", '"updated_by'": 1, '"stock_status'": '"in_stock'"}",2026-07-03 15:29:39.120764-05,,
1152,1,UPDATE,products,313,"{'"id'": 313, '"sku'": '"WP-W36'", '"name'": '"WP-W36'", '"image_url'": null, '"created_at'": '"2026-06-26T21:29:57.071Z'", '"created_by'": null, '"deleted_at'": null, '"updated_at'": '"2026-06-30T20:04:27.418Z'", '"updated_by'": null, '"description'": '"Wainscot Panel Wall 36\'"'", '"sub_category_id'": 52}","{'"id'": 313, '"sku'": '"WP-W36'", '"name'": '"WP-W36'", '"image_url'": '"/uploads/products/7b167356-d834-4ff9-b2d2-28d922a2515a.webp'", '"created_at'": '"2026-06-26T21:29:57.071Z'", '"created_by'": null, '"deleted_at'": null, '"updated_at'": '"2026-07-03T20:29:50.093Z'", '"updated_by'": 1, '"description'": '"Wainscot Panel Wall 36\'"'", '"sub_category_id'": 52}",2026-07-03 15:29:50.093562-05,,
1153,1,UPDATE,product_variants,3724,"{'"id'": 3724, '"sku'": '"HT-WP-W36'", '"price'": '"109.80'", '"depth_in'": '"3.00'", '"width_in'": '"11.00'", '"finish_id'": 9, '"height_in'": '"1.00'", '"created_at'": '"2026-06-26T21:29:57.071Z'", '"created_by'": null, '"deleted_at'": null, '"product_id'": 313, '"updated_at'": '"2026-06-30T20:04:27.418Z'", '"updated_by'": null, '"stock_status'": '"in_stock'"}","{'"id'": 3724, '"sku'": '"HT-WP-W36'", '"price'": '"109.80'", '"depth_in'": '"3.00'", '"width_in'": '"11.00'", '"finish_id'": 9, '"height_in'": '"1.00'", '"created_at'": '"2026-06-26T21:29:57.071Z'", '"created_by'": null, '"deleted_at'": null, '"product_id'": 313, '"updated_at'": '"2026-07-03T20:29:52.842Z'", '"updated_by'": 1, '"stock_status'": '"in_stock'"}",2026-07-03 15:29:52.842955-05,,
1154,1,UPDATE,products,314,"{'"id'": 314, '"sku'": '"WP-W42'", '"name'": '"WP-W42'", '"image_url'": null, '"created_at'": '"2026-06-26T21:29:57.071Z'", '"created_by'": null, '"deleted_at'": null, '"updated_at'": '"2026-06-30T20:04:27.418Z'", '"updated_by'": null, '"description'": '"Wainscot Panel Wall 42\'"'", '"sub_category_id'": 52}","{'"id'": 314, '"sku'": '"WP-W42'", '"name'": '"WP-W42'", '"image_url'": '"/uploads/products/278221e6-0c10-4100-8566-60d0b02f4ef3.png'", '"created_at'": '"2026-06-26T21:29:57.071Z'", '"created_by'": null, '"deleted_at'": null, '"updated_at'": '"2026-07-03T20:30:01.111Z'", '"updated_by'": 1, '"description'": '"Wainscot Panel Wall 42\'"'", '"sub_category_id'": 52}",2026-07-03 15:30:01.111329-05,,
1155,1,UPDATE,product_variants,3736,"{'"id'": 3736, '"sku'": '"HT-WP-W42'", '"price'": '"145.60'", '"depth_in'": '"3.00'", '"width_in'": '"11.00'", '"finish_id'": 9, '"height_in'": '"1.00'", '"created_at'": '"2026-06-26T21:29:57.071Z'", '"created_by'": null, '"deleted_at'": null, '"product_id'": 314, '"updated_at'": '"2026-06-30T20:04:27.418Z'", '"updated_by'": null, '"stock_status'": '"in_stock'"}","{'"id'": 3736, '"sku'": '"HT-WP-W42'", '"price'": '"145.60'", '"depth_in'": '"3.00'", '"width_in'": '"11.00'", '"finish_id'": 9, '"height_in'": '"1.00'", '"created_at'": '"2026-06-26T21:29:57.071Z'", '"created_by'": null, '"deleted_at'": null, '"product_id'": 314, '"updated_at'": '"2026-07-03T20:30:04.052Z'", '"updated_by'": 1, '"stock_status'": '"in_stock'"}",2026-07-03 15:30:04.052262-05,,
1156,1,UPDATE,products,168,"{'"id'": 168, '"sku'": '"PR3015'", '"name'": '"PR3015'", '"image_url'": null, '"created_at'": '"2026-06-26T18:13:08.164Z'", '"created_by'": null, '"deleted_at'": null, '"updated_at'": '"2026-06-30T20:04:04.606Z'", '"updated_by'": null, '"description'": '"Wall Plate Rack'", '"sub_category_id'": 30}","{'"id'": 168, '"sku'": '"PR3015'", '"name'": '"PR3015'", '"image_url'": '"/uploads/products/9de29ce4-7372-45ac-a95d-bf4f5632975f.jpg'", '"created_at'": '"2026-06-26T18:13:08.164Z'", '"created_by'": null, '"deleted_at'": null, '"updated_at'": '"2026-07-03T20:35:48.416Z'", '"updated_by'": 1, '"description'": '"Wall Plate Rack'", '"sub_category_id'": 30}",2026-07-03 15:35:48.416654-05,,
1157,1,UPDATE,door_finishes,1,"{'"id'": 1, '"name'": '"White Shaker'", '"slug'": '"white-shaker'", '"is_active'": true, '"created_at'": '"2026-06-22T16:23:34.677Z'", '"created_by'": null, '"deleted_at'": null, '"sort_order'": 0, '"updated_at'": '"2026-07-02T22:26:41.451Z'", '"updated_by'": 1, '"description'": null, '"sample_image_url'": null}","{'"id'": 1, '"name'": '"White Shaker'", '"slug'": '"white-shaker'", '"is_active'": true, '"created_at'": '"2026-06-22T16:23:34.677Z'", '"created_by'": null, '"deleted_at'": null, '"sort_order'": 0, '"updated_at'": '"2026-07-06T15:01:13.415Z'", '"updated_by'": 1, '"description'": null, '"sample_image_url'": '"/uploads/products/8a67b5c7-691b-4f0c-8f00-2ea02ce567e2.png'"}",2026-07-06 10:01:13.415833-05,,
1158,1,UPDATE,door_finishes,22,"{'"id'": 22, '"name'": '"Sage Green'", '"slug'": '"sage-green'", '"is_active'": true, '"created_at'": '"2026-06-30T20:03:53.794Z'", '"created_by'": 1, '"deleted_at'": null, '"sort_order'": 0, '"updated_at'": '"2026-07-02T22:22:02.028Z'", '"updated_by'": 1, '"description'": null, '"sample_image_url'": null}","{'"id'": 22, '"name'": '"Sage Green'", '"slug'": '"sage-green'", '"is_active'": true, '"created_at'": '"2026-06-30T20:03:53.794Z'", '"created_by'": 1, '"deleted_at'": null, '"sort_order'": 0, '"updated_at'": '"2026-07-06T15:01:27.187Z'", '"updated_by'": 1, '"description'": null, '"sample_image_url'": '"/uploads/products/478e9b1b-843a-4b58-854d-be7c54457bc9.jpg'"}",2026-07-06 10:01:27.187-05,,
1159,1,UPDATE,door_finishes,17,"{'"id'": 17, '"name'": '"Espresso'", '"slug'": '"espresso'", '"is_active'": true, '"created_at'": '"2026-06-24T17:30:22.831Z'", '"created_by'": 1, '"deleted_at'": null, '"sort_order'": 30, '"updated_at'": '"2026-07-02T22:23:21.293Z'", '"updated_by'": 1, '"description'": null, '"sample_image_url'": null}","{'"id'": 17, '"name'": '"Espresso'", '"slug'": '"espresso'", '"is_active'": true, '"created_at'": '"2026-06-24T17:30:22.831Z'", '"created_by'": 1, '"deleted_at'": null, '"sort_order'": 30, '"updated_at'": '"2026-07-06T15:03:06.472Z'", '"updated_by'": 1, '"description'": null, '"sample_image_url'": '"/uploads/products/94e90477-9eee-4906-8839-7f719e04ed14.png'"}",2026-07-06 10:03:06.47236-05,,
1160,1,UPDATE,door_finishes,21,"{'"id'": 21, '"name'": '"Ivory'", '"slug'": '"ivory'", '"is_active'": true, '"created_at'": '"2026-06-30T20:03:08.451Z'", '"created_by'": 1, '"deleted_at'": null, '"sort_order'": 0, '"updated_at'": '"2026-07-02T22:21:58.896Z'", '"updated_by'": 1, '"description'": null, '"sample_image_url'": null}","{'"id'": 21, '"name'": '"Ivory'", '"slug'": '"ivory'", '"is_active'": true, '"created_at'": '"2026-06-30T20:03:08.451Z'", '"created_by'": 1, '"deleted_at'": null, '"sort_order'": 0, '"updated_at'": '"2026-07-06T15:04:44.370Z'", '"updated_by'": 1, '"description'": null, '"sample_image_url'": '"/uploads/products/2d076cff-b3c0-4b24-bff9-46a29d8be03d.png'"}",2026-07-06 10:04:44.370766-05,,
1179,2,CREATE,orders,10,,"{'"event'": '"customer_order'", '"summary'": '"X Co. placed ORD-10 for $3,116.'", '"dealer_name'": '"X Co.'", '"order_label'": '"ORD-10'", '"total_price'": 3115.95}",2026-07-08 11:13:53.283336-05,,
1161,1,UPDATE,door_finishes,3,"{'"id'": 3, '"name'": '"Ash Shaker'", '"slug'": '"ash-shaker'", '"is_active'": true, '"created_at'": '"2026-06-22T16:23:34.677Z'", '"created_by'": null, '"deleted_at'": null, '"sort_order'": 3, '"updated_at'": '"2026-07-02T22:22:26.494Z'", '"updated_by'": 1, '"description'": null, '"finish_images'": ['"/uploads/products/e6e8e8d3-64a1-4965-9ef2-72f80213666f.png'", '"/uploads/products/f9b7de4a-ab5f-4959-9a70-4d181cd65b5f.webp'", '"/uploads/products/5a6f223d-cb38-4e27-b113-f6063e291758.webp'"], '"sample_image_url'": '"/uploads/products/e6e8e8d3-64a1-4965-9ef2-72f80213666f.png'"}","{'"id'": 3, '"name'": '"Ash Shaker'", '"slug'": '"ash-shaker'", '"is_active'": true, '"created_at'": '"2026-06-22T16:23:34.677Z'", '"created_by'": null, '"deleted_at'": null, '"sort_order'": 3, '"updated_at'": '"2026-07-07T14:52:15.145Z'", '"updated_by'": 1, '"description'": null, '"finish_images'": ['"/uploads/products/e6e8e8d3-64a1-4965-9ef2-72f80213666f.png'", '"/uploads/products/5a6f223d-cb38-4e27-b113-f6063e291758.webp'"], '"sample_image_url'": '"/uploads/products/e6e8e8d3-64a1-4965-9ef2-72f80213666f.png'"}",2026-07-07 09:52:15.145325-05,,
1162,1,UPDATE,door_finishes,2,"{'"id'": 2, '"name'": '"Ebony Shaker'", '"slug'": '"ebony-shaker'", '"is_active'": true, '"created_at'": '"2026-06-22T16:23:34.677Z'", '"created_by'": null, '"deleted_at'": null, '"sort_order'": 3, '"updated_at'": '"2026-07-02T22:22:34.578Z'", '"updated_by'": 1, '"description'": null, '"finish_images'": ['"/uploads/products/fdcb203d-37f1-40a3-9c6b-f519be0f5859.png'", '"/uploads/products/406270de-dabd-487f-9793-0f20f1202937.webp'", '"/uploads/products/c14cfa95-fc39-4640-a88f-ed2566b2b138.webp'"], '"sample_image_url'": '"/uploads/products/fdcb203d-37f1-40a3-9c6b-f519be0f5859.png'"}","{'"id'": 2, '"name'": '"Ebony Shaker'", '"slug'": '"ebony-shaker'", '"is_active'": true, '"created_at'": '"2026-06-22T16:23:34.677Z'", '"created_by'": null, '"deleted_at'": null, '"sort_order'": 3, '"updated_at'": '"2026-07-07T14:52:20.267Z'", '"updated_by'": 1, '"description'": null, '"finish_images'": ['"/uploads/products/fdcb203d-37f1-40a3-9c6b-f519be0f5859.png'", '"/uploads/products/c14cfa95-fc39-4640-a88f-ed2566b2b138.webp'"], '"sample_image_url'": '"/uploads/products/fdcb203d-37f1-40a3-9c6b-f519be0f5859.png'"}",2026-07-07 09:52:20.267229-05,,
1163,1,UPDATE,door_finishes,9,"{'"id'": 9, '"name'": '"Timber Shaker'", '"slug'": '"timber-shaker'", '"is_active'": true, '"created_at'": '"2026-06-23T20:18:36.495Z'", '"created_by'": null, '"deleted_at'": null, '"sort_order'": 4, '"updated_at'": '"2026-07-02T22:29:47.028Z'", '"updated_by'": 1, '"description'": null, '"finish_images'": ['"/uploads/products/c56e81a1-d1a3-4d13-ad8d-21256dcc6bd0.png'", '"/uploads/products/ea8f60a1-8a36-4e85-a906-6451ae322401.webp'", '"/uploads/products/b4922f62-4884-4f69-af35-d747fd5b7a98.webp'"], '"sample_image_url'": '"/uploads/products/c56e81a1-d1a3-4d13-ad8d-21256dcc6bd0.png'"}","{'"id'": 9, '"name'": '"Timber Shaker'", '"slug'": '"timber-shaker'", '"is_active'": true, '"created_at'": '"2026-06-23T20:18:36.495Z'", '"created_by'": null, '"deleted_at'": null, '"sort_order'": 4, '"updated_at'": '"2026-07-07T14:52:22.903Z'", '"updated_by'": 1, '"description'": null, '"finish_images'": ['"/uploads/products/c56e81a1-d1a3-4d13-ad8d-21256dcc6bd0.png'", '"/uploads/products/b4922f62-4884-4f69-af35-d747fd5b7a98.webp'"], '"sample_image_url'": '"/uploads/products/c56e81a1-d1a3-4d13-ad8d-21256dcc6bd0.png'"}",2026-07-07 09:52:22.903112-05,,
1164,1,UPDATE,door_finishes,10,"{'"id'": 10, '"name'": '"Slim Frost'", '"slug'": '"slim-frost'", '"is_active'": true, '"created_at'": '"2026-06-23T20:19:03.376Z'", '"created_by'": null, '"deleted_at'": null, '"sort_order'": 5, '"updated_at'": '"2026-07-02T22:29:50.493Z'", '"updated_by'": 1, '"description'": null, '"finish_images'": ['"/uploads/products/7cded580-00cf-4a5e-ba75-5d8b1a81d1e4.png'", '"/uploads/products/c9852306-6b6f-45c0-b9c9-7c72b11ccf43.webp'", '"/uploads/products/208a8e35-cb5d-40f0-96d6-42c67c8b5536.webp'"], '"sample_image_url'": '"/uploads/products/7cded580-00cf-4a5e-ba75-5d8b1a81d1e4.png'"}","{'"id'": 10, '"name'": '"Slim Frost'", '"slug'": '"slim-frost'", '"is_active'": true, '"created_at'": '"2026-06-23T20:19:03.376Z'", '"created_by'": null, '"deleted_at'": null, '"sort_order'": 5, '"updated_at'": '"2026-07-07T14:52:26.449Z'", '"updated_by'": 1, '"description'": null, '"finish_images'": ['"/uploads/products/7cded580-00cf-4a5e-ba75-5d8b1a81d1e4.png'", '"/uploads/products/c9852306-6b6f-45c0-b9c9-7c72b11ccf43.webp'"], '"sample_image_url'": '"/uploads/products/7cded580-00cf-4a5e-ba75-5d8b1a81d1e4.png'"}",2026-07-07 09:52:26.449593-05,,
1165,1,UPDATE,email_templates,1,,"{'"event'": '"automation_step_updated'", '"summary'": '"admin@cabinet.local updated abandoned cart automation step 1.'", '"is_active'": true, '"step_number'": 1}",2026-07-07 11:09:40.932134-05,,
1166,1,UPDATE,email_templates,1,,"{'"event'": '"automation_step_updated'", '"summary'": '"admin@cabinet.local updated abandoned cart automation step 1.'", '"is_active'": false, '"step_number'": 1}",2026-07-07 11:09:47.914461-05,,
1167,1,UPDATE,users,2,,"{'"code'": '"CAB-CCJF-CF'", '"event'": '"promo_code_deactivated'", '"summary'": '"admin@cabinet.local deactivated coupon CAB-CCJF-CF for dealer ahmetsakallioglu54@gmail.com.'", '"is_active'": false, '"promo_code_id'": '"16f4adf7-8d5b-4739-8509-2331a9458405'"}",2026-07-07 11:10:08.857745-05,,
1168,1,UPDATE,orders,5,"{'"status'": '"pending'", '"order_label'": '"ORD-5'"}","{'"status'": '"waiting_for_modification_payment'", '"summary'": '"admin@cabinet.local changed ORD-5 (X Co.) status from pending to waiting_for_modification_payment.'", '"order_label'": '"ORD-5'"}",2026-07-07 15:14:57.141663-05,,
1169,1,UPDATE,orders,5,"{'"status'": '"waiting_for_modification_payment'", '"order_label'": '"ORD-5'"}","{'"status'": '"pending'", '"summary'": '"admin@cabinet.local changed ORD-5 (X Co.) status from waiting_for_modification_payment to pending.'", '"order_label'": '"ORD-5'"}",2026-07-07 15:14:58.700639-05,,
1170,1,UPDATE,orders,5,"{'"status'": '"pending'", '"order_label'": '"ORD-5'"}","{'"status'": '"waiting_for_modification_payment'", '"summary'": '"admin@cabinet.local changed ORD-5 (X Co.) status from pending to waiting_for_modification_payment.'", '"order_label'": '"ORD-5'"}",2026-07-07 15:17:13.861664-05,,
1171,1,UPDATE,orders,5,"{'"status'": '"waiting_for_modification_payment'", '"order_label'": '"ORD-5'"}","{'"status'": '"cancelled'", '"summary'": '"admin@cabinet.local changed ORD-5 (X Co.) status from waiting_for_modification_payment to cancelled.'", '"order_label'": '"ORD-5'"}",2026-07-07 15:17:17.109912-05,,
1172,1,UPDATE,orders,5,"{'"status'": '"cancelled'", '"order_label'": '"ORD-5'"}","{'"status'": '"pending'", '"summary'": '"admin@cabinet.local changed ORD-5 (X Co.) status from cancelled to pending.'", '"order_label'": '"ORD-5'"}",2026-07-07 15:17:18.505027-05,,
1173,1,UPDATE,orders,5,"{'"status'": '"pending'", '"order_label'": '"ORD-5'"}","{'"status'": '"processing'", '"summary'": '"admin@cabinet.local changed ORD-5 (X Co.) status from pending to processing.'", '"order_label'": '"ORD-5'"}",2026-07-07 15:17:20.886196-05,,
1174,1,UPDATE,orders,5,"{'"status'": '"processing'", '"order_label'": '"ORD-5'"}","{'"status'": '"pending'", '"summary'": '"admin@cabinet.local changed ORD-5 (X Co.) status from processing to pending.'", '"order_label'": '"ORD-5'"}",2026-07-07 15:17:22.07438-05,,
1175,2,CREATE,orders,6,,"{'"event'": '"customer_order'", '"summary'": '"X Co. placed ORD-6 for $894.'", '"dealer_name'": '"X Co.'", '"order_label'": '"ORD-6'", '"total_price'": 894.06}",2026-07-07 15:43:51.16317-05,,
1176,2,CREATE,orders,7,,"{'"event'": '"customer_order'", '"summary'": '"X Co. placed ORD-7 for $2,115.'", '"dealer_name'": '"X Co.'", '"order_label'": '"ORD-7'", '"total_price'": 2115.12}",2026-07-07 15:44:20.463724-05,,
